# vsim -c -L C:/questasim64_10.7c/uvm-1.2 -nodpiexports -wlf waves/vsim.wlf work.top -coverage -vopt -voptargs="+acc" -sva -l logs/random_sim.log -do "run -all; quit -f" "+UVM_TESTNAME=fifo_random_test" 
# Start time: 15:24:49 on Apr 22,2026
# ** Note: (vsim-8009) Loading existing optimized design _opt
# //  Questa Sim-64
# //  Version 10.7c win64 Aug 18 2018
# //
# //  Copyright 1991-2018 Mentor Graphics Corporation
# //  All Rights Reserved.
# //
# //  QuestaSim and its associated documentation contain trade
# //  secrets and commercial or financial information that are the property of
# //  Mentor Graphics Corporation and are privileged, confidential,
# //  and exempt from disclosure under the Freedom of Information Act,
# //  5 U.S.C. Section 552. Furthermore, this information
# //  is prohibited from disclosure under the Trade Secrets Act,
# //  18 U.S.C. Section 1905.
# //
# Loading sv_std.std
# Loading work.fifo_interface(fast)
# Loading C:/questasim64_10.7c/uvm-1.2.uvm_pkg
# Loading work.fifo_pkg(fast)
# Loading work.top(fast)
# Loading work.fifo_interface(fast)
# Loading work.fifo_top(fast)
# Loading C:/questasim64_10.7c/uvm-1.2.questa_uvm_pkg(fast)
# Loading C:/questasim64_10.7c/uvm-1.2\win64\uvm_dpi.dll
# ** Warning: (vsim-8634) Code was not compiled with coverage options.
# run -all
# UVM_INFO verilog_src/uvm-1.2/src/base/uvm_root.svh(392) @ 0: reporter [UVM/RELNOTES] 
# ----------------------------------------------------------------
# UVM-1.2
# (C) 2007-2014 Mentor Graphics Corporation
# (C) 2007-2014 Cadence Design Systems, Inc.
# (C) 2006-2014 Synopsys, Inc.
# (C) 2011-2013 Cypress Semiconductor Corp.
# (C) 2013-2014 NVIDIA Corporation
# ----------------------------------------------------------------
# 
#   ***********       IMPORTANT RELEASE NOTES         ************
# 
#   You are using a version of the UVM library that has been compiled
#   with `UVM_NO_DEPRECATED undefined.
#   See http://www.eda.org/svdb/view.php?id=3313 for more details.
# 
#   You are using a version of the UVM library that has been compiled
#   with `UVM_OBJECT_DO_NOT_NEED_CONSTRUCTOR undefined.
#   See http://www.eda.org/svdb/view.php?id=3770 for more details.
# 
#       (Specify +UVM_NO_RELNOTES to turn off this notice)
# 
# UVM_INFO verilog_src/questa_uvm_pkg-1.2/src/questa_uvm_pkg.sv(215) @ 0: reporter [Questa UVM] QUESTA_UVM-1.2.3
# UVM_INFO verilog_src/questa_uvm_pkg-1.2/src/questa_uvm_pkg.sv(216) @ 0: reporter [Questa UVM]  questa_uvm::init(+struct)
# UVM_INFO @ 0: reporter [RNTST] Running test fifo_random_test...
# UVM_INFO ../tb/agent/write_drv.sv(33) @ 0: uvm_test_top.env_h.agent_h.driver_h [FIFO_DRV] Driver transaction[1]
# +----------+-------+-----+----+-----+----+----+--------+--------+------+------+------+------+------+------+--------+--------+
# | SRC      | IDX   | RST | CS | REG | WR | RD | ADDR   | DATAIN | FULL | EMPTY| ALMF | ALME | OVFL | UDFL | DOUT   | RDATA  |
# +----------+-------+-----+----+-----+----+----+--------+--------+------+------+------+------+------+------+--------+--------+
# | DRV      | 1     |  0  | 0  |  0  | 0  | 0  | 0x00   | 0x00   |  0   |   0  |  0   |  0   |  0   |  0   | 0x00   | 0x00   |
# +----------+-------+-----+----+-----+----+----+--------+--------+------+------+------+------+------+------+--------+--------+
# UVM_INFO ../tb/env/reference_model.sv(158) @ 5000: reporter [FIFO_REF] Reference model transaction[1]
# +----------+-------+-----+----+-----+----+----+--------+--------+------+------+------+------+------+------+--------+--------+
# | SRC      | IDX   | RST | CS | REG | WR | RD | ADDR   | DATAIN | FULL | EMPTY| ALMF | ALME | OVFL | UDFL | DOUT   | RDATA  |
# +----------+-------+-----+----+-----+----+----+--------+--------+------+------+------+------+------+------+--------+--------+
# | REF_IN   | 1     |  0  | 0  |  0  | 0  | 0  | 0x00   | 0x00   |  0   |   1  |  0   |  1   |  0   |  0   | 0x00   | 0x00   |
# | REF_OUT  | 1     |  0  | 0  |  0  | 0  | 0  | 0x00   | 0x00   |  0   |   1  |  0   |  1   |  0   |  0   | 0x00   | 0x00   |
# +----------+-------+-----+----+-----+----+----+--------+--------+------+------+------+------+------+------+--------+--------+
# State: old_occ=0 new_occ=0 af=12 ae=4 fill=0 clr_pulse=0
# UVM_INFO ../tb/env/scoreboard.sv(71) @ 5000: uvm_test_top.env_h.scoreboard_h [FIFO_SB_CMP] Scoreboard compare[1]
# +----------+-------+-----+----+-----+----+----+--------+--------+------+------+------+------+------+------+--------+--------+
# | SRC      | IDX   | RST | CS | REG | WR | RD | ADDR   | DATAIN | FULL | EMPTY| ALMF | ALME | OVFL | UDFL | DOUT   | RDATA  |
# +----------+-------+-----+----+-----+----+----+--------+--------+------+------+------+------+------+------+--------+--------+
# | OBS      | 1     |  0  | 0  |  0  | 0  | 0  | 0x00   | 0x00   |  0   |   1  |  0   |  1   |  0   |  0   | 0x00   | 0x00   |
# | EXP      | 1     |  0  | 0  |  0  | 0  | 0  | 0x00   | 0x00   |  0   |   1  |  0   |  1   |  0   |  0   | 0x00   | 0x00   |
# +----------+-------+-----+----+-----+----+----+--------+--------+------+------+------+------+------+------+--------+--------+
# Result: PASS | pass_count=1 fail_count=0
# UVM_INFO ../tb/agent/read_monitor.sv(44) @ 5000: uvm_test_top.env_h.agent_h.monitor_h [FIFO_MON] Monitor transaction[1]
# +----------+-------+-----+----+-----+----+----+--------+--------+------+------+------+------+------+------+--------+--------+
# | SRC      | IDX   | RST | CS | REG | WR | RD | ADDR   | DATAIN | FULL | EMPTY| ALMF | ALME | OVFL | UDFL | DOUT   | RDATA  |
# +----------+-------+-----+----+-----+----+----+--------+--------+------+------+------+------+------+------+--------+--------+
# | MON      | 1     |  0  | 0  |  0  | 0  | 0  | 0x00   | 0x00   |  0   |   1  |  0   |  1   |  0   |  0   | 0x00   | 0x00   |
# +----------+-------+-----+----+-----+----+----+--------+--------+------+------+------+------+------+------+--------+--------+
# UVM_INFO ../tb/agent/write_drv.sv(33) @ 10000: uvm_test_top.env_h.agent_h.driver_h [FIFO_DRV] Driver transaction[2]
# +----------+-------+-----+----+-----+----+----+--------+--------+------+------+------+------+------+------+--------+--------+
# | SRC      | IDX   | RST | CS | REG | WR | RD | ADDR   | DATAIN | FULL | EMPTY| ALMF | ALME | OVFL | UDFL | DOUT   | RDATA  |
# +----------+-------+-----+----+-----+----+----+--------+--------+------+------+------+------+------+------+--------+--------+
# | DRV      | 2     |  0  | 0  |  0  | 0  | 0  | 0x00   | 0x00   |  0   |   0  |  0   |  0   |  0   |  0   | 0x00   | 0x00   |
# +----------+-------+-----+----+-----+----+----+--------+--------+------+------+------+------+------+------+--------+--------+
# UVM_INFO ../tb/env/reference_model.sv(158) @ 15000: reporter [FIFO_REF] Reference model transaction[2]
# +----------+-------+-----+----+-----+----+----+--------+--------+------+------+------+------+------+------+--------+--------+
# | SRC      | IDX   | RST | CS | REG | WR | RD | ADDR   | DATAIN | FULL | EMPTY| ALMF | ALME | OVFL | UDFL | DOUT   | RDATA  |
# +----------+-------+-----+----+-----+----+----+--------+--------+------+------+------+------+------+------+--------+--------+
# | REF_IN   | 2     |  0  | 0  |  0  | 0  | 0  | 0x00   | 0x00   |  0   |   1  |  0   |  1   |  0   |  0   | 0x00   | 0x00   |
# | REF_OUT  | 2     |  0  | 0  |  0  | 0  | 0  | 0x00   | 0x00   |  0   |   1  |  0   |  1   |  0   |  0   | 0x00   | 0x00   |
# +----------+-------+-----+----+-----+----+----+--------+--------+------+------+------+------+------+------+--------+--------+
# State: old_occ=0 new_occ=0 af=12 ae=4 fill=0 clr_pulse=0
# UVM_INFO ../tb/env/scoreboard.sv(71) @ 15000: uvm_test_top.env_h.scoreboard_h [FIFO_SB_CMP] Scoreboard compare[2]
# +----------+-------+-----+----+-----+----+----+--------+--------+------+------+------+------+------+------+--------+--------+
# | SRC      | IDX   | RST | CS | REG | WR | RD | ADDR   | DATAIN | FULL | EMPTY| ALMF | ALME | OVFL | UDFL | DOUT   | RDATA  |
# +----------+-------+-----+----+-----+----+----+--------+--------+------+------+------+------+------+------+--------+--------+
# | OBS      | 2     |  0  | 0  |  0  | 0  | 0  | 0x00   | 0x00   |  0   |   1  |  0   |  1   |  0   |  0   | 0x00   | 0x00   |
# | EXP      | 2     |  0  | 0  |  0  | 0  | 0  | 0x00   | 0x00   |  0   |   1  |  0   |  1   |  0   |  0   | 0x00   | 0x00   |
# +----------+-------+-----+----+-----+----+----+--------+--------+------+------+------+------+------+------+--------+--------+
# Result: PASS | pass_count=2 fail_count=0
# UVM_INFO ../tb/agent/read_monitor.sv(44) @ 15000: uvm_test_top.env_h.agent_h.monitor_h [FIFO_MON] Monitor transaction[2]
# +----------+-------+-----+----+-----+----+----+--------+--------+------+------+------+------+------+------+--------+--------+
# | SRC      | IDX   | RST | CS | REG | WR | RD | ADDR   | DATAIN | FULL | EMPTY| ALMF | ALME | OVFL | UDFL | DOUT   | RDATA  |
# +----------+-------+-----+----+-----+----+----+--------+--------+------+------+------+------+------+------+--------+--------+
# | MON      | 2     |  0  | 0  |  0  | 0  | 0  | 0x00   | 0x00   |  0   |   1  |  0   |  1   |  0   |  0   | 0x00   | 0x00   |
# +----------+-------+-----+----+-----+----+----+--------+--------+------+------+------+------+------+------+--------+--------+
# UVM_INFO ../tb/agent/write_drv.sv(33) @ 20000: uvm_test_top.env_h.agent_h.driver_h [FIFO_DRV] Driver transaction[3]
# +----------+-------+-----+----+-----+----+----+--------+--------+------+------+------+------+------+------+--------+--------+
# | SRC      | IDX   | RST | CS | REG | WR | RD | ADDR   | DATAIN | FULL | EMPTY| ALMF | ALME | OVFL | UDFL | DOUT   | RDATA  |
# +----------+-------+-----+----+-----+----+----+--------+--------+------+------+------+------+------+------+--------+--------+
# | DRV      | 3     |  0  | 0  |  0  | 0  | 0  | 0x00   | 0x00   |  0   |   0  |  0   |  0   |  0   |  0   | 0x00   | 0x00   |
# +----------+-------+-----+----+-----+----+----+--------+--------+------+------+------+------+------+------+--------+--------+
# UVM_INFO ../tb/env/reference_model.sv(158) @ 25000: reporter [FIFO_REF] Reference model transaction[3]
# +----------+-------+-----+----+-----+----+----+--------+--------+------+------+------+------+------+------+--------+--------+
# | SRC      | IDX   | RST | CS | REG | WR | RD | ADDR   | DATAIN | FULL | EMPTY| ALMF | ALME | OVFL | UDFL | DOUT   | RDATA  |
# +----------+-------+-----+----+-----+----+----+--------+--------+------+------+------+------+------+------+--------+--------+
# | REF_IN   | 3     |  0  | 0  |  0  | 0  | 0  | 0x00   | 0x00   |  0   |   1  |  0   |  1   |  0   |  0   | 0x00   | 0x00   |
# | REF_OUT  | 3     |  0  | 0  |  0  | 0  | 0  | 0x00   | 0x00   |  0   |   1  |  0   |  1   |  0   |  0   | 0x00   | 0x00   |
# +----------+-------+-----+----+-----+----+----+--------+--------+------+------+------+------+------+------+--------+--------+
# State: old_occ=0 new_occ=0 af=12 ae=4 fill=0 clr_pulse=0
# UVM_INFO ../tb/env/scoreboard.sv(71) @ 25000: uvm_test_top.env_h.scoreboard_h [FIFO_SB_CMP] Scoreboard compare[3]
# +----------+-------+-----+----+-----+----+----+--------+--------+------+------+------+------+------+------+--------+--------+
# | SRC      | IDX   | RST | CS | REG | WR | RD | ADDR   | DATAIN | FULL | EMPTY| ALMF | ALME | OVFL | UDFL | DOUT   | RDATA  |
# +----------+-------+-----+----+-----+----+----+--------+--------+------+------+------+------+------+------+--------+--------+
# | OBS      | 3     |  0  | 0  |  0  | 0  | 0  | 0x00   | 0x00   |  0   |   1  |  0   |  1   |  0   |  0   | 0x00   | 0x00   |
# | EXP      | 3     |  0  | 0  |  0  | 0  | 0  | 0x00   | 0x00   |  0   |   1  |  0   |  1   |  0   |  0   | 0x00   | 0x00   |
# +----------+-------+-----+----+-----+----+----+--------+--------+------+------+------+------+------+------+--------+--------+
# Result: PASS | pass_count=3 fail_count=0
# UVM_INFO ../tb/agent/read_monitor.sv(44) @ 25000: uvm_test_top.env_h.agent_h.monitor_h [FIFO_MON] Monitor transaction[3]
# +----------+-------+-----+----+-----+----+----+--------+--------+------+------+------+------+------+------+--------+--------+
# | SRC      | IDX   | RST | CS | REG | WR | RD | ADDR   | DATAIN | FULL | EMPTY| ALMF | ALME | OVFL | UDFL | DOUT   | RDATA  |
# +----------+-------+-----+----+-----+----+----+--------+--------+------+------+------+------+------+------+--------+--------+
# | MON      | 3     |  0  | 0  |  0  | 0  | 0  | 0x00   | 0x00   |  0   |   1  |  0   |  1   |  0   |  0   | 0x00   | 0x00   |
# +----------+-------+-----+----+-----+----+----+--------+--------+------+------+------+------+------+------+--------+--------+
# UVM_INFO ../tb/agent/write_drv.sv(33) @ 30000: uvm_test_top.env_h.agent_h.driver_h [FIFO_DRV] Driver transaction[4]
# +----------+-------+-----+----+-----+----+----+--------+--------+------+------+------+------+------+------+--------+--------+
# | SRC      | IDX   | RST | CS | REG | WR | RD | ADDR   | DATAIN | FULL | EMPTY| ALMF | ALME | OVFL | UDFL | DOUT   | RDATA  |
# +----------+-------+-----+----+-----+----+----+--------+--------+------+------+------+------+------+------+--------+--------+
# | DRV      | 4     |  1  | 0  |  0  | 0  | 0  | 0x00   | 0x00   |  0   |   0  |  0   |  0   |  0   |  0   | 0x00   | 0x00   |
# +----------+-------+-----+----+-----+----+----+--------+--------+------+------+------+------+------+------+--------+--------+
# UVM_INFO ../tb/env/reference_model.sv(158) @ 35000: reporter [FIFO_REF] Reference model transaction[4]
# +----------+-------+-----+----+-----+----+----+--------+--------+------+------+------+------+------+------+--------+--------+
# | SRC      | IDX   | RST | CS | REG | WR | RD | ADDR   | DATAIN | FULL | EMPTY| ALMF | ALME | OVFL | UDFL | DOUT   | RDATA  |
# +----------+-------+-----+----+-----+----+----+--------+--------+------+------+------+------+------+------+--------+--------+
# | REF_IN   | 4     |  1  | 0  |  0  | 0  | 0  | 0x00   | 0x00   |  0   |   1  |  0   |  1   |  0   |  0   | 0x00   | 0x00   |
# | REF_OUT  | 4     |  1  | 0  |  0  | 0  | 0  | 0x00   | 0x00   |  0   |   1  |  0   |  1   |  0   |  0   | 0x00   | 0x00   |
# +----------+-------+-----+----+-----+----+----+--------+--------+------+------+------+------+------+------+--------+--------+
# State: old_occ=0 new_occ=0 af=12 ae=4 fill=0 clr_pulse=0
# UVM_INFO ../tb/env/scoreboard.sv(71) @ 35000: uvm_test_top.env_h.scoreboard_h [FIFO_SB_CMP] Scoreboard compare[4]
# +----------+-------+-----+----+-----+----+----+--------+--------+------+------+------+------+------+------+--------+--------+
# | SRC      | IDX   | RST | CS | REG | WR | RD | ADDR   | DATAIN | FULL | EMPTY| ALMF | ALME | OVFL | UDFL | DOUT   | RDATA  |
# +----------+-------+-----+----+-----+----+----+--------+--------+------+------+------+------+------+------+--------+--------+
# | OBS      | 4     |  1  | 0  |  0  | 0  | 0  | 0x00   | 0x00   |  0   |   1  |  0   |  1   |  0   |  0   | 0x00   | 0x00   |
# | EXP      | 4     |  1  | 0  |  0  | 0  | 0  | 0x00   | 0x00   |  0   |   1  |  0   |  1   |  0   |  0   | 0x00   | 0x00   |
# +----------+-------+-----+----+-----+----+----+--------+--------+------+------+------+------+------+------+--------+--------+
# Result: PASS | pass_count=4 fail_count=0
# UVM_INFO ../tb/agent/read_monitor.sv(44) @ 35000: uvm_test_top.env_h.agent_h.monitor_h [FIFO_MON] Monitor transaction[4]
# +----------+-------+-----+----+-----+----+----+--------+--------+------+------+------+------+------+------+--------+--------+
# | SRC      | IDX   | RST | CS | REG | WR | RD | ADDR   | DATAIN | FULL | EMPTY| ALMF | ALME | OVFL | UDFL | DOUT   | RDATA  |
# +----------+-------+-----+----+-----+----+----+--------+--------+------+------+------+------+------+------+--------+--------+
# | MON      | 4     |  1  | 0  |  0  | 0  | 0  | 0x00   | 0x00   |  0   |   1  |  0   |  1   |  0   |  0   | 0x00   | 0x00   |
# +----------+-------+-----+----+-----+----+----+--------+--------+------+------+------+------+------+------+--------+--------+
# UVM_INFO ../tb/agent/write_drv.sv(33) @ 40000: uvm_test_top.env_h.agent_h.driver_h [FIFO_DRV] Driver transaction[5]
# +----------+-------+-----+----+-----+----+----+--------+--------+------+------+------+------+------+------+--------+--------+
# | SRC      | IDX   | RST | CS | REG | WR | RD | ADDR   | DATAIN | FULL | EMPTY| ALMF | ALME | OVFL | UDFL | DOUT   | RDATA  |
# +----------+-------+-----+----+-----+----+----+--------+--------+------+------+------+------+------+------+--------+--------+
# | DRV      | 5     |  1  | 0  |  0  | 1  | 1  | 0x00   | 0x1d   |  0   |   0  |  0   |  0   |  0   |  0   | 0x00   | 0x00   |
# +----------+-------+-----+----+-----+----+----+--------+--------+------+------+------+------+------+------+--------+--------+
# UVM_INFO ../tb/env/reference_model.sv(158) @ 45000: reporter [FIFO_REF] Reference model transaction[5]
# +----------+-------+-----+----+-----+----+----+--------+--------+------+------+------+------+------+------+--------+--------+
# | SRC      | IDX   | RST | CS | REG | WR | RD | ADDR   | DATAIN | FULL | EMPTY| ALMF | ALME | OVFL | UDFL | DOUT   | RDATA  |
# +----------+-------+-----+----+-----+----+----+--------+--------+------+------+------+------+------+------+--------+--------+
# | REF_IN   | 5     |  1  | 0  |  0  | 1  | 1  | 0x00   | 0x1d   |  0   |   1  |  0   |  1   |  0   |  0   | 0x00   | 0x00   |
# | REF_OUT  | 5     |  1  | 0  |  0  | 1  | 1  | 0x00   | 0x1d   |  0   |   1  |  0   |  1   |  0   |  0   | 0x00   | 0x00   |
# +----------+-------+-----+----+-----+----+----+--------+--------+------+------+------+------+------+------+--------+--------+
# State: old_occ=0 new_occ=0 af=12 ae=4 fill=0 clr_pulse=0
# UVM_INFO ../tb/env/scoreboard.sv(71) @ 45000: uvm_test_top.env_h.scoreboard_h [FIFO_SB_CMP] Scoreboard compare[5]
# +----------+-------+-----+----+-----+----+----+--------+--------+------+------+------+------+------+------+--------+--------+
# | SRC      | IDX   | RST | CS | REG | WR | RD | ADDR   | DATAIN | FULL | EMPTY| ALMF | ALME | OVFL | UDFL | DOUT   | RDATA  |
# +----------+-------+-----+----+-----+----+----+--------+--------+------+------+------+------+------+------+--------+--------+
# | OBS      | 5     |  1  | 0  |  0  | 1  | 1  | 0x00   | 0x1d   |  0   |   1  |  0   |  1   |  0   |  0   | 0x00   | 0x00   |
# | EXP      | 5     |  1  | 0  |  0  | 1  | 1  | 0x00   | 0x1d   |  0   |   1  |  0   |  1   |  0   |  0   | 0x00   | 0x00   |
# +----------+-------+-----+----+-----+----+----+--------+--------+------+------+------+------+------+------+--------+--------+
# Result: PASS | pass_count=5 fail_count=0
# UVM_INFO ../tb/agent/read_monitor.sv(44) @ 45000: uvm_test_top.env_h.agent_h.monitor_h [FIFO_MON] Monitor transaction[5]
# +----------+-------+-----+----+-----+----+----+--------+--------+------+------+------+------+------+------+--------+--------+
# | SRC      | IDX   | RST | CS | REG | WR | RD | ADDR   | DATAIN | FULL | EMPTY| ALMF | ALME | OVFL | UDFL | DOUT   | RDATA  |
# +----------+-------+-----+----+-----+----+----+--------+--------+------+------+------+------+------+------+--------+--------+
# | MON      | 5     |  1  | 0  |  0  | 1  | 1  | 0x00   | 0x1d   |  0   |   1  |  0   |  1   |  0   |  0   | 0x00   | 0x00   |
# +----------+-------+-----+----+-----+----+----+--------+--------+------+------+------+------+------+------+--------+--------+
# UVM_INFO ../tb/agent/write_drv.sv(33) @ 50000: uvm_test_top.env_h.agent_h.driver_h [FIFO_DRV] Driver transaction[6]
# +----------+-------+-----+----+-----+----+----+--------+--------+------+------+------+------+------+------+--------+--------+
# | SRC      | IDX   | RST | CS | REG | WR | RD | ADDR   | DATAIN | FULL | EMPTY| ALMF | ALME | OVFL | UDFL | DOUT   | RDATA  |
# +----------+-------+-----+----+-----+----+----+--------+--------+------+------+------+------+------+------+--------+--------+
# | DRV      | 6     |  1  | 1  |  0  | 1  | 0  | 0x00   | 0xab   |  0   |   0  |  0   |  0   |  0   |  0   | 0x00   | 0x00   |
# +----------+-------+-----+----+-----+----+----+--------+--------+------+------+------+------+------+------+--------+--------+
# UVM_INFO ../tb/env/reference_model.sv(158) @ 55000: reporter [FIFO_REF] Reference model transaction[6]
# +----------+-------+-----+----+-----+----+----+--------+--------+------+------+------+------+------+------+--------+--------+
# | SRC      | IDX   | RST | CS | REG | WR | RD | ADDR   | DATAIN | FULL | EMPTY| ALMF | ALME | OVFL | UDFL | DOUT   | RDATA  |
# +----------+-------+-----+----+-----+----+----+--------+--------+------+------+------+------+------+------+--------+--------+
# | REF_IN   | 6     |  1  | 1  |  0  | 1  | 0  | 0x00   | 0xab   |  0   |   0  |  0   |  1   |  0   |  0   | 0x00   | 0x00   |
# | REF_OUT  | 6     |  1  | 1  |  0  | 1  | 0  | 0x00   | 0xab   |  0   |   0  |  0   |  1   |  0   |  0   | 0x00   | 0x00   |
# +----------+-------+-----+----+-----+----+----+--------+--------+------+------+------+------+------+------+--------+--------+
# State: old_occ=0 new_occ=1 af=12 ae=4 fill=0 clr_pulse=0
# UVM_INFO ../tb/env/scoreboard.sv(71) @ 55000: uvm_test_top.env_h.scoreboard_h [FIFO_SB_CMP] Scoreboard compare[6]
# +----------+-------+-----+----+-----+----+----+--------+--------+------+------+------+------+------+------+--------+--------+
# | SRC      | IDX   | RST | CS | REG | WR | RD | ADDR   | DATAIN | FULL | EMPTY| ALMF | ALME | OVFL | UDFL | DOUT   | RDATA  |
# +----------+-------+-----+----+-----+----+----+--------+--------+------+------+------+------+------+------+--------+--------+
# | OBS      | 6     |  1  | 1  |  0  | 1  | 0  | 0x00   | 0xab   |  0   |   0  |  0   |  1   |  0   |  0   | 0x00   | 0x00   |
# | EXP      | 6     |  1  | 1  |  0  | 1  | 0  | 0x00   | 0xab   |  0   |   0  |  0   |  1   |  0   |  0   | 0x00   | 0x00   |
# +----------+-------+-----+----+-----+----+----+--------+--------+------+------+------+------+------+------+--------+--------+
# Result: PASS | pass_count=6 fail_count=0
# UVM_INFO ../tb/agent/read_monitor.sv(44) @ 55000: uvm_test_top.env_h.agent_h.monitor_h [FIFO_MON] Monitor transaction[6]
# +----------+-------+-----+----+-----+----+----+--------+--------+------+------+------+------+------+------+--------+--------+
# | SRC      | IDX   | RST | CS | REG | WR | RD | ADDR   | DATAIN | FULL | EMPTY| ALMF | ALME | OVFL | UDFL | DOUT   | RDATA  |
# +----------+-------+-----+----+-----+----+----+--------+--------+------+------+------+------+------+------+--------+--------+
# | MON      | 6     |  1  | 1  |  0  | 1  | 0  | 0x00   | 0xab   |  0   |   0  |  0   |  1   |  0   |  0   | 0x00   | 0x00   |
# +----------+-------+-----+----+-----+----+----+--------+--------+------+------+------+------+------+------+--------+--------+
# UVM_INFO ../tb/agent/write_drv.sv(33) @ 60000: uvm_test_top.env_h.agent_h.driver_h [FIFO_DRV] Driver transaction[7]
# +----------+-------+-----+----+-----+----+----+--------+--------+------+------+------+------+------+------+--------+--------+
# | SRC      | IDX   | RST | CS | REG | WR | RD | ADDR   | DATAIN | FULL | EMPTY| ALMF | ALME | OVFL | UDFL | DOUT   | RDATA  |
# +----------+-------+-----+----+-----+----+----+--------+--------+------+------+------+------+------+------+--------+--------+
# | DRV      | 7     |  1  | 1  |  1  | 0  | 1  | 0x0c   | 0xa6   |  0   |   0  |  0   |  0   |  0   |  0   | 0x00   | 0x00   |
# +----------+-------+-----+----+-----+----+----+--------+--------+------+------+------+------+------+------+--------+--------+
# UVM_INFO ../tb/env/reference_model.sv(158) @ 65000: reporter [FIFO_REF] Reference model transaction[7]
# +----------+-------+-----+----+-----+----+----+--------+--------+------+------+------+------+------+------+--------+--------+
# | SRC      | IDX   | RST | CS | REG | WR | RD | ADDR   | DATAIN | FULL | EMPTY| ALMF | ALME | OVFL | UDFL | DOUT   | RDATA  |
# +----------+-------+-----+----+-----+----+----+--------+--------+------+------+------+------+------+------+--------+--------+
# | REF_IN   | 7     |  1  | 1  |  1  | 0  | 1  | 0x0c   | 0xa6   |  0   |   0  |  0   |  1   |  0   |  0   | 0x00   | 0x04   |
# | REF_OUT  | 7     |  1  | 1  |  1  | 0  | 1  | 0x0c   | 0xa6   |  0   |   0  |  0   |  1   |  0   |  0   | 0x00   | 0x04   |
# +----------+-------+-----+----+-----+----+----+--------+--------+------+------+------+------+------+------+--------+--------+
# State: old_occ=1 new_occ=1 af=12 ae=4 fill=1 clr_pulse=0
# UVM_INFO ../tb/env/scoreboard.sv(71) @ 65000: uvm_test_top.env_h.scoreboard_h [FIFO_SB_CMP] Scoreboard compare[7]
# +----------+-------+-----+----+-----+----+----+--------+--------+------+------+------+------+------+------+--------+--------+
# | SRC      | IDX   | RST | CS | REG | WR | RD | ADDR   | DATAIN | FULL | EMPTY| ALMF | ALME | OVFL | UDFL | DOUT   | RDATA  |
# +----------+-------+-----+----+-----+----+----+--------+--------+------+------+------+------+------+------+--------+--------+
# | OBS      | 7     |  1  | 1  |  1  | 0  | 1  | 0x0c   | 0xa6   |  0   |   0  |  0   |  1   |  0   |  0   | 0x00   | 0x04   |
# | EXP      | 7     |  1  | 1  |  1  | 0  | 1  | 0x0c   | 0xa6   |  0   |   0  |  0   |  1   |  0   |  0   | 0x00   | 0x04   |
# +----------+-------+-----+----+-----+----+----+--------+--------+------+------+------+------+------+------+--------+--------+
# Result: PASS | pass_count=7 fail_count=0
# UVM_INFO ../tb/agent/read_monitor.sv(44) @ 65000: uvm_test_top.env_h.agent_h.monitor_h [FIFO_MON] Monitor transaction[7]
# +----------+-------+-----+----+-----+----+----+--------+--------+------+------+------+------+------+------+--------+--------+
# | SRC      | IDX   | RST | CS | REG | WR | RD | ADDR   | DATAIN | FULL | EMPTY| ALMF | ALME | OVFL | UDFL | DOUT   | RDATA  |
# +----------+-------+-----+----+-----+----+----+--------+--------+------+------+------+------+------+------+--------+--------+
# | MON      | 7     |  1  | 1  |  1  | 0  | 1  | 0x0c   | 0xa6   |  0   |   0  |  0   |  1   |  0   |  0   | 0x00   | 0x04   |
# +----------+-------+-----+----+-----+----+----+--------+--------+------+------+------+------+------+------+--------+--------+
# UVM_INFO ../tb/agent/write_drv.sv(33) @ 70000: uvm_test_top.env_h.agent_h.driver_h [FIFO_DRV] Driver transaction[8]
# +----------+-------+-----+----+-----+----+----+--------+--------+------+------+------+------+------+------+--------+--------+
# | SRC      | IDX   | RST | CS | REG | WR | RD | ADDR   | DATAIN | FULL | EMPTY| ALMF | ALME | OVFL | UDFL | DOUT   | RDATA  |
# +----------+-------+-----+----+-----+----+----+--------+--------+------+------+------+------+------+------+--------+--------+
# | DRV      | 8     |  1  | 1  |  0  | 1  | 1  | 0x00   | 0xd6   |  0   |   0  |  0   |  0   |  0   |  0   | 0x00   | 0x00   |
# +----------+-------+-----+----+-----+----+----+--------+--------+------+------+------+------+------+------+--------+--------+
# UVM_INFO ../tb/env/reference_model.sv(158) @ 75000: reporter [FIFO_REF] Reference model transaction[8]
# +----------+-------+-----+----+-----+----+----+--------+--------+------+------+------+------+------+------+--------+--------+
# | SRC      | IDX   | RST | CS | REG | WR | RD | ADDR   | DATAIN | FULL | EMPTY| ALMF | ALME | OVFL | UDFL | DOUT   | RDATA  |
# +----------+-------+-----+----+-----+----+----+--------+--------+------+------+------+------+------+------+--------+--------+
# | REF_IN   | 8     |  1  | 1  |  0  | 1  | 1  | 0x00   | 0xd6   |  0   |   0  |  0   |  1   |  0   |  0   | 0xab   | 0x00   |
# | REF_OUT  | 8     |  1  | 1  |  0  | 1  | 1  | 0x00   | 0xd6   |  0   |   0  |  0   |  1   |  0   |  0   | 0xab   | 0x00   |
# +----------+-------+-----+----+-----+----+----+--------+--------+------+------+------+------+------+------+--------+--------+
# State: old_occ=1 new_occ=1 af=12 ae=4 fill=1 clr_pulse=0
# UVM_INFO ../tb/env/scoreboard.sv(71) @ 75000: uvm_test_top.env_h.scoreboard_h [FIFO_SB_CMP] Scoreboard compare[8]
# +----------+-------+-----+----+-----+----+----+--------+--------+------+------+------+------+------+------+--------+--------+
# | SRC      | IDX   | RST | CS | REG | WR | RD | ADDR   | DATAIN | FULL | EMPTY| ALMF | ALME | OVFL | UDFL | DOUT   | RDATA  |
# +----------+-------+-----+----+-----+----+----+--------+--------+------+------+------+------+------+------+--------+--------+
# | OBS      | 8     |  1  | 1  |  0  | 1  | 1  | 0x00   | 0xd6   |  0   |   0  |  0   |  1   |  0   |  0   | 0xab   | 0x00   |
# | EXP      | 8     |  1  | 1  |  0  | 1  | 1  | 0x00   | 0xd6   |  0   |   0  |  0   |  1   |  0   |  0   | 0xab   | 0x00   |
# +----------+-------+-----+----+-----+----+----+--------+--------+------+------+------+------+------+------+--------+--------+
# Result: PASS | pass_count=8 fail_count=0
# UVM_INFO ../tb/agent/read_monitor.sv(44) @ 75000: uvm_test_top.env_h.agent_h.monitor_h [FIFO_MON] Monitor transaction[8]
# +----------+-------+-----+----+-----+----+----+--------+--------+------+------+------+------+------+------+--------+--------+
# | SRC      | IDX   | RST | CS | REG | WR | RD | ADDR   | DATAIN | FULL | EMPTY| ALMF | ALME | OVFL | UDFL | DOUT   | RDATA  |
# +----------+-------+-----+----+-----+----+----+--------+--------+------+------+------+------+------+------+--------+--------+
# | MON      | 8     |  1  | 1  |  0  | 1  | 1  | 0x00   | 0xd6   |  0   |   0  |  0   |  1   |  0   |  0   | 0xab   | 0x00   |
# +----------+-------+-----+----+-----+----+----+--------+--------+------+------+------+------+------+------+--------+--------+
# UVM_INFO ../tb/agent/write_drv.sv(33) @ 80000: uvm_test_top.env_h.agent_h.driver_h [FIFO_DRV] Driver transaction[9]
# +----------+-------+-----+----+-----+----+----+--------+--------+------+------+------+------+------+------+--------+--------+
# | SRC      | IDX   | RST | CS | REG | WR | RD | ADDR   | DATAIN | FULL | EMPTY| ALMF | ALME | OVFL | UDFL | DOUT   | RDATA  |
# +----------+-------+-----+----+-----+----+----+--------+--------+------+------+------+------+------+------+--------+--------+
# | DRV      | 9     |  1  | 1  |  1  | 1  | 1  | 0x08   | 0xef   |  0   |   0  |  0   |  0   |  0   |  0   | 0x00   | 0x00   |
# +----------+-------+-----+----+-----+----+----+--------+--------+------+------+------+------+------+------+--------+--------+
# UVM_INFO ../tb/env/reference_model.sv(158) @ 85000: reporter [FIFO_REF] Reference model transaction[9]
# +----------+-------+-----+----+-----+----+----+--------+--------+------+------+------+------+------+------+--------+--------+
# | SRC      | IDX   | RST | CS | REG | WR | RD | ADDR   | DATAIN | FULL | EMPTY| ALMF | ALME | OVFL | UDFL | DOUT   | RDATA  |
# +----------+-------+-----+----+-----+----+----+--------+--------+------+------+------+------+------+------+--------+--------+
# | REF_IN   | 9     |  1  | 1  |  1  | 1  | 1  | 0x08   | 0xef   |  0   |   0  |  0   |  1   |  0   |  0   | 0xab   | 0x0f   |
# | REF_OUT  | 9     |  1  | 1  |  1  | 1  | 1  | 0x08   | 0xef   |  0   |   0  |  0   |  1   |  0   |  0   | 0xab   | 0x0f   |
# +----------+-------+-----+----+-----+----+----+--------+--------+------+------+------+------+------+------+--------+--------+
# State: old_occ=1 new_occ=1 af=15 ae=4 fill=1 clr_pulse=0
# UVM_INFO ../tb/env/scoreboard.sv(71) @ 85000: uvm_test_top.env_h.scoreboard_h [FIFO_SB_CMP] Scoreboard compare[9]
# +----------+-------+-----+----+-----+----+----+--------+--------+------+------+------+------+------+------+--------+--------+
# | SRC      | IDX   | RST | CS | REG | WR | RD | ADDR   | DATAIN | FULL | EMPTY| ALMF | ALME | OVFL | UDFL | DOUT   | RDATA  |
# +----------+-------+-----+----+-----+----+----+--------+--------+------+------+------+------+------+------+--------+--------+
# | OBS      | 9     |  1  | 1  |  1  | 1  | 1  | 0x08   | 0xef   |  0   |   0  |  0   |  1   |  0   |  0   | 0xab   | 0x0f   |
# | EXP      | 9     |  1  | 1  |  1  | 1  | 1  | 0x08   | 0xef   |  0   |   0  |  0   |  1   |  0   |  0   | 0xab   | 0x0f   |
# +----------+-------+-----+----+-----+----+----+--------+--------+------+------+------+------+------+------+--------+--------+
# Result: PASS | pass_count=9 fail_count=0
# UVM_INFO ../tb/agent/read_monitor.sv(44) @ 85000: uvm_test_top.env_h.agent_h.monitor_h [FIFO_MON] Monitor transaction[9]
# +----------+-------+-----+----+-----+----+----+--------+--------+------+------+------+------+------+------+--------+--------+
# | SRC      | IDX   | RST | CS | REG | WR | RD | ADDR   | DATAIN | FULL | EMPTY| ALMF | ALME | OVFL | UDFL | DOUT   | RDATA  |
# +----------+-------+-----+----+-----+----+----+--------+--------+------+------+------+------+------+------+--------+--------+
# | MON      | 9     |  1  | 1  |  1  | 1  | 1  | 0x08   | 0xef   |  0   |   0  |  0   |  1   |  0   |  0   | 0xab   | 0x0f   |
# +----------+-------+-----+----+-----+----+----+--------+--------+------+------+------+------+------+------+--------+--------+
# UVM_INFO ../tb/agent/write_drv.sv(33) @ 90000: uvm_test_top.env_h.agent_h.driver_h [FIFO_DRV] Driver transaction[10]
# +----------+-------+-----+----+-----+----+----+--------+--------+------+------+------+------+------+------+--------+--------+
# | SRC      | IDX   | RST | CS | REG | WR | RD | ADDR   | DATAIN | FULL | EMPTY| ALMF | ALME | OVFL | UDFL | DOUT   | RDATA  |
# +----------+-------+-----+----+-----+----+----+--------+--------+------+------+------+------+------+------+--------+--------+
# | DRV      | 10    |  1  | 1  |  0  | 1  | 1  | 0x00   | 0xe4   |  0   |   0  |  0   |  0   |  0   |  0   | 0x00   | 0x00   |
# +----------+-------+-----+----+-----+----+----+--------+--------+------+------+------+------+------+------+--------+--------+
# UVM_INFO ../tb/env/reference_model.sv(158) @ 95000: reporter [FIFO_REF] Reference model transaction[10]
# +----------+-------+-----+----+-----+----+----+--------+--------+------+------+------+------+------+------+--------+--------+
# | SRC      | IDX   | RST | CS | REG | WR | RD | ADDR   | DATAIN | FULL | EMPTY| ALMF | ALME | OVFL | UDFL | DOUT   | RDATA  |
# +----------+-------+-----+----+-----+----+----+--------+--------+------+------+------+------+------+------+--------+--------+
# | REF_IN   | 10    |  1  | 1  |  0  | 1  | 1  | 0x00   | 0xe4   |  0   |   0  |  0   |  1   |  0   |  0   | 0xd6   | 0x00   |
# | REF_OUT  | 10    |  1  | 1  |  0  | 1  | 1  | 0x00   | 0xe4   |  0   |   0  |  0   |  1   |  0   |  0   | 0xd6   | 0x00   |
# +----------+-------+-----+----+-----+----+----+--------+--------+------+------+------+------+------+------+--------+--------+
# State: old_occ=1 new_occ=1 af=15 ae=4 fill=1 clr_pulse=0
# UVM_INFO ../tb/env/scoreboard.sv(71) @ 95000: uvm_test_top.env_h.scoreboard_h [FIFO_SB_CMP] Scoreboard compare[10]
# +----------+-------+-----+----+-----+----+----+--------+--------+------+------+------+------+------+------+--------+--------+
# | SRC      | IDX   | RST | CS | REG | WR | RD | ADDR   | DATAIN | FULL | EMPTY| ALMF | ALME | OVFL | UDFL | DOUT   | RDATA  |
# +----------+-------+-----+----+-----+----+----+--------+--------+------+------+------+------+------+------+--------+--------+
# | OBS      | 10    |  1  | 1  |  0  | 1  | 1  | 0x00   | 0xe4   |  0   |   0  |  0   |  1   |  0   |  0   | 0xd6   | 0x00   |
# | EXP      | 10    |  1  | 1  |  0  | 1  | 1  | 0x00   | 0xe4   |  0   |   0  |  0   |  1   |  0   |  0   | 0xd6   | 0x00   |
# +----------+-------+-----+----+-----+----+----+--------+--------+------+------+------+------+------+------+--------+--------+
# Result: PASS | pass_count=10 fail_count=0
# UVM_INFO ../tb/agent/read_monitor.sv(44) @ 95000: uvm_test_top.env_h.agent_h.monitor_h [FIFO_MON] Monitor transaction[10]
# +----------+-------+-----+----+-----+----+----+--------+--------+------+------+------+------+------+------+--------+--------+
# | SRC      | IDX   | RST | CS | REG | WR | RD | ADDR   | DATAIN | FULL | EMPTY| ALMF | ALME | OVFL | UDFL | DOUT   | RDATA  |
# +----------+-------+-----+----+-----+----+----+--------+--------+------+------+------+------+------+------+--------+--------+
# | MON      | 10    |  1  | 1  |  0  | 1  | 1  | 0x00   | 0xe4   |  0   |   0  |  0   |  1   |  0   |  0   | 0xd6   | 0x00   |
# +----------+-------+-----+----+-----+----+----+--------+--------+------+------+------+------+------+------+--------+--------+
# UVM_INFO ../tb/agent/write_drv.sv(33) @ 100000: uvm_test_top.env_h.agent_h.driver_h [FIFO_DRV] Driver transaction[11]
# +----------+-------+-----+----+-----+----+----+--------+--------+------+------+------+------+------+------+--------+--------+
# | SRC      | IDX   | RST | CS | REG | WR | RD | ADDR   | DATAIN | FULL | EMPTY| ALMF | ALME | OVFL | UDFL | DOUT   | RDATA  |
# +----------+-------+-----+----+-----+----+----+--------+--------+------+------+------+------+------+------+--------+--------+
# | DRV      | 11    |  1  | 0  |  0  | 1  | 1  | 0x00   | 0x04   |  0   |   0  |  0   |  0   |  0   |  0   | 0x00   | 0x00   |
# +----------+-------+-----+----+-----+----+----+--------+--------+------+------+------+------+------+------+--------+--------+
# UVM_INFO ../tb/env/reference_model.sv(158) @ 105000: reporter [FIFO_REF] Reference model transaction[11]
# +----------+-------+-----+----+-----+----+----+--------+--------+------+------+------+------+------+------+--------+--------+
# | SRC      | IDX   | RST | CS | REG | WR | RD | ADDR   | DATAIN | FULL | EMPTY| ALMF | ALME | OVFL | UDFL | DOUT   | RDATA  |
# +----------+-------+-----+----+-----+----+----+--------+--------+------+------+------+------+------+------+--------+--------+
# | REF_IN   | 11    |  1  | 0  |  0  | 1  | 1  | 0x00   | 0x04   |  0   |   0  |  0   |  1   |  0   |  0   | 0xd6   | 0x00   |
# | REF_OUT  | 11    |  1  | 0  |  0  | 1  | 1  | 0x00   | 0x04   |  0   |   0  |  0   |  1   |  0   |  0   | 0xd6   | 0x00   |
# +----------+-------+-----+----+-----+----+----+--------+--------+------+------+------+------+------+------+--------+--------+
# State: old_occ=1 new_occ=1 af=15 ae=4 fill=1 clr_pulse=0
# UVM_INFO ../tb/env/scoreboard.sv(71) @ 105000: uvm_test_top.env_h.scoreboard_h [FIFO_SB_CMP] Scoreboard compare[11]
# +----------+-------+-----+----+-----+----+----+--------+--------+------+------+------+------+------+------+--------+--------+
# | SRC      | IDX   | RST | CS | REG | WR | RD | ADDR   | DATAIN | FULL | EMPTY| ALMF | ALME | OVFL | UDFL | DOUT   | RDATA  |
# +----------+-------+-----+----+-----+----+----+--------+--------+------+------+------+------+------+------+--------+--------+
# | OBS      | 11    |  1  | 0  |  0  | 1  | 1  | 0x00   | 0x04   |  0   |   0  |  0   |  1   |  0   |  0   | 0xd6   | 0x00   |
# | EXP      | 11    |  1  | 0  |  0  | 1  | 1  | 0x00   | 0x04   |  0   |   0  |  0   |  1   |  0   |  0   | 0xd6   | 0x00   |
# +----------+-------+-----+----+-----+----+----+--------+--------+------+------+------+------+------+------+--------+--------+
# Result: PASS | pass_count=11 fail_count=0
# UVM_INFO ../tb/agent/read_monitor.sv(44) @ 105000: uvm_test_top.env_h.agent_h.monitor_h [FIFO_MON] Monitor transaction[11]
# +----------+-------+-----+----+-----+----+----+--------+--------+------+------+------+------+------+------+--------+--------+
# | SRC      | IDX   | RST | CS | REG | WR | RD | ADDR   | DATAIN | FULL | EMPTY| ALMF | ALME | OVFL | UDFL | DOUT   | RDATA  |
# +----------+-------+-----+----+-----+----+----+--------+--------+------+------+------+------+------+------+--------+--------+
# | MON      | 11    |  1  | 0  |  0  | 1  | 1  | 0x00   | 0x04   |  0   |   0  |  0   |  1   |  0   |  0   | 0xd6   | 0x00   |
# +----------+-------+-----+----+-----+----+----+--------+--------+------+------+------+------+------+------+--------+--------+
# UVM_INFO ../tb/agent/write_drv.sv(33) @ 110000: uvm_test_top.env_h.agent_h.driver_h [FIFO_DRV] Driver transaction[12]
# +----------+-------+-----+----+-----+----+----+--------+--------+------+------+------+------+------+------+--------+--------+
# | SRC      | IDX   | RST | CS | REG | WR | RD | ADDR   | DATAIN | FULL | EMPTY| ALMF | ALME | OVFL | UDFL | DOUT   | RDATA  |
# +----------+-------+-----+----+-----+----+----+--------+--------+------+------+------+------+------+------+--------+--------+
# | DRV      | 12    |  1  | 1  |  0  | 1  | 0  | 0x00   | 0x29   |  0   |   0  |  0   |  0   |  0   |  0   | 0x00   | 0x00   |
# +----------+-------+-----+----+-----+----+----+--------+--------+------+------+------+------+------+------+--------+--------+
# UVM_INFO ../tb/env/reference_model.sv(158) @ 115000: reporter [FIFO_REF] Reference model transaction[12]
# +----------+-------+-----+----+-----+----+----+--------+--------+------+------+------+------+------+------+--------+--------+
# | SRC      | IDX   | RST | CS | REG | WR | RD | ADDR   | DATAIN | FULL | EMPTY| ALMF | ALME | OVFL | UDFL | DOUT   | RDATA  |
# +----------+-------+-----+----+-----+----+----+--------+--------+------+------+------+------+------+------+--------+--------+
# | REF_IN   | 12    |  1  | 1  |  0  | 1  | 0  | 0x00   | 0x29   |  0   |   0  |  0   |  1   |  0   |  0   | 0xd6   | 0x00   |
# | REF_OUT  | 12    |  1  | 1  |  0  | 1  | 0  | 0x00   | 0x29   |  0   |   0  |  0   |  1   |  0   |  0   | 0xd6   | 0x00   |
# +----------+-------+-----+----+-----+----+----+--------+--------+------+------+------+------+------+------+--------+--------+
# State: old_occ=1 new_occ=2 af=15 ae=4 fill=1 clr_pulse=0
# UVM_INFO ../tb/env/scoreboard.sv(71) @ 115000: uvm_test_top.env_h.scoreboard_h [FIFO_SB_CMP] Scoreboard compare[12]
# +----------+-------+-----+----+-----+----+----+--------+--------+------+------+------+------+------+------+--------+--------+
# | SRC      | IDX   | RST | CS | REG | WR | RD | ADDR   | DATAIN | FULL | EMPTY| ALMF | ALME | OVFL | UDFL | DOUT   | RDATA  |
# +----------+-------+-----+----+-----+----+----+--------+--------+------+------+------+------+------+------+--------+--------+
# | OBS      | 12    |  1  | 1  |  0  | 1  | 0  | 0x00   | 0x29   |  0   |   0  |  0   |  1   |  0   |  0   | 0xd6   | 0x00   |
# | EXP      | 12    |  1  | 1  |  0  | 1  | 0  | 0x00   | 0x29   |  0   |   0  |  0   |  1   |  0   |  0   | 0xd6   | 0x00   |
# +----------+-------+-----+----+-----+----+----+--------+--------+------+------+------+------+------+------+--------+--------+
# Result: PASS | pass_count=12 fail_count=0
# UVM_INFO ../tb/agent/read_monitor.sv(44) @ 115000: uvm_test_top.env_h.agent_h.monitor_h [FIFO_MON] Monitor transaction[12]
# +----------+-------+-----+----+-----+----+----+--------+--------+------+------+------+------+------+------+--------+--------+
# | SRC      | IDX   | RST | CS | REG | WR | RD | ADDR   | DATAIN | FULL | EMPTY| ALMF | ALME | OVFL | UDFL | DOUT   | RDATA  |
# +----------+-------+-----+----+-----+----+----+--------+--------+------+------+------+------+------+------+--------+--------+
# | MON      | 12    |  1  | 1  |  0  | 1  | 0  | 0x00   | 0x29   |  0   |   0  |  0   |  1   |  0   |  0   | 0xd6   | 0x00   |
# +----------+-------+-----+----+-----+----+----+--------+--------+------+------+------+------+------+------+--------+--------+
# UVM_INFO ../tb/agent/write_drv.sv(33) @ 120000: uvm_test_top.env_h.agent_h.driver_h [FIFO_DRV] Driver transaction[13]
# +----------+-------+-----+----+-----+----+----+--------+--------+------+------+------+------+------+------+--------+--------+
# | SRC      | IDX   | RST | CS | REG | WR | RD | ADDR   | DATAIN | FULL | EMPTY| ALMF | ALME | OVFL | UDFL | DOUT   | RDATA  |
# +----------+-------+-----+----+-----+----+----+--------+--------+------+------+------+------+------+------+--------+--------+
# | DRV      | 13    |  1  | 1  |  1  | 0  | 1  | 0x04   | 0x16   |  0   |   0  |  0   |  0   |  0   |  0   | 0x00   | 0x00   |
# +----------+-------+-----+----+-----+----+----+--------+--------+------+------+------+------+------+------+--------+--------+
# UVM_INFO ../tb/env/reference_model.sv(158) @ 125000: reporter [FIFO_REF] Reference model transaction[13]
# +----------+-------+-----+----+-----+----+----+--------+--------+------+------+------+------+------+------+--------+--------+
# | SRC      | IDX   | RST | CS | REG | WR | RD | ADDR   | DATAIN | FULL | EMPTY| ALMF | ALME | OVFL | UDFL | DOUT   | RDATA  |
# +----------+-------+-----+----+-----+----+----+--------+--------+------+------+------+------+------+------+--------+--------+
# | REF_IN   | 13    |  1  | 1  |  1  | 0  | 1  | 0x04   | 0x16   |  0   |   0  |  0   |  1   |  0   |  0   | 0xd6   | 0x08   |
# | REF_OUT  | 13    |  1  | 1  |  1  | 0  | 1  | 0x04   | 0x16   |  0   |   0  |  0   |  1   |  0   |  0   | 0xd6   | 0x08   |
# +----------+-------+-----+----+-----+----+----+--------+--------+------+------+------+------+------+------+--------+--------+
# State: old_occ=2 new_occ=2 af=15 ae=4 fill=2 clr_pulse=0
# UVM_INFO ../tb/env/scoreboard.sv(71) @ 125000: uvm_test_top.env_h.scoreboard_h [FIFO_SB_CMP] Scoreboard compare[13]
# +----------+-------+-----+----+-----+----+----+--------+--------+------+------+------+------+------+------+--------+--------+
# | SRC      | IDX   | RST | CS | REG | WR | RD | ADDR   | DATAIN | FULL | EMPTY| ALMF | ALME | OVFL | UDFL | DOUT   | RDATA  |
# +----------+-------+-----+----+-----+----+----+--------+--------+------+------+------+------+------+------+--------+--------+
# | OBS      | 13    |  1  | 1  |  1  | 0  | 1  | 0x04   | 0x16   |  0   |   0  |  0   |  1   |  0   |  0   | 0xd6   | 0x08   |
# | EXP      | 13    |  1  | 1  |  1  | 0  | 1  | 0x04   | 0x16   |  0   |   0  |  0   |  1   |  0   |  0   | 0xd6   | 0x08   |
# +----------+-------+-----+----+-----+----+----+--------+--------+------+------+------+------+------+------+--------+--------+
# Result: PASS | pass_count=13 fail_count=0
# UVM_INFO ../tb/agent/read_monitor.sv(44) @ 125000: uvm_test_top.env_h.agent_h.monitor_h [FIFO_MON] Monitor transaction[13]
# +----------+-------+-----+----+-----+----+----+--------+--------+------+------+------+------+------+------+--------+--------+
# | SRC      | IDX   | RST | CS | REG | WR | RD | ADDR   | DATAIN | FULL | EMPTY| ALMF | ALME | OVFL | UDFL | DOUT   | RDATA  |
# +----------+-------+-----+----+-----+----+----+--------+--------+------+------+------+------+------+------+--------+--------+
# | MON      | 13    |  1  | 1  |  1  | 0  | 1  | 0x04   | 0x16   |  0   |   0  |  0   |  1   |  0   |  0   | 0xd6   | 0x08   |
# +----------+-------+-----+----+-----+----+----+--------+--------+------+------+------+------+------+------+--------+--------+
# UVM_INFO ../tb/agent/write_drv.sv(33) @ 130000: uvm_test_top.env_h.agent_h.driver_h [FIFO_DRV] Driver transaction[14]
# +----------+-------+-----+----+-----+----+----+--------+--------+------+------+------+------+------+------+--------+--------+
# | SRC      | IDX   | RST | CS | REG | WR | RD | ADDR   | DATAIN | FULL | EMPTY| ALMF | ALME | OVFL | UDFL | DOUT   | RDATA  |
# +----------+-------+-----+----+-----+----+----+--------+--------+------+------+------+------+------+------+--------+--------+
# | DRV      | 14    |  1  | 1  |  1  | 1  | 1  | 0x04   | 0xf8   |  0   |   0  |  0   |  0   |  0   |  0   | 0x00   | 0x00   |
# +----------+-------+-----+----+-----+----+----+--------+--------+------+------+------+------+------+------+--------+--------+
# UVM_INFO ../tb/env/reference_model.sv(158) @ 135000: reporter [FIFO_REF] Reference model transaction[14]
# +----------+-------+-----+----+-----+----+----+--------+--------+------+------+------+------+------+------+--------+--------+
# | SRC      | IDX   | RST | CS | REG | WR | RD | ADDR   | DATAIN | FULL | EMPTY| ALMF | ALME | OVFL | UDFL | DOUT   | RDATA  |
# +----------+-------+-----+----+-----+----+----+--------+--------+------+------+------+------+------+------+--------+--------+
# | REF_IN   | 14    |  1  | 1  |  1  | 1  | 1  | 0x04   | 0xf8   |  0   |   0  |  0   |  1   |  0   |  0   | 0xd6   | 0x08   |
# | REF_OUT  | 14    |  1  | 1  |  1  | 1  | 1  | 0x04   | 0xf8   |  0   |   0  |  0   |  1   |  0   |  0   | 0xd6   | 0x08   |
# +----------+-------+-----+----+-----+----+----+--------+--------+------+------+------+------+------+------+--------+--------+
# State: old_occ=2 new_occ=2 af=15 ae=4 fill=2 clr_pulse=0
# UVM_INFO ../tb/env/scoreboard.sv(71) @ 135000: uvm_test_top.env_h.scoreboard_h [FIFO_SB_CMP] Scoreboard compare[14]
# +----------+-------+-----+----+-----+----+----+--------+--------+------+------+------+------+------+------+--------+--------+
# | SRC      | IDX   | RST | CS | REG | WR | RD | ADDR   | DATAIN | FULL | EMPTY| ALMF | ALME | OVFL | UDFL | DOUT   | RDATA  |
# +----------+-------+-----+----+-----+----+----+--------+--------+------+------+------+------+------+------+--------+--------+
# | OBS      | 14    |  1  | 1  |  1  | 1  | 1  | 0x04   | 0xf8   |  0   |   0  |  0   |  1   |  0   |  0   | 0xd6   | 0x08   |
# | EXP      | 14    |  1  | 1  |  1  | 1  | 1  | 0x04   | 0xf8   |  0   |   0  |  0   |  1   |  0   |  0   | 0xd6   | 0x08   |
# +----------+-------+-----+----+-----+----+----+--------+--------+------+------+------+------+------+------+--------+--------+
# Result: PASS | pass_count=14 fail_count=0
# UVM_INFO ../tb/agent/read_monitor.sv(44) @ 135000: uvm_test_top.env_h.agent_h.monitor_h [FIFO_MON] Monitor transaction[14]
# +----------+-------+-----+----+-----+----+----+--------+--------+------+------+------+------+------+------+--------+--------+
# | SRC      | IDX   | RST | CS | REG | WR | RD | ADDR   | DATAIN | FULL | EMPTY| ALMF | ALME | OVFL | UDFL | DOUT   | RDATA  |
# +----------+-------+-----+----+-----+----+----+--------+--------+------+------+------+------+------+------+--------+--------+
# | MON      | 14    |  1  | 1  |  1  | 1  | 1  | 0x04   | 0xf8   |  0   |   0  |  0   |  1   |  0   |  0   | 0xd6   | 0x08   |
# +----------+-------+-----+----+-----+----+----+--------+--------+------+------+------+------+------+------+--------+--------+
# UVM_INFO ../tb/agent/write_drv.sv(33) @ 140000: uvm_test_top.env_h.agent_h.driver_h [FIFO_DRV] Driver transaction[15]
# +----------+-------+-----+----+-----+----+----+--------+--------+------+------+------+------+------+------+--------+--------+
# | SRC      | IDX   | RST | CS | REG | WR | RD | ADDR   | DATAIN | FULL | EMPTY| ALMF | ALME | OVFL | UDFL | DOUT   | RDATA  |
# +----------+-------+-----+----+-----+----+----+--------+--------+------+------+------+------+------+------+--------+--------+
# | DRV      | 15    |  1  | 1  |  0  | 0  | 0  | 0x00   | 0xd9   |  0   |   0  |  0   |  0   |  0   |  0   | 0x00   | 0x00   |
# +----------+-------+-----+----+-----+----+----+--------+--------+------+------+------+------+------+------+--------+--------+
# UVM_INFO ../tb/env/reference_model.sv(158) @ 145000: reporter [FIFO_REF] Reference model transaction[15]
# +----------+-------+-----+----+-----+----+----+--------+--------+------+------+------+------+------+------+--------+--------+
# | SRC      | IDX   | RST | CS | REG | WR | RD | ADDR   | DATAIN | FULL | EMPTY| ALMF | ALME | OVFL | UDFL | DOUT   | RDATA  |
# +----------+-------+-----+----+-----+----+----+--------+--------+------+------+------+------+------+------+--------+--------+
# | REF_IN   | 15    |  1  | 1  |  0  | 0  | 0  | 0x00   | 0xd9   |  0   |   0  |  0   |  1   |  0   |  0   | 0xd6   | 0x00   |
# | REF_OUT  | 15    |  1  | 1  |  0  | 0  | 0  | 0x00   | 0xd9   |  0   |   0  |  0   |  1   |  0   |  0   | 0xd6   | 0x00   |
# +----------+-------+-----+----+-----+----+----+--------+--------+------+------+------+------+------+------+--------+--------+
# State: old_occ=2 new_occ=2 af=15 ae=4 fill=2 clr_pulse=0
# UVM_INFO ../tb/env/scoreboard.sv(71) @ 145000: uvm_test_top.env_h.scoreboard_h [FIFO_SB_CMP] Scoreboard compare[15]
# +----------+-------+-----+----+-----+----+----+--------+--------+------+------+------+------+------+------+--------+--------+
# | SRC      | IDX   | RST | CS | REG | WR | RD | ADDR   | DATAIN | FULL | EMPTY| ALMF | ALME | OVFL | UDFL | DOUT   | RDATA  |
# +----------+-------+-----+----+-----+----+----+--------+--------+------+------+------+------+------+------+--------+--------+
# | OBS      | 15    |  1  | 1  |  0  | 0  | 0  | 0x00   | 0xd9   |  0   |   0  |  0   |  1   |  0   |  0   | 0xd6   | 0x00   |
# | EXP      | 15    |  1  | 1  |  0  | 0  | 0  | 0x00   | 0xd9   |  0   |   0  |  0   |  1   |  0   |  0   | 0xd6   | 0x00   |
# +----------+-------+-----+----+-----+----+----+--------+--------+------+------+------+------+------+------+--------+--------+
# Result: PASS | pass_count=15 fail_count=0
# UVM_INFO ../tb/agent/read_monitor.sv(44) @ 145000: uvm_test_top.env_h.agent_h.monitor_h [FIFO_MON] Monitor transaction[15]
# +----------+-------+-----+----+-----+----+----+--------+--------+------+------+------+------+------+------+--------+--------+
# | SRC      | IDX   | RST | CS | REG | WR | RD | ADDR   | DATAIN | FULL | EMPTY| ALMF | ALME | OVFL | UDFL | DOUT   | RDATA  |
# +----------+-------+-----+----+-----+----+----+--------+--------+------+------+------+------+------+------+--------+--------+
# | MON      | 15    |  1  | 1  |  0  | 0  | 0  | 0x00   | 0xd9   |  0   |   0  |  0   |  1   |  0   |  0   | 0xd6   | 0x00   |
# +----------+-------+-----+----+-----+----+----+--------+--------+------+------+------+------+------+------+--------+--------+
# UVM_INFO ../tb/agent/write_drv.sv(33) @ 150000: uvm_test_top.env_h.agent_h.driver_h [FIFO_DRV] Driver transaction[16]
# +----------+-------+-----+----+-----+----+----+--------+--------+------+------+------+------+------+------+--------+--------+
# | SRC      | IDX   | RST | CS | REG | WR | RD | ADDR   | DATAIN | FULL | EMPTY| ALMF | ALME | OVFL | UDFL | DOUT   | RDATA  |
# +----------+-------+-----+----+-----+----+----+--------+--------+------+------+------+------+------+------+--------+--------+
# | DRV      | 16    |  1  | 1  |  0  | 1  | 1  | 0x00   | 0x38   |  0   |   0  |  0   |  0   |  0   |  0   | 0x00   | 0x00   |
# +----------+-------+-----+----+-----+----+----+--------+--------+------+------+------+------+------+------+--------+--------+
# UVM_INFO ../tb/env/reference_model.sv(158) @ 155000: reporter [FIFO_REF] Reference model transaction[16]
# +----------+-------+-----+----+-----+----+----+--------+--------+------+------+------+------+------+------+--------+--------+
# | SRC      | IDX   | RST | CS | REG | WR | RD | ADDR   | DATAIN | FULL | EMPTY| ALMF | ALME | OVFL | UDFL | DOUT   | RDATA  |
# +----------+-------+-----+----+-----+----+----+--------+--------+------+------+------+------+------+------+--------+--------+
# | REF_IN   | 16    |  1  | 1  |  0  | 1  | 1  | 0x00   | 0x38   |  0   |   0  |  0   |  1   |  0   |  0   | 0xe4   | 0x00   |
# | REF_OUT  | 16    |  1  | 1  |  0  | 1  | 1  | 0x00   | 0x38   |  0   |   0  |  0   |  1   |  0   |  0   | 0xe4   | 0x00   |
# +----------+-------+-----+----+-----+----+----+--------+--------+------+------+------+------+------+------+--------+--------+
# State: old_occ=2 new_occ=2 af=15 ae=4 fill=2 clr_pulse=0
# UVM_INFO ../tb/env/scoreboard.sv(71) @ 155000: uvm_test_top.env_h.scoreboard_h [FIFO_SB_CMP] Scoreboard compare[16]
# +----------+-------+-----+----+-----+----+----+--------+--------+------+------+------+------+------+------+--------+--------+
# | SRC      | IDX   | RST | CS | REG | WR | RD | ADDR   | DATAIN | FULL | EMPTY| ALMF | ALME | OVFL | UDFL | DOUT   | RDATA  |
# +----------+-------+-----+----+-----+----+----+--------+--------+------+------+------+------+------+------+--------+--------+
# | OBS      | 16    |  1  | 1  |  0  | 1  | 1  | 0x00   | 0x38   |  0   |   0  |  0   |  1   |  0   |  0   | 0xe4   | 0x00   |
# | EXP      | 16    |  1  | 1  |  0  | 1  | 1  | 0x00   | 0x38   |  0   |   0  |  0   |  1   |  0   |  0   | 0xe4   | 0x00   |
# +----------+-------+-----+----+-----+----+----+--------+--------+------+------+------+------+------+------+--------+--------+
# Result: PASS | pass_count=16 fail_count=0
# UVM_INFO ../tb/agent/read_monitor.sv(44) @ 155000: uvm_test_top.env_h.agent_h.monitor_h [FIFO_MON] Monitor transaction[16]
# +----------+-------+-----+----+-----+----+----+--------+--------+------+------+------+------+------+------+--------+--------+
# | SRC      | IDX   | RST | CS | REG | WR | RD | ADDR   | DATAIN | FULL | EMPTY| ALMF | ALME | OVFL | UDFL | DOUT   | RDATA  |
# +----------+-------+-----+----+-----+----+----+--------+--------+------+------+------+------+------+------+--------+--------+
# | MON      | 16    |  1  | 1  |  0  | 1  | 1  | 0x00   | 0x38   |  0   |   0  |  0   |  1   |  0   |  0   | 0xe4   | 0x00   |
# +----------+-------+-----+----+-----+----+----+--------+--------+------+------+------+------+------+------+--------+--------+
# UVM_INFO ../tb/agent/write_drv.sv(33) @ 160000: uvm_test_top.env_h.agent_h.driver_h [FIFO_DRV] Driver transaction[17]
# +----------+-------+-----+----+-----+----+----+--------+--------+------+------+------+------+------+------+--------+--------+
# | SRC      | IDX   | RST | CS | REG | WR | RD | ADDR   | DATAIN | FULL | EMPTY| ALMF | ALME | OVFL | UDFL | DOUT   | RDATA  |
# +----------+-------+-----+----+-----+----+----+--------+--------+------+------+------+------+------+------+--------+--------+
# | DRV      | 17    |  1  | 1  |  0  | 1  | 0  | 0x00   | 0x78   |  0   |   0  |  0   |  0   |  0   |  0   | 0x00   | 0x00   |
# +----------+-------+-----+----+-----+----+----+--------+--------+------+------+------+------+------+------+--------+--------+
# UVM_INFO ../tb/env/reference_model.sv(158) @ 165000: reporter [FIFO_REF] Reference model transaction[17]
# +----------+-------+-----+----+-----+----+----+--------+--------+------+------+------+------+------+------+--------+--------+
# | SRC      | IDX   | RST | CS | REG | WR | RD | ADDR   | DATAIN | FULL | EMPTY| ALMF | ALME | OVFL | UDFL | DOUT   | RDATA  |
# +----------+-------+-----+----+-----+----+----+--------+--------+------+------+------+------+------+------+--------+--------+
# | REF_IN   | 17    |  1  | 1  |  0  | 1  | 0  | 0x00   | 0x78   |  0   |   0  |  0   |  1   |  0   |  0   | 0xe4   | 0x00   |
# | REF_OUT  | 17    |  1  | 1  |  0  | 1  | 0  | 0x00   | 0x78   |  0   |   0  |  0   |  1   |  0   |  0   | 0xe4   | 0x00   |
# +----------+-------+-----+----+-----+----+----+--------+--------+------+------+------+------+------+------+--------+--------+
# State: old_occ=2 new_occ=3 af=15 ae=4 fill=2 clr_pulse=0
# UVM_INFO ../tb/env/scoreboard.sv(71) @ 165000: uvm_test_top.env_h.scoreboard_h [FIFO_SB_CMP] Scoreboard compare[17]
# +----------+-------+-----+----+-----+----+----+--------+--------+------+------+------+------+------+------+--------+--------+
# | SRC      | IDX   | RST | CS | REG | WR | RD | ADDR   | DATAIN | FULL | EMPTY| ALMF | ALME | OVFL | UDFL | DOUT   | RDATA  |
# +----------+-------+-----+----+-----+----+----+--------+--------+------+------+------+------+------+------+--------+--------+
# | OBS      | 17    |  1  | 1  |  0  | 1  | 0  | 0x00   | 0x78   |  0   |   0  |  0   |  1   |  0   |  0   | 0xe4   | 0x00   |
# | EXP      | 17    |  1  | 1  |  0  | 1  | 0  | 0x00   | 0x78   |  0   |   0  |  0   |  1   |  0   |  0   | 0xe4   | 0x00   |
# +----------+-------+-----+----+-----+----+----+--------+--------+------+------+------+------+------+------+--------+--------+
# Result: PASS | pass_count=17 fail_count=0
# UVM_INFO ../tb/agent/read_monitor.sv(44) @ 165000: uvm_test_top.env_h.agent_h.monitor_h [FIFO_MON] Monitor transaction[17]
# +----------+-------+-----+----+-----+----+----+--------+--------+------+------+------+------+------+------+--------+--------+
# | SRC      | IDX   | RST | CS | REG | WR | RD | ADDR   | DATAIN | FULL | EMPTY| ALMF | ALME | OVFL | UDFL | DOUT   | RDATA  |
# +----------+-------+-----+----+-----+----+----+--------+--------+------+------+------+------+------+------+--------+--------+
# | MON      | 17    |  1  | 1  |  0  | 1  | 0  | 0x00   | 0x78   |  0   |   0  |  0   |  1   |  0   |  0   | 0xe4   | 0x00   |
# +----------+-------+-----+----+-----+----+----+--------+--------+------+------+------+------+------+------+--------+--------+
# UVM_INFO ../tb/agent/write_drv.sv(33) @ 170000: uvm_test_top.env_h.agent_h.driver_h [FIFO_DRV] Driver transaction[18]
# +----------+-------+-----+----+-----+----+----+--------+--------+------+------+------+------+------+------+--------+--------+
# | SRC      | IDX   | RST | CS | REG | WR | RD | ADDR   | DATAIN | FULL | EMPTY| ALMF | ALME | OVFL | UDFL | DOUT   | RDATA  |
# +----------+-------+-----+----+-----+----+----+--------+--------+------+------+------+------+------+------+--------+--------+
# | DRV      | 18    |  1  | 0  |  0  | 0  | 1  | 0x00   | 0x2a   |  0   |   0  |  0   |  0   |  0   |  0   | 0x00   | 0x00   |
# +----------+-------+-----+----+-----+----+----+--------+--------+------+------+------+------+------+------+--------+--------+
# UVM_INFO ../tb/env/reference_model.sv(158) @ 175000: reporter [FIFO_REF] Reference model transaction[18]
# +----------+-------+-----+----+-----+----+----+--------+--------+------+------+------+------+------+------+--------+--------+
# | SRC      | IDX   | RST | CS | REG | WR | RD | ADDR   | DATAIN | FULL | EMPTY| ALMF | ALME | OVFL | UDFL | DOUT   | RDATA  |
# +----------+-------+-----+----+-----+----+----+--------+--------+------+------+------+------+------+------+--------+--------+
# | REF_IN   | 18    |  1  | 0  |  0  | 0  | 1  | 0x00   | 0x2a   |  0   |   0  |  0   |  1   |  0   |  0   | 0xe4   | 0x00   |
# | REF_OUT  | 18    |  1  | 0  |  0  | 0  | 1  | 0x00   | 0x2a   |  0   |   0  |  0   |  1   |  0   |  0   | 0xe4   | 0x00   |
# +----------+-------+-----+----+-----+----+----+--------+--------+------+------+------+------+------+------+--------+--------+
# State: old_occ=3 new_occ=3 af=15 ae=4 fill=2 clr_pulse=0
# UVM_INFO ../tb/env/scoreboard.sv(71) @ 175000: uvm_test_top.env_h.scoreboard_h [FIFO_SB_CMP] Scoreboard compare[18]
# +----------+-------+-----+----+-----+----+----+--------+--------+------+------+------+------+------+------+--------+--------+
# | SRC      | IDX   | RST | CS | REG | WR | RD | ADDR   | DATAIN | FULL | EMPTY| ALMF | ALME | OVFL | UDFL | DOUT   | RDATA  |
# +----------+-------+-----+----+-----+----+----+--------+--------+------+------+------+------+------+------+--------+--------+
# | OBS      | 18    |  1  | 0  |  0  | 0  | 1  | 0x00   | 0x2a   |  0   |   0  |  0   |  1   |  0   |  0   | 0xe4   | 0x00   |
# | EXP      | 18    |  1  | 0  |  0  | 0  | 1  | 0x00   | 0x2a   |  0   |   0  |  0   |  1   |  0   |  0   | 0xe4   | 0x00   |
# +----------+-------+-----+----+-----+----+----+--------+--------+------+------+------+------+------+------+--------+--------+
# Result: PASS | pass_count=18 fail_count=0
# UVM_INFO ../tb/agent/read_monitor.sv(44) @ 175000: uvm_test_top.env_h.agent_h.monitor_h [FIFO_MON] Monitor transaction[18]
# +----------+-------+-----+----+-----+----+----+--------+--------+------+------+------+------+------+------+--------+--------+
# | SRC      | IDX   | RST | CS | REG | WR | RD | ADDR   | DATAIN | FULL | EMPTY| ALMF | ALME | OVFL | UDFL | DOUT   | RDATA  |
# +----------+-------+-----+----+-----+----+----+--------+--------+------+------+------+------+------+------+--------+--------+
# | MON      | 18    |  1  | 0  |  0  | 0  | 1  | 0x00   | 0x2a   |  0   |   0  |  0   |  1   |  0   |  0   | 0xe4   | 0x00   |
# +----------+-------+-----+----+-----+----+----+--------+--------+------+------+------+------+------+------+--------+--------+
# UVM_INFO ../tb/agent/write_drv.sv(33) @ 180000: uvm_test_top.env_h.agent_h.driver_h [FIFO_DRV] Driver transaction[19]
# +----------+-------+-----+----+-----+----+----+--------+--------+------+------+------+------+------+------+--------+--------+
# | SRC      | IDX   | RST | CS | REG | WR | RD | ADDR   | DATAIN | FULL | EMPTY| ALMF | ALME | OVFL | UDFL | DOUT   | RDATA  |
# +----------+-------+-----+----+-----+----+----+--------+--------+------+------+------+------+------+------+--------+--------+
# | DRV      | 19    |  1  | 1  |  0  | 0  | 1  | 0x00   | 0x2d   |  0   |   0  |  0   |  0   |  0   |  0   | 0x00   | 0x00   |
# +----------+-------+-----+----+-----+----+----+--------+--------+------+------+------+------+------+------+--------+--------+
# UVM_INFO ../tb/env/reference_model.sv(158) @ 185000: reporter [FIFO_REF] Reference model transaction[19]
# +----------+-------+-----+----+-----+----+----+--------+--------+------+------+------+------+------+------+--------+--------+
# | SRC      | IDX   | RST | CS | REG | WR | RD | ADDR   | DATAIN | FULL | EMPTY| ALMF | ALME | OVFL | UDFL | DOUT   | RDATA  |
# +----------+-------+-----+----+-----+----+----+--------+--------+------+------+------+------+------+------+--------+--------+
# | REF_IN   | 19    |  1  | 1  |  0  | 0  | 1  | 0x00   | 0x2d   |  0   |   0  |  0   |  1   |  0   |  0   | 0x29   | 0x00   |
# | REF_OUT  | 19    |  1  | 1  |  0  | 0  | 1  | 0x00   | 0x2d   |  0   |   0  |  0   |  1   |  0   |  0   | 0x29   | 0x00   |
# +----------+-------+-----+----+-----+----+----+--------+--------+------+------+------+------+------+------+--------+--------+
# State: old_occ=3 new_occ=2 af=15 ae=4 fill=3 clr_pulse=0
# UVM_INFO ../tb/env/scoreboard.sv(71) @ 185000: uvm_test_top.env_h.scoreboard_h [FIFO_SB_CMP] Scoreboard compare[19]
# +----------+-------+-----+----+-----+----+----+--------+--------+------+------+------+------+------+------+--------+--------+
# | SRC      | IDX   | RST | CS | REG | WR | RD | ADDR   | DATAIN | FULL | EMPTY| ALMF | ALME | OVFL | UDFL | DOUT   | RDATA  |
# +----------+-------+-----+----+-----+----+----+--------+--------+------+------+------+------+------+------+--------+--------+
# | OBS      | 19    |  1  | 1  |  0  | 0  | 1  | 0x00   | 0x2d   |  0   |   0  |  0   |  1   |  0   |  0   | 0x29   | 0x00   |
# | EXP      | 19    |  1  | 1  |  0  | 0  | 1  | 0x00   | 0x2d   |  0   |   0  |  0   |  1   |  0   |  0   | 0x29   | 0x00   |
# +----------+-------+-----+----+-----+----+----+--------+--------+------+------+------+------+------+------+--------+--------+
# Result: PASS | pass_count=19 fail_count=0
# UVM_INFO ../tb/agent/read_monitor.sv(44) @ 185000: uvm_test_top.env_h.agent_h.monitor_h [FIFO_MON] Monitor transaction[19]
# +----------+-------+-----+----+-----+----+----+--------+--------+------+------+------+------+------+------+--------+--------+
# | SRC      | IDX   | RST | CS | REG | WR | RD | ADDR   | DATAIN | FULL | EMPTY| ALMF | ALME | OVFL | UDFL | DOUT   | RDATA  |
# +----------+-------+-----+----+-----+----+----+--------+--------+------+------+------+------+------+------+--------+--------+
# | MON      | 19    |  1  | 1  |  0  | 0  | 1  | 0x00   | 0x2d   |  0   |   0  |  0   |  1   |  0   |  0   | 0x29   | 0x00   |
# +----------+-------+-----+----+-----+----+----+--------+--------+------+------+------+------+------+------+--------+--------+
# UVM_INFO ../tb/agent/write_drv.sv(33) @ 190000: uvm_test_top.env_h.agent_h.driver_h [FIFO_DRV] Driver transaction[20]
# +----------+-------+-----+----+-----+----+----+--------+--------+------+------+------+------+------+------+--------+--------+
# | SRC      | IDX   | RST | CS | REG | WR | RD | ADDR   | DATAIN | FULL | EMPTY| ALMF | ALME | OVFL | UDFL | DOUT   | RDATA  |
# +----------+-------+-----+----+-----+----+----+--------+--------+------+------+------+------+------+------+--------+--------+
# | DRV      | 20    |  1  | 1  |  0  | 1  | 0  | 0x00   | 0xab   |  0   |   0  |  0   |  0   |  0   |  0   | 0x00   | 0x00   |
# +----------+-------+-----+----+-----+----+----+--------+--------+------+------+------+------+------+------+--------+--------+
# UVM_INFO ../tb/env/reference_model.sv(158) @ 195000: reporter [FIFO_REF] Reference model transaction[20]
# +----------+-------+-----+----+-----+----+----+--------+--------+------+------+------+------+------+------+--------+--------+
# | SRC      | IDX   | RST | CS | REG | WR | RD | ADDR   | DATAIN | FULL | EMPTY| ALMF | ALME | OVFL | UDFL | DOUT   | RDATA  |
# +----------+-------+-----+----+-----+----+----+--------+--------+------+------+------+------+------+------+--------+--------+
# | REF_IN   | 20    |  1  | 1  |  0  | 1  | 0  | 0x00   | 0xab   |  0   |   0  |  0   |  1   |  0   |  0   | 0x29   | 0x00   |
# | REF_OUT  | 20    |  1  | 1  |  0  | 1  | 0  | 0x00   | 0xab   |  0   |   0  |  0   |  1   |  0   |  0   | 0x29   | 0x00   |
# +----------+-------+-----+----+-----+----+----+--------+--------+------+------+------+------+------+------+--------+--------+
# State: old_occ=2 new_occ=3 af=15 ae=4 fill=2 clr_pulse=0
# UVM_INFO ../tb/env/scoreboard.sv(71) @ 195000: uvm_test_top.env_h.scoreboard_h [FIFO_SB_CMP] Scoreboard compare[20]
# +----------+-------+-----+----+-----+----+----+--------+--------+------+------+------+------+------+------+--------+--------+
# | SRC      | IDX   | RST | CS | REG | WR | RD | ADDR   | DATAIN | FULL | EMPTY| ALMF | ALME | OVFL | UDFL | DOUT   | RDATA  |
# +----------+-------+-----+----+-----+----+----+--------+--------+------+------+------+------+------+------+--------+--------+
# | OBS      | 20    |  1  | 1  |  0  | 1  | 0  | 0x00   | 0xab   |  0   |   0  |  0   |  1   |  0   |  0   | 0x29   | 0x00   |
# | EXP      | 20    |  1  | 1  |  0  | 1  | 0  | 0x00   | 0xab   |  0   |   0  |  0   |  1   |  0   |  0   | 0x29   | 0x00   |
# +----------+-------+-----+----+-----+----+----+--------+--------+------+------+------+------+------+------+--------+--------+
# Result: PASS | pass_count=20 fail_count=0
# UVM_INFO ../tb/agent/read_monitor.sv(44) @ 195000: uvm_test_top.env_h.agent_h.monitor_h [FIFO_MON] Monitor transaction[20]
# +----------+-------+-----+----+-----+----+----+--------+--------+------+------+------+------+------+------+--------+--------+
# | SRC      | IDX   | RST | CS | REG | WR | RD | ADDR   | DATAIN | FULL | EMPTY| ALMF | ALME | OVFL | UDFL | DOUT   | RDATA  |
# +----------+-------+-----+----+-----+----+----+--------+--------+------+------+------+------+------+------+--------+--------+
# | MON      | 20    |  1  | 1  |  0  | 1  | 0  | 0x00   | 0xab   |  0   |   0  |  0   |  1   |  0   |  0   | 0x29   | 0x00   |
# +----------+-------+-----+----+-----+----+----+--------+--------+------+------+------+------+------+------+--------+--------+
# UVM_INFO ../tb/agent/write_drv.sv(33) @ 200000: uvm_test_top.env_h.agent_h.driver_h [FIFO_DRV] Driver transaction[21]
# +----------+-------+-----+----+-----+----+----+--------+--------+------+------+------+------+------+------+--------+--------+
# | SRC      | IDX   | RST | CS | REG | WR | RD | ADDR   | DATAIN | FULL | EMPTY| ALMF | ALME | OVFL | UDFL | DOUT   | RDATA  |
# +----------+-------+-----+----+-----+----+----+--------+--------+------+------+------+------+------+------+--------+--------+
# | DRV      | 21    |  1  | 1  |  0  | 1  | 1  | 0x00   | 0x31   |  0   |   0  |  0   |  0   |  0   |  0   | 0x00   | 0x00   |
# +----------+-------+-----+----+-----+----+----+--------+--------+------+------+------+------+------+------+--------+--------+
# UVM_INFO ../tb/env/reference_model.sv(158) @ 205000: reporter [FIFO_REF] Reference model transaction[21]
# +----------+-------+-----+----+-----+----+----+--------+--------+------+------+------+------+------+------+--------+--------+
# | SRC      | IDX   | RST | CS | REG | WR | RD | ADDR   | DATAIN | FULL | EMPTY| ALMF | ALME | OVFL | UDFL | DOUT   | RDATA  |
# +----------+-------+-----+----+-----+----+----+--------+--------+------+------+------+------+------+------+--------+--------+
# | REF_IN   | 21    |  1  | 1  |  0  | 1  | 1  | 0x00   | 0x31   |  0   |   0  |  0   |  1   |  0   |  0   | 0x38   | 0x00   |
# | REF_OUT  | 21    |  1  | 1  |  0  | 1  | 1  | 0x00   | 0x31   |  0   |   0  |  0   |  1   |  0   |  0   | 0x38   | 0x00   |
# +----------+-------+-----+----+-----+----+----+--------+--------+------+------+------+------+------+------+--------+--------+
# State: old_occ=3 new_occ=3 af=15 ae=4 fill=3 clr_pulse=0
# UVM_INFO ../tb/env/scoreboard.sv(71) @ 205000: uvm_test_top.env_h.scoreboard_h [FIFO_SB_CMP] Scoreboard compare[21]
# +----------+-------+-----+----+-----+----+----+--------+--------+------+------+------+------+------+------+--------+--------+
# | SRC      | IDX   | RST | CS | REG | WR | RD | ADDR   | DATAIN | FULL | EMPTY| ALMF | ALME | OVFL | UDFL | DOUT   | RDATA  |
# +----------+-------+-----+----+-----+----+----+--------+--------+------+------+------+------+------+------+--------+--------+
# | OBS      | 21    |  1  | 1  |  0  | 1  | 1  | 0x00   | 0x31   |  0   |   0  |  0   |  1   |  0   |  0   | 0x38   | 0x00   |
# | EXP      | 21    |  1  | 1  |  0  | 1  | 1  | 0x00   | 0x31   |  0   |   0  |  0   |  1   |  0   |  0   | 0x38   | 0x00   |
# +----------+-------+-----+----+-----+----+----+--------+--------+------+------+------+------+------+------+--------+--------+
# Result: PASS | pass_count=21 fail_count=0
# UVM_INFO ../tb/agent/read_monitor.sv(44) @ 205000: uvm_test_top.env_h.agent_h.monitor_h [FIFO_MON] Monitor transaction[21]
# +----------+-------+-----+----+-----+----+----+--------+--------+------+------+------+------+------+------+--------+--------+
# | SRC      | IDX   | RST | CS | REG | WR | RD | ADDR   | DATAIN | FULL | EMPTY| ALMF | ALME | OVFL | UDFL | DOUT   | RDATA  |
# +----------+-------+-----+----+-----+----+----+--------+--------+------+------+------+------+------+------+--------+--------+
# | MON      | 21    |  1  | 1  |  0  | 1  | 1  | 0x00   | 0x31   |  0   |   0  |  0   |  1   |  0   |  0   | 0x38   | 0x00   |
# +----------+-------+-----+----+-----+----+----+--------+--------+------+------+------+------+------+------+--------+--------+
# UVM_INFO ../tb/agent/write_drv.sv(33) @ 210000: uvm_test_top.env_h.agent_h.driver_h [FIFO_DRV] Driver transaction[22]
# +----------+-------+-----+----+-----+----+----+--------+--------+------+------+------+------+------+------+--------+--------+
# | SRC      | IDX   | RST | CS | REG | WR | RD | ADDR   | DATAIN | FULL | EMPTY| ALMF | ALME | OVFL | UDFL | DOUT   | RDATA  |
# +----------+-------+-----+----+-----+----+----+--------+--------+------+------+------+------+------+------+--------+--------+
# | DRV      | 22    |  1  | 1  |  0  | 0  | 1  | 0x00   | 0xa0   |  0   |   0  |  0   |  0   |  0   |  0   | 0x00   | 0x00   |
# +----------+-------+-----+----+-----+----+----+--------+--------+------+------+------+------+------+------+--------+--------+
# UVM_INFO ../tb/env/reference_model.sv(158) @ 215000: reporter [FIFO_REF] Reference model transaction[22]
# +----------+-------+-----+----+-----+----+----+--------+--------+------+------+------+------+------+------+--------+--------+
# | SRC      | IDX   | RST | CS | REG | WR | RD | ADDR   | DATAIN | FULL | EMPTY| ALMF | ALME | OVFL | UDFL | DOUT   | RDATA  |
# +----------+-------+-----+----+-----+----+----+--------+--------+------+------+------+------+------+------+--------+--------+
# | REF_IN   | 22    |  1  | 1  |  0  | 0  | 1  | 0x00   | 0xa0   |  0   |   0  |  0   |  1   |  0   |  0   | 0x78   | 0x00   |
# | REF_OUT  | 22    |  1  | 1  |  0  | 0  | 1  | 0x00   | 0xa0   |  0   |   0  |  0   |  1   |  0   |  0   | 0x78   | 0x00   |
# +----------+-------+-----+----+-----+----+----+--------+--------+------+------+------+------+------+------+--------+--------+
# State: old_occ=3 new_occ=2 af=15 ae=4 fill=3 clr_pulse=0
# UVM_INFO ../tb/env/scoreboard.sv(71) @ 215000: uvm_test_top.env_h.scoreboard_h [FIFO_SB_CMP] Scoreboard compare[22]
# +----------+-------+-----+----+-----+----+----+--------+--------+------+------+------+------+------+------+--------+--------+
# | SRC      | IDX   | RST | CS | REG | WR | RD | ADDR   | DATAIN | FULL | EMPTY| ALMF | ALME | OVFL | UDFL | DOUT   | RDATA  |
# +----------+-------+-----+----+-----+----+----+--------+--------+------+------+------+------+------+------+--------+--------+
# | OBS      | 22    |  1  | 1  |  0  | 0  | 1  | 0x00   | 0xa0   |  0   |   0  |  0   |  1   |  0   |  0   | 0x78   | 0x00   |
# | EXP      | 22    |  1  | 1  |  0  | 0  | 1  | 0x00   | 0xa0   |  0   |   0  |  0   |  1   |  0   |  0   | 0x78   | 0x00   |
# +----------+-------+-----+----+-----+----+----+--------+--------+------+------+------+------+------+------+--------+--------+
# Result: PASS | pass_count=22 fail_count=0
# UVM_INFO ../tb/agent/read_monitor.sv(44) @ 215000: uvm_test_top.env_h.agent_h.monitor_h [FIFO_MON] Monitor transaction[22]
# +----------+-------+-----+----+-----+----+----+--------+--------+------+------+------+------+------+------+--------+--------+
# | SRC      | IDX   | RST | CS | REG | WR | RD | ADDR   | DATAIN | FULL | EMPTY| ALMF | ALME | OVFL | UDFL | DOUT   | RDATA  |
# +----------+-------+-----+----+-----+----+----+--------+--------+------+------+------+------+------+------+--------+--------+
# | MON      | 22    |  1  | 1  |  0  | 0  | 1  | 0x00   | 0xa0   |  0   |   0  |  0   |  1   |  0   |  0   | 0x78   | 0x00   |
# +----------+-------+-----+----+-----+----+----+--------+--------+------+------+------+------+------+------+--------+--------+
# UVM_INFO ../tb/agent/write_drv.sv(33) @ 220000: uvm_test_top.env_h.agent_h.driver_h [FIFO_DRV] Driver transaction[23]
# +----------+-------+-----+----+-----+----+----+--------+--------+------+------+------+------+------+------+--------+--------+
# | SRC      | IDX   | RST | CS | REG | WR | RD | ADDR   | DATAIN | FULL | EMPTY| ALMF | ALME | OVFL | UDFL | DOUT   | RDATA  |
# +----------+-------+-----+----+-----+----+----+--------+--------+------+------+------+------+------+------+--------+--------+
# | DRV      | 23    |  1  | 1  |  0  | 1  | 0  | 0x00   | 0x8e   |  0   |   0  |  0   |  0   |  0   |  0   | 0x00   | 0x00   |
# +----------+-------+-----+----+-----+----+----+--------+--------+------+------+------+------+------+------+--------+--------+
# UVM_INFO ../tb/env/reference_model.sv(158) @ 225000: reporter [FIFO_REF] Reference model transaction[23]
# +----------+-------+-----+----+-----+----+----+--------+--------+------+------+------+------+------+------+--------+--------+
# | SRC      | IDX   | RST | CS | REG | WR | RD | ADDR   | DATAIN | FULL | EMPTY| ALMF | ALME | OVFL | UDFL | DOUT   | RDATA  |
# +----------+-------+-----+----+-----+----+----+--------+--------+------+------+------+------+------+------+--------+--------+
# | REF_IN   | 23    |  1  | 1  |  0  | 1  | 0  | 0x00   | 0x8e   |  0   |   0  |  0   |  1   |  0   |  0   | 0x78   | 0x00   |
# | REF_OUT  | 23    |  1  | 1  |  0  | 1  | 0  | 0x00   | 0x8e   |  0   |   0  |  0   |  1   |  0   |  0   | 0x78   | 0x00   |
# +----------+-------+-----+----+-----+----+----+--------+--------+------+------+------+------+------+------+--------+--------+
# State: old_occ=2 new_occ=3 af=15 ae=4 fill=2 clr_pulse=0
# UVM_INFO ../tb/env/scoreboard.sv(71) @ 225000: uvm_test_top.env_h.scoreboard_h [FIFO_SB_CMP] Scoreboard compare[23]
# +----------+-------+-----+----+-----+----+----+--------+--------+------+------+------+------+------+------+--------+--------+
# | SRC      | IDX   | RST | CS | REG | WR | RD | ADDR   | DATAIN | FULL | EMPTY| ALMF | ALME | OVFL | UDFL | DOUT   | RDATA  |
# +----------+-------+-----+----+-----+----+----+--------+--------+------+------+------+------+------+------+--------+--------+
# | OBS      | 23    |  1  | 1  |  0  | 1  | 0  | 0x00   | 0x8e   |  0   |   0  |  0   |  1   |  0   |  0   | 0x78   | 0x00   |
# | EXP      | 23    |  1  | 1  |  0  | 1  | 0  | 0x00   | 0x8e   |  0   |   0  |  0   |  1   |  0   |  0   | 0x78   | 0x00   |
# +----------+-------+-----+----+-----+----+----+--------+--------+------+------+------+------+------+------+--------+--------+
# Result: PASS | pass_count=23 fail_count=0
# UVM_INFO ../tb/agent/read_monitor.sv(44) @ 225000: uvm_test_top.env_h.agent_h.monitor_h [FIFO_MON] Monitor transaction[23]
# +----------+-------+-----+----+-----+----+----+--------+--------+------+------+------+------+------+------+--------+--------+
# | SRC      | IDX   | RST | CS | REG | WR | RD | ADDR   | DATAIN | FULL | EMPTY| ALMF | ALME | OVFL | UDFL | DOUT   | RDATA  |
# +----------+-------+-----+----+-----+----+----+--------+--------+------+------+------+------+------+------+--------+--------+
# | MON      | 23    |  1  | 1  |  0  | 1  | 0  | 0x00   | 0x8e   |  0   |   0  |  0   |  1   |  0   |  0   | 0x78   | 0x00   |
# +----------+-------+-----+----+-----+----+----+--------+--------+------+------+------+------+------+------+--------+--------+
# UVM_INFO ../tb/agent/write_drv.sv(33) @ 230000: uvm_test_top.env_h.agent_h.driver_h [FIFO_DRV] Driver transaction[24]
# +----------+-------+-----+----+-----+----+----+--------+--------+------+------+------+------+------+------+--------+--------+
# | SRC      | IDX   | RST | CS | REG | WR | RD | ADDR   | DATAIN | FULL | EMPTY| ALMF | ALME | OVFL | UDFL | DOUT   | RDATA  |
# +----------+-------+-----+----+-----+----+----+--------+--------+------+------+------+------+------+------+--------+--------+
# | DRV      | 24    |  1  | 1  |  1  | 1  | 0  | 0x08   | 0x28   |  0   |   0  |  0   |  0   |  0   |  0   | 0x00   | 0x00   |
# +----------+-------+-----+----+-----+----+----+--------+--------+------+------+------+------+------+------+--------+--------+
# UVM_INFO ../tb/env/reference_model.sv(158) @ 235000: reporter [FIFO_REF] Reference model transaction[24]
# +----------+-------+-----+----+-----+----+----+--------+--------+------+------+------+------+------+------+--------+--------+
# | SRC      | IDX   | RST | CS | REG | WR | RD | ADDR   | DATAIN | FULL | EMPTY| ALMF | ALME | OVFL | UDFL | DOUT   | RDATA  |
# +----------+-------+-----+----+-----+----+----+--------+--------+------+------+------+------+------+------+--------+--------+
# | REF_IN   | 24    |  1  | 1  |  1  | 1  | 0  | 0x08   | 0x28   |  0   |   0  |  0   |  1   |  0   |  0   | 0x78   | 0x00   |
# | REF_OUT  | 24    |  1  | 1  |  1  | 1  | 0  | 0x08   | 0x28   |  0   |   0  |  0   |  1   |  0   |  0   | 0x78   | 0x00   |
# +----------+-------+-----+----+-----+----+----+--------+--------+------+------+------+------+------+------+--------+--------+
# State: old_occ=3 new_occ=3 af=8 ae=4 fill=3 clr_pulse=0
# UVM_INFO ../tb/env/scoreboard.sv(71) @ 235000: uvm_test_top.env_h.scoreboard_h [FIFO_SB_CMP] Scoreboard compare[24]
# +----------+-------+-----+----+-----+----+----+--------+--------+------+------+------+------+------+------+--------+--------+
# | SRC      | IDX   | RST | CS | REG | WR | RD | ADDR   | DATAIN | FULL | EMPTY| ALMF | ALME | OVFL | UDFL | DOUT   | RDATA  |
# +----------+-------+-----+----+-----+----+----+--------+--------+------+------+------+------+------+------+--------+--------+
# | OBS      | 24    |  1  | 1  |  1  | 1  | 0  | 0x08   | 0x28   |  0   |   0  |  0   |  1   |  0   |  0   | 0x78   | 0x00   |
# | EXP      | 24    |  1  | 1  |  1  | 1  | 0  | 0x08   | 0x28   |  0   |   0  |  0   |  1   |  0   |  0   | 0x78   | 0x00   |
# +----------+-------+-----+----+-----+----+----+--------+--------+------+------+------+------+------+------+--------+--------+
# Result: PASS | pass_count=24 fail_count=0
# UVM_INFO ../tb/agent/read_monitor.sv(44) @ 235000: uvm_test_top.env_h.agent_h.monitor_h [FIFO_MON] Monitor transaction[24]
# +----------+-------+-----+----+-----+----+----+--------+--------+------+------+------+------+------+------+--------+--------+
# | SRC      | IDX   | RST | CS | REG | WR | RD | ADDR   | DATAIN | FULL | EMPTY| ALMF | ALME | OVFL | UDFL | DOUT   | RDATA  |
# +----------+-------+-----+----+-----+----+----+--------+--------+------+------+------+------+------+------+--------+--------+
# | MON      | 24    |  1  | 1  |  1  | 1  | 0  | 0x08   | 0x28   |  0   |   0  |  0   |  1   |  0   |  0   | 0x78   | 0x00   |
# +----------+-------+-----+----+-----+----+----+--------+--------+------+------+------+------+------+------+--------+--------+
# UVM_INFO ../tb/agent/write_drv.sv(33) @ 240000: uvm_test_top.env_h.agent_h.driver_h [FIFO_DRV] Driver transaction[25]
# +----------+-------+-----+----+-----+----+----+--------+--------+------+------+------+------+------+------+--------+--------+
# | SRC      | IDX   | RST | CS | REG | WR | RD | ADDR   | DATAIN | FULL | EMPTY| ALMF | ALME | OVFL | UDFL | DOUT   | RDATA  |
# +----------+-------+-----+----+-----+----+----+--------+--------+------+------+------+------+------+------+--------+--------+
# | DRV      | 25    |  1  | 1  |  1  | 1  | 0  | 0x00   | 0x89   |  0   |   0  |  0   |  0   |  0   |  0   | 0x00   | 0x00   |
# +----------+-------+-----+----+-----+----+----+--------+--------+------+------+------+------+------+------+--------+--------+
# UVM_INFO ../tb/env/reference_model.sv(158) @ 245000: reporter [FIFO_REF] Reference model transaction[25]
# +----------+-------+-----+----+-----+----+----+--------+--------+------+------+------+------+------+------+--------+--------+
# | SRC      | IDX   | RST | CS | REG | WR | RD | ADDR   | DATAIN | FULL | EMPTY| ALMF | ALME | OVFL | UDFL | DOUT   | RDATA  |
# +----------+-------+-----+----+-----+----+----+--------+--------+------+------+------+------+------+------+--------+--------+
# | REF_IN   | 25    |  1  | 1  |  1  | 1  | 0  | 0x00   | 0x89   |  0   |   0  |  0   |  1   |  0   |  0   | 0x78   | 0x00   |
# | REF_OUT  | 25    |  1  | 1  |  1  | 1  | 0  | 0x00   | 0x89   |  0   |   0  |  0   |  1   |  0   |  0   | 0x78   | 0x00   |
# +----------+-------+-----+----+-----+----+----+--------+--------+------+------+------+------+------+------+--------+--------+
# State: old_occ=3 new_occ=3 af=8 ae=4 fill=3 clr_pulse=0
# UVM_INFO ../tb/env/scoreboard.sv(71) @ 245000: uvm_test_top.env_h.scoreboard_h [FIFO_SB_CMP] Scoreboard compare[25]
# +----------+-------+-----+----+-----+----+----+--------+--------+------+------+------+------+------+------+--------+--------+
# | SRC      | IDX   | RST | CS | REG | WR | RD | ADDR   | DATAIN | FULL | EMPTY| ALMF | ALME | OVFL | UDFL | DOUT   | RDATA  |
# +----------+-------+-----+----+-----+----+----+--------+--------+------+------+------+------+------+------+--------+--------+
# | OBS      | 25    |  1  | 1  |  1  | 1  | 0  | 0x00   | 0x89   |  0   |   0  |  0   |  1   |  0   |  0   | 0x78   | 0x00   |
# | EXP      | 25    |  1  | 1  |  1  | 1  | 0  | 0x00   | 0x89   |  0   |   0  |  0   |  1   |  0   |  0   | 0x78   | 0x00   |
# +----------+-------+-----+----+-----+----+----+--------+--------+------+------+------+------+------+------+--------+--------+
# Result: PASS | pass_count=25 fail_count=0
# UVM_INFO ../tb/agent/read_monitor.sv(44) @ 245000: uvm_test_top.env_h.agent_h.monitor_h [FIFO_MON] Monitor transaction[25]
# +----------+-------+-----+----+-----+----+----+--------+--------+------+------+------+------+------+------+--------+--------+
# | SRC      | IDX   | RST | CS | REG | WR | RD | ADDR   | DATAIN | FULL | EMPTY| ALMF | ALME | OVFL | UDFL | DOUT   | RDATA  |
# +----------+-------+-----+----+-----+----+----+--------+--------+------+------+------+------+------+------+--------+--------+
# | MON      | 25    |  1  | 1  |  1  | 1  | 0  | 0x00   | 0x89   |  0   |   0  |  0   |  1   |  0   |  0   | 0x78   | 0x00   |
# +----------+-------+-----+----+-----+----+----+--------+--------+------+------+------+------+------+------+--------+--------+
# UVM_INFO ../tb/agent/write_drv.sv(33) @ 250000: uvm_test_top.env_h.agent_h.driver_h [FIFO_DRV] Driver transaction[26]
# +----------+-------+-----+----+-----+----+----+--------+--------+------+------+------+------+------+------+--------+--------+
# | SRC      | IDX   | RST | CS | REG | WR | RD | ADDR   | DATAIN | FULL | EMPTY| ALMF | ALME | OVFL | UDFL | DOUT   | RDATA  |
# +----------+-------+-----+----+-----+----+----+--------+--------+------+------+------+------+------+------+--------+--------+
# | DRV      | 26    |  1  | 1  |  0  | 1  | 0  | 0x00   | 0xf5   |  0   |   0  |  0   |  0   |  0   |  0   | 0x00   | 0x00   |
# +----------+-------+-----+----+-----+----+----+--------+--------+------+------+------+------+------+------+--------+--------+
# UVM_INFO ../tb/env/reference_model.sv(158) @ 255000: reporter [FIFO_REF] Reference model transaction[26]
# +----------+-------+-----+----+-----+----+----+--------+--------+------+------+------+------+------+------+--------+--------+
# | SRC      | IDX   | RST | CS | REG | WR | RD | ADDR   | DATAIN | FULL | EMPTY| ALMF | ALME | OVFL | UDFL | DOUT   | RDATA  |
# +----------+-------+-----+----+-----+----+----+--------+--------+------+------+------+------+------+------+--------+--------+
# | REF_IN   | 26    |  1  | 1  |  0  | 1  | 0  | 0x00   | 0xf5   |  0   |   0  |  0   |  1   |  0   |  0   | 0x78   | 0x00   |
# | REF_OUT  | 26    |  1  | 1  |  0  | 1  | 0  | 0x00   | 0xf5   |  0   |   0  |  0   |  1   |  0   |  0   | 0x78   | 0x00   |
# +----------+-------+-----+----+-----+----+----+--------+--------+------+------+------+------+------+------+--------+--------+
# State: old_occ=3 new_occ=4 af=8 ae=4 fill=3 clr_pulse=0
# UVM_INFO ../tb/env/scoreboard.sv(71) @ 255000: uvm_test_top.env_h.scoreboard_h [FIFO_SB_CMP] Scoreboard compare[26]
# +----------+-------+-----+----+-----+----+----+--------+--------+------+------+------+------+------+------+--------+--------+
# | SRC      | IDX   | RST | CS | REG | WR | RD | ADDR   | DATAIN | FULL | EMPTY| ALMF | ALME | OVFL | UDFL | DOUT   | RDATA  |
# +----------+-------+-----+----+-----+----+----+--------+--------+------+------+------+------+------+------+--------+--------+
# | OBS      | 26    |  1  | 1  |  0  | 1  | 0  | 0x00   | 0xf5   |  0   |   0  |  0   |  1   |  0   |  0   | 0x78   | 0x00   |
# | EXP      | 26    |  1  | 1  |  0  | 1  | 0  | 0x00   | 0xf5   |  0   |   0  |  0   |  1   |  0   |  0   | 0x78   | 0x00   |
# +----------+-------+-----+----+-----+----+----+--------+--------+------+------+------+------+------+------+--------+--------+
# Result: PASS | pass_count=26 fail_count=0
# UVM_INFO ../tb/agent/read_monitor.sv(44) @ 255000: uvm_test_top.env_h.agent_h.monitor_h [FIFO_MON] Monitor transaction[26]
# +----------+-------+-----+----+-----+----+----+--------+--------+------+------+------+------+------+------+--------+--------+
# | SRC      | IDX   | RST | CS | REG | WR | RD | ADDR   | DATAIN | FULL | EMPTY| ALMF | ALME | OVFL | UDFL | DOUT   | RDATA  |
# +----------+-------+-----+----+-----+----+----+--------+--------+------+------+------+------+------+------+--------+--------+
# | MON      | 26    |  1  | 1  |  0  | 1  | 0  | 0x00   | 0xf5   |  0   |   0  |  0   |  1   |  0   |  0   | 0x78   | 0x00   |
# +----------+-------+-----+----+-----+----+----+--------+--------+------+------+------+------+------+------+--------+--------+
# UVM_INFO ../tb/agent/write_drv.sv(33) @ 260000: uvm_test_top.env_h.agent_h.driver_h [FIFO_DRV] Driver transaction[27]
# +----------+-------+-----+----+-----+----+----+--------+--------+------+------+------+------+------+------+--------+--------+
# | SRC      | IDX   | RST | CS | REG | WR | RD | ADDR   | DATAIN | FULL | EMPTY| ALMF | ALME | OVFL | UDFL | DOUT   | RDATA  |
# +----------+-------+-----+----+-----+----+----+--------+--------+------+------+------+------+------+------+--------+--------+
# | DRV      | 27    |  1  | 1  |  0  | 0  | 0  | 0x00   | 0xb2   |  0   |   0  |  0   |  0   |  0   |  0   | 0x00   | 0x00   |
# +----------+-------+-----+----+-----+----+----+--------+--------+------+------+------+------+------+------+--------+--------+
# UVM_INFO ../tb/env/reference_model.sv(158) @ 265000: reporter [FIFO_REF] Reference model transaction[27]
# +----------+-------+-----+----+-----+----+----+--------+--------+------+------+------+------+------+------+--------+--------+
# | SRC      | IDX   | RST | CS | REG | WR | RD | ADDR   | DATAIN | FULL | EMPTY| ALMF | ALME | OVFL | UDFL | DOUT   | RDATA  |
# +----------+-------+-----+----+-----+----+----+--------+--------+------+------+------+------+------+------+--------+--------+
# | REF_IN   | 27    |  1  | 1  |  0  | 0  | 0  | 0x00   | 0xb2   |  0   |   0  |  0   |  1   |  0   |  0   | 0x78   | 0x00   |
# | REF_OUT  | 27    |  1  | 1  |  0  | 0  | 0  | 0x00   | 0xb2   |  0   |   0  |  0   |  1   |  0   |  0   | 0x78   | 0x00   |
# +----------+-------+-----+----+-----+----+----+--------+--------+------+------+------+------+------+------+--------+--------+
# State: old_occ=4 new_occ=4 af=8 ae=4 fill=4 clr_pulse=0
# UVM_INFO ../tb/env/scoreboard.sv(71) @ 265000: uvm_test_top.env_h.scoreboard_h [FIFO_SB_CMP] Scoreboard compare[27]
# +----------+-------+-----+----+-----+----+----+--------+--------+------+------+------+------+------+------+--------+--------+
# | SRC      | IDX   | RST | CS | REG | WR | RD | ADDR   | DATAIN | FULL | EMPTY| ALMF | ALME | OVFL | UDFL | DOUT   | RDATA  |
# +----------+-------+-----+----+-----+----+----+--------+--------+------+------+------+------+------+------+--------+--------+
# | OBS      | 27    |  1  | 1  |  0  | 0  | 0  | 0x00   | 0xb2   |  0   |   0  |  0   |  1   |  0   |  0   | 0x78   | 0x00   |
# | EXP      | 27    |  1  | 1  |  0  | 0  | 0  | 0x00   | 0xb2   |  0   |   0  |  0   |  1   |  0   |  0   | 0x78   | 0x00   |
# +----------+-------+-----+----+-----+----+----+--------+--------+------+------+------+------+------+------+--------+--------+
# Result: PASS | pass_count=27 fail_count=0
# UVM_INFO ../tb/agent/read_monitor.sv(44) @ 265000: uvm_test_top.env_h.agent_h.monitor_h [FIFO_MON] Monitor transaction[27]
# +----------+-------+-----+----+-----+----+----+--------+--------+------+------+------+------+------+------+--------+--------+
# | SRC      | IDX   | RST | CS | REG | WR | RD | ADDR   | DATAIN | FULL | EMPTY| ALMF | ALME | OVFL | UDFL | DOUT   | RDATA  |
# +----------+-------+-----+----+-----+----+----+--------+--------+------+------+------+------+------+------+--------+--------+
# | MON      | 27    |  1  | 1  |  0  | 0  | 0  | 0x00   | 0xb2   |  0   |   0  |  0   |  1   |  0   |  0   | 0x78   | 0x00   |
# +----------+-------+-----+----+-----+----+----+--------+--------+------+------+------+------+------+------+--------+--------+
# UVM_INFO ../tb/agent/write_drv.sv(33) @ 270000: uvm_test_top.env_h.agent_h.driver_h [FIFO_DRV] Driver transaction[28]
# +----------+-------+-----+----+-----+----+----+--------+--------+------+------+------+------+------+------+--------+--------+
# | SRC      | IDX   | RST | CS | REG | WR | RD | ADDR   | DATAIN | FULL | EMPTY| ALMF | ALME | OVFL | UDFL | DOUT   | RDATA  |
# +----------+-------+-----+----+-----+----+----+--------+--------+------+------+------+------+------+------+--------+--------+
# | DRV      | 28    |  1  | 1  |  0  | 0  | 1  | 0x00   | 0xbc   |  0   |   0  |  0   |  0   |  0   |  0   | 0x00   | 0x00   |
# +----------+-------+-----+----+-----+----+----+--------+--------+------+------+------+------+------+------+--------+--------+
# UVM_INFO ../tb/env/reference_model.sv(158) @ 275000: reporter [FIFO_REF] Reference model transaction[28]
# +----------+-------+-----+----+-----+----+----+--------+--------+------+------+------+------+------+------+--------+--------+
# | SRC      | IDX   | RST | CS | REG | WR | RD | ADDR   | DATAIN | FULL | EMPTY| ALMF | ALME | OVFL | UDFL | DOUT   | RDATA  |
# +----------+-------+-----+----+-----+----+----+--------+--------+------+------+------+------+------+------+--------+--------+
# | REF_IN   | 28    |  1  | 1  |  0  | 0  | 1  | 0x00   | 0xbc   |  0   |   0  |  0   |  1   |  0   |  0   | 0xab   | 0x00   |
# | REF_OUT  | 28    |  1  | 1  |  0  | 0  | 1  | 0x00   | 0xbc   |  0   |   0  |  0   |  1   |  0   |  0   | 0xab   | 0x00   |
# +----------+-------+-----+----+-----+----+----+--------+--------+------+------+------+------+------+------+--------+--------+
# State: old_occ=4 new_occ=3 af=8 ae=4 fill=4 clr_pulse=0
# UVM_INFO ../tb/env/scoreboard.sv(71) @ 275000: uvm_test_top.env_h.scoreboard_h [FIFO_SB_CMP] Scoreboard compare[28]
# +----------+-------+-----+----+-----+----+----+--------+--------+------+------+------+------+------+------+--------+--------+
# | SRC      | IDX   | RST | CS | REG | WR | RD | ADDR   | DATAIN | FULL | EMPTY| ALMF | ALME | OVFL | UDFL | DOUT   | RDATA  |
# +----------+-------+-----+----+-----+----+----+--------+--------+------+------+------+------+------+------+--------+--------+
# | OBS      | 28    |  1  | 1  |  0  | 0  | 1  | 0x00   | 0xbc   |  0   |   0  |  0   |  1   |  0   |  0   | 0xab   | 0x00   |
# | EXP      | 28    |  1  | 1  |  0  | 0  | 1  | 0x00   | 0xbc   |  0   |   0  |  0   |  1   |  0   |  0   | 0xab   | 0x00   |
# +----------+-------+-----+----+-----+----+----+--------+--------+------+------+------+------+------+------+--------+--------+
# Result: PASS | pass_count=28 fail_count=0
# UVM_INFO ../tb/agent/read_monitor.sv(44) @ 275000: uvm_test_top.env_h.agent_h.monitor_h [FIFO_MON] Monitor transaction[28]
# +----------+-------+-----+----+-----+----+----+--------+--------+------+------+------+------+------+------+--------+--------+
# | SRC      | IDX   | RST | CS | REG | WR | RD | ADDR   | DATAIN | FULL | EMPTY| ALMF | ALME | OVFL | UDFL | DOUT   | RDATA  |
# +----------+-------+-----+----+-----+----+----+--------+--------+------+------+------+------+------+------+--------+--------+
# | MON      | 28    |  1  | 1  |  0  | 0  | 1  | 0x00   | 0xbc   |  0   |   0  |  0   |  1   |  0   |  0   | 0xab   | 0x00   |
# +----------+-------+-----+----+-----+----+----+--------+--------+------+------+------+------+------+------+--------+--------+
# UVM_INFO ../tb/agent/write_drv.sv(33) @ 280000: uvm_test_top.env_h.agent_h.driver_h [FIFO_DRV] Driver transaction[29]
# +----------+-------+-----+----+-----+----+----+--------+--------+------+------+------+------+------+------+--------+--------+
# | SRC      | IDX   | RST | CS | REG | WR | RD | ADDR   | DATAIN | FULL | EMPTY| ALMF | ALME | OVFL | UDFL | DOUT   | RDATA  |
# +----------+-------+-----+----+-----+----+----+--------+--------+------+------+------+------+------+------+--------+--------+
# | DRV      | 29    |  1  | 1  |  1  | 1  | 0  | 0x10   | 0xa7   |  0   |   0  |  0   |  0   |  0   |  0   | 0x00   | 0x00   |
# +----------+-------+-----+----+-----+----+----+--------+--------+------+------+------+------+------+------+--------+--------+
# UVM_INFO ../tb/env/reference_model.sv(158) @ 285000: reporter [FIFO_REF] Reference model transaction[29]
# +----------+-------+-----+----+-----+----+----+--------+--------+------+------+------+------+------+------+--------+--------+
# | SRC      | IDX   | RST | CS | REG | WR | RD | ADDR   | DATAIN | FULL | EMPTY| ALMF | ALME | OVFL | UDFL | DOUT   | RDATA  |
# +----------+-------+-----+----+-----+----+----+--------+--------+------+------+------+------+------+------+--------+--------+
# | REF_IN   | 29    |  1  | 1  |  1  | 1  | 0  | 0x10   | 0xa7   |  0   |   0  |  0   |  1   |  0   |  0   | 0xab   | 0x00   |
# | REF_OUT  | 29    |  1  | 1  |  1  | 1  | 0  | 0x10   | 0xa7   |  0   |   0  |  0   |  1   |  0   |  0   | 0xab   | 0x00   |
# +----------+-------+-----+----+-----+----+----+--------+--------+------+------+------+------+------+------+--------+--------+
# State: old_occ=3 new_occ=3 af=8 ae=4 fill=3 clr_pulse=0
# UVM_INFO ../tb/env/scoreboard.sv(71) @ 285000: uvm_test_top.env_h.scoreboard_h [FIFO_SB_CMP] Scoreboard compare[29]
# +----------+-------+-----+----+-----+----+----+--------+--------+------+------+------+------+------+------+--------+--------+
# | SRC      | IDX   | RST | CS | REG | WR | RD | ADDR   | DATAIN | FULL | EMPTY| ALMF | ALME | OVFL | UDFL | DOUT   | RDATA  |
# +----------+-------+-----+----+-----+----+----+--------+--------+------+------+------+------+------+------+--------+--------+
# | OBS      | 29    |  1  | 1  |  1  | 1  | 0  | 0x10   | 0xa7   |  0   |   0  |  0   |  1   |  0   |  0   | 0xab   | 0x00   |
# | EXP      | 29    |  1  | 1  |  1  | 1  | 0  | 0x10   | 0xa7   |  0   |   0  |  0   |  1   |  0   |  0   | 0xab   | 0x00   |
# +----------+-------+-----+----+-----+----+----+--------+--------+------+------+------+------+------+------+--------+--------+
# Result: PASS | pass_count=29 fail_count=0
# UVM_INFO ../tb/agent/read_monitor.sv(44) @ 285000: uvm_test_top.env_h.agent_h.monitor_h [FIFO_MON] Monitor transaction[29]
# +----------+-------+-----+----+-----+----+----+--------+--------+------+------+------+------+------+------+--------+--------+
# | SRC      | IDX   | RST | CS | REG | WR | RD | ADDR   | DATAIN | FULL | EMPTY| ALMF | ALME | OVFL | UDFL | DOUT   | RDATA  |
# +----------+-------+-----+----+-----+----+----+--------+--------+------+------+------+------+------+------+--------+--------+
# | MON      | 29    |  1  | 1  |  1  | 1  | 0  | 0x10   | 0xa7   |  0   |   0  |  0   |  1   |  0   |  0   | 0xab   | 0x00   |
# +----------+-------+-----+----+-----+----+----+--------+--------+------+------+------+------+------+------+--------+--------+
# UVM_INFO ../tb/agent/write_drv.sv(33) @ 290000: uvm_test_top.env_h.agent_h.driver_h [FIFO_DRV] Driver transaction[30]
# +----------+-------+-----+----+-----+----+----+--------+--------+------+------+------+------+------+------+--------+--------+
# | SRC      | IDX   | RST | CS | REG | WR | RD | ADDR   | DATAIN | FULL | EMPTY| ALMF | ALME | OVFL | UDFL | DOUT   | RDATA  |
# +----------+-------+-----+----+-----+----+----+--------+--------+------+------+------+------+------+------+--------+--------+
# | DRV      | 30    |  1  | 1  |  0  | 0  | 0  | 0x00   | 0x04   |  0   |   0  |  0   |  0   |  0   |  0   | 0x00   | 0x00   |
# +----------+-------+-----+----+-----+----+----+--------+--------+------+------+------+------+------+------+--------+--------+
# UVM_INFO ../tb/env/reference_model.sv(158) @ 295000: reporter [FIFO_REF] Reference model transaction[30]
# +----------+-------+-----+----+-----+----+----+--------+--------+------+------+------+------+------+------+--------+--------+
# | SRC      | IDX   | RST | CS | REG | WR | RD | ADDR   | DATAIN | FULL | EMPTY| ALMF | ALME | OVFL | UDFL | DOUT   | RDATA  |
# +----------+-------+-----+----+-----+----+----+--------+--------+------+------+------+------+------+------+--------+--------+
# | REF_IN   | 30    |  1  | 1  |  0  | 0  | 0  | 0x00   | 0x04   |  0   |   0  |  0   |  1   |  0   |  0   | 0xab   | 0x00   |
# | REF_OUT  | 30    |  1  | 1  |  0  | 0  | 0  | 0x00   | 0x04   |  0   |   0  |  0   |  1   |  0   |  0   | 0xab   | 0x00   |
# +----------+-------+-----+----+-----+----+----+--------+--------+------+------+------+------+------+------+--------+--------+
# State: old_occ=3 new_occ=3 af=8 ae=4 fill=3 clr_pulse=0
# UVM_INFO ../tb/env/scoreboard.sv(71) @ 295000: uvm_test_top.env_h.scoreboard_h [FIFO_SB_CMP] Scoreboard compare[30]
# +----------+-------+-----+----+-----+----+----+--------+--------+------+------+------+------+------+------+--------+--------+
# | SRC      | IDX   | RST | CS | REG | WR | RD | ADDR   | DATAIN | FULL | EMPTY| ALMF | ALME | OVFL | UDFL | DOUT   | RDATA  |
# +----------+-------+-----+----+-----+----+----+--------+--------+------+------+------+------+------+------+--------+--------+
# | OBS      | 30    |  1  | 1  |  0  | 0  | 0  | 0x00   | 0x04   |  0   |   0  |  0   |  1   |  0   |  0   | 0xab   | 0x00   |
# | EXP      | 30    |  1  | 1  |  0  | 0  | 0  | 0x00   | 0x04   |  0   |   0  |  0   |  1   |  0   |  0   | 0xab   | 0x00   |
# +----------+-------+-----+----+-----+----+----+--------+--------+------+------+------+------+------+------+--------+--------+
# Result: PASS | pass_count=30 fail_count=0
# UVM_INFO ../tb/agent/read_monitor.sv(44) @ 295000: uvm_test_top.env_h.agent_h.monitor_h [FIFO_MON] Monitor transaction[30]
# +----------+-------+-----+----+-----+----+----+--------+--------+------+------+------+------+------+------+--------+--------+
# | SRC      | IDX   | RST | CS | REG | WR | RD | ADDR   | DATAIN | FULL | EMPTY| ALMF | ALME | OVFL | UDFL | DOUT   | RDATA  |
# +----------+-------+-----+----+-----+----+----+--------+--------+------+------+------+------+------+------+--------+--------+
# | MON      | 30    |  1  | 1  |  0  | 0  | 0  | 0x00   | 0x04   |  0   |   0  |  0   |  1   |  0   |  0   | 0xab   | 0x00   |
# +----------+-------+-----+----+-----+----+----+--------+--------+------+------+------+------+------+------+--------+--------+
# UVM_INFO ../tb/agent/write_drv.sv(33) @ 300000: uvm_test_top.env_h.agent_h.driver_h [FIFO_DRV] Driver transaction[31]
# +----------+-------+-----+----+-----+----+----+--------+--------+------+------+------+------+------+------+--------+--------+
# | SRC      | IDX   | RST | CS | REG | WR | RD | ADDR   | DATAIN | FULL | EMPTY| ALMF | ALME | OVFL | UDFL | DOUT   | RDATA  |
# +----------+-------+-----+----+-----+----+----+--------+--------+------+------+------+------+------+------+--------+--------+
# | DRV      | 31    |  1  | 1  |  0  | 1  | 0  | 0x00   | 0x0f   |  0   |   0  |  0   |  0   |  0   |  0   | 0x00   | 0x00   |
# +----------+-------+-----+----+-----+----+----+--------+--------+------+------+------+------+------+------+--------+--------+
# UVM_INFO ../tb/env/reference_model.sv(158) @ 305000: reporter [FIFO_REF] Reference model transaction[31]
# +----------+-------+-----+----+-----+----+----+--------+--------+------+------+------+------+------+------+--------+--------+
# | SRC      | IDX   | RST | CS | REG | WR | RD | ADDR   | DATAIN | FULL | EMPTY| ALMF | ALME | OVFL | UDFL | DOUT   | RDATA  |
# +----------+-------+-----+----+-----+----+----+--------+--------+------+------+------+------+------+------+--------+--------+
# | REF_IN   | 31    |  1  | 1  |  0  | 1  | 0  | 0x00   | 0x0f   |  0   |   0  |  0   |  1   |  0   |  0   | 0xab   | 0x00   |
# | REF_OUT  | 31    |  1  | 1  |  0  | 1  | 0  | 0x00   | 0x0f   |  0   |   0  |  0   |  1   |  0   |  0   | 0xab   | 0x00   |
# +----------+-------+-----+----+-----+----+----+--------+--------+------+------+------+------+------+------+--------+--------+
# State: old_occ=3 new_occ=4 af=8 ae=4 fill=3 clr_pulse=0
# UVM_INFO ../tb/env/scoreboard.sv(71) @ 305000: uvm_test_top.env_h.scoreboard_h [FIFO_SB_CMP] Scoreboard compare[31]
# +----------+-------+-----+----+-----+----+----+--------+--------+------+------+------+------+------+------+--------+--------+
# | SRC      | IDX   | RST | CS | REG | WR | RD | ADDR   | DATAIN | FULL | EMPTY| ALMF | ALME | OVFL | UDFL | DOUT   | RDATA  |
# +----------+-------+-----+----+-----+----+----+--------+--------+------+------+------+------+------+------+--------+--------+
# | OBS      | 31    |  1  | 1  |  0  | 1  | 0  | 0x00   | 0x0f   |  0   |   0  |  0   |  1   |  0   |  0   | 0xab   | 0x00   |
# | EXP      | 31    |  1  | 1  |  0  | 1  | 0  | 0x00   | 0x0f   |  0   |   0  |  0   |  1   |  0   |  0   | 0xab   | 0x00   |
# +----------+-------+-----+----+-----+----+----+--------+--------+------+------+------+------+------+------+--------+--------+
# Result: PASS | pass_count=31 fail_count=0
# UVM_INFO ../tb/agent/read_monitor.sv(44) @ 305000: uvm_test_top.env_h.agent_h.monitor_h [FIFO_MON] Monitor transaction[31]
# +----------+-------+-----+----+-----+----+----+--------+--------+------+------+------+------+------+------+--------+--------+
# | SRC      | IDX   | RST | CS | REG | WR | RD | ADDR   | DATAIN | FULL | EMPTY| ALMF | ALME | OVFL | UDFL | DOUT   | RDATA  |
# +----------+-------+-----+----+-----+----+----+--------+--------+------+------+------+------+------+------+--------+--------+
# | MON      | 31    |  1  | 1  |  0  | 1  | 0  | 0x00   | 0x0f   |  0   |   0  |  0   |  1   |  0   |  0   | 0xab   | 0x00   |
# +----------+-------+-----+----+-----+----+----+--------+--------+------+------+------+------+------+------+--------+--------+
# UVM_INFO ../tb/agent/write_drv.sv(33) @ 310000: uvm_test_top.env_h.agent_h.driver_h [FIFO_DRV] Driver transaction[32]
# +----------+-------+-----+----+-----+----+----+--------+--------+------+------+------+------+------+------+--------+--------+
# | SRC      | IDX   | RST | CS | REG | WR | RD | ADDR   | DATAIN | FULL | EMPTY| ALMF | ALME | OVFL | UDFL | DOUT   | RDATA  |
# +----------+-------+-----+----+-----+----+----+--------+--------+------+------+------+------+------+------+--------+--------+
# | DRV      | 32    |  1  | 0  |  0  | 0  | 1  | 0x00   | 0xc0   |  0   |   0  |  0   |  0   |  0   |  0   | 0x00   | 0x00   |
# +----------+-------+-----+----+-----+----+----+--------+--------+------+------+------+------+------+------+--------+--------+
# UVM_INFO ../tb/env/reference_model.sv(158) @ 315000: reporter [FIFO_REF] Reference model transaction[32]
# +----------+-------+-----+----+-----+----+----+--------+--------+------+------+------+------+------+------+--------+--------+
# | SRC      | IDX   | RST | CS | REG | WR | RD | ADDR   | DATAIN | FULL | EMPTY| ALMF | ALME | OVFL | UDFL | DOUT   | RDATA  |
# +----------+-------+-----+----+-----+----+----+--------+--------+------+------+------+------+------+------+--------+--------+
# | REF_IN   | 32    |  1  | 0  |  0  | 0  | 1  | 0x00   | 0xc0   |  0   |   0  |  0   |  1   |  0   |  0   | 0xab   | 0x00   |
# | REF_OUT  | 32    |  1  | 0  |  0  | 0  | 1  | 0x00   | 0xc0   |  0   |   0  |  0   |  1   |  0   |  0   | 0xab   | 0x00   |
# +----------+-------+-----+----+-----+----+----+--------+--------+------+------+------+------+------+------+--------+--------+
# State: old_occ=4 new_occ=4 af=8 ae=4 fill=3 clr_pulse=0
# UVM_INFO ../tb/env/scoreboard.sv(71) @ 315000: uvm_test_top.env_h.scoreboard_h [FIFO_SB_CMP] Scoreboard compare[32]
# +----------+-------+-----+----+-----+----+----+--------+--------+------+------+------+------+------+------+--------+--------+
# | SRC      | IDX   | RST | CS | REG | WR | RD | ADDR   | DATAIN | FULL | EMPTY| ALMF | ALME | OVFL | UDFL | DOUT   | RDATA  |
# +----------+-------+-----+----+-----+----+----+--------+--------+------+------+------+------+------+------+--------+--------+
# | OBS      | 32    |  1  | 0  |  0  | 0  | 1  | 0x00   | 0xc0   |  0   |   0  |  0   |  1   |  0   |  0   | 0xab   | 0x00   |
# | EXP      | 32    |  1  | 0  |  0  | 0  | 1  | 0x00   | 0xc0   |  0   |   0  |  0   |  1   |  0   |  0   | 0xab   | 0x00   |
# +----------+-------+-----+----+-----+----+----+--------+--------+------+------+------+------+------+------+--------+--------+
# Result: PASS | pass_count=32 fail_count=0
# UVM_INFO ../tb/agent/read_monitor.sv(44) @ 315000: uvm_test_top.env_h.agent_h.monitor_h [FIFO_MON] Monitor transaction[32]
# +----------+-------+-----+----+-----+----+----+--------+--------+------+------+------+------+------+------+--------+--------+
# | SRC      | IDX   | RST | CS | REG | WR | RD | ADDR   | DATAIN | FULL | EMPTY| ALMF | ALME | OVFL | UDFL | DOUT   | RDATA  |
# +----------+-------+-----+----+-----+----+----+--------+--------+------+------+------+------+------+------+--------+--------+
# | MON      | 32    |  1  | 0  |  0  | 0  | 1  | 0x00   | 0xc0   |  0   |   0  |  0   |  1   |  0   |  0   | 0xab   | 0x00   |
# +----------+-------+-----+----+-----+----+----+--------+--------+------+------+------+------+------+------+--------+--------+
# UVM_INFO ../tb/agent/write_drv.sv(33) @ 320000: uvm_test_top.env_h.agent_h.driver_h [FIFO_DRV] Driver transaction[33]
# +----------+-------+-----+----+-----+----+----+--------+--------+------+------+------+------+------+------+--------+--------+
# | SRC      | IDX   | RST | CS | REG | WR | RD | ADDR   | DATAIN | FULL | EMPTY| ALMF | ALME | OVFL | UDFL | DOUT   | RDATA  |
# +----------+-------+-----+----+-----+----+----+--------+--------+------+------+------+------+------+------+--------+--------+
# | DRV      | 33    |  1  | 1  |  0  | 0  | 1  | 0x00   | 0x53   |  0   |   0  |  0   |  0   |  0   |  0   | 0x00   | 0x00   |
# +----------+-------+-----+----+-----+----+----+--------+--------+------+------+------+------+------+------+--------+--------+
# UVM_INFO ../tb/env/reference_model.sv(158) @ 325000: reporter [FIFO_REF] Reference model transaction[33]
# +----------+-------+-----+----+-----+----+----+--------+--------+------+------+------+------+------+------+--------+--------+
# | SRC      | IDX   | RST | CS | REG | WR | RD | ADDR   | DATAIN | FULL | EMPTY| ALMF | ALME | OVFL | UDFL | DOUT   | RDATA  |
# +----------+-------+-----+----+-----+----+----+--------+--------+------+------+------+------+------+------+--------+--------+
# | REF_IN   | 33    |  1  | 1  |  0  | 0  | 1  | 0x00   | 0x53   |  0   |   0  |  0   |  1   |  0   |  0   | 0x31   | 0x00   |
# | REF_OUT  | 33    |  1  | 1  |  0  | 0  | 1  | 0x00   | 0x53   |  0   |   0  |  0   |  1   |  0   |  0   | 0x31   | 0x00   |
# +----------+-------+-----+----+-----+----+----+--------+--------+------+------+------+------+------+------+--------+--------+
# State: old_occ=4 new_occ=3 af=8 ae=4 fill=4 clr_pulse=0
# UVM_INFO ../tb/env/scoreboard.sv(71) @ 325000: uvm_test_top.env_h.scoreboard_h [FIFO_SB_CMP] Scoreboard compare[33]
# +----------+-------+-----+----+-----+----+----+--------+--------+------+------+------+------+------+------+--------+--------+
# | SRC      | IDX   | RST | CS | REG | WR | RD | ADDR   | DATAIN | FULL | EMPTY| ALMF | ALME | OVFL | UDFL | DOUT   | RDATA  |
# +----------+-------+-----+----+-----+----+----+--------+--------+------+------+------+------+------+------+--------+--------+
# | OBS      | 33    |  1  | 1  |  0  | 0  | 1  | 0x00   | 0x53   |  0   |   0  |  0   |  1   |  0   |  0   | 0x31   | 0x00   |
# | EXP      | 33    |  1  | 1  |  0  | 0  | 1  | 0x00   | 0x53   |  0   |   0  |  0   |  1   |  0   |  0   | 0x31   | 0x00   |
# +----------+-------+-----+----+-----+----+----+--------+--------+------+------+------+------+------+------+--------+--------+
# Result: PASS | pass_count=33 fail_count=0
# UVM_INFO ../tb/agent/read_monitor.sv(44) @ 325000: uvm_test_top.env_h.agent_h.monitor_h [FIFO_MON] Monitor transaction[33]
# +----------+-------+-----+----+-----+----+----+--------+--------+------+------+------+------+------+------+--------+--------+
# | SRC      | IDX   | RST | CS | REG | WR | RD | ADDR   | DATAIN | FULL | EMPTY| ALMF | ALME | OVFL | UDFL | DOUT   | RDATA  |
# +----------+-------+-----+----+-----+----+----+--------+--------+------+------+------+------+------+------+--------+--------+
# | MON      | 33    |  1  | 1  |  0  | 0  | 1  | 0x00   | 0x53   |  0   |   0  |  0   |  1   |  0   |  0   | 0x31   | 0x00   |
# +----------+-------+-----+----+-----+----+----+--------+--------+------+------+------+------+------+------+--------+--------+
# UVM_INFO ../tb/agent/write_drv.sv(33) @ 330000: uvm_test_top.env_h.agent_h.driver_h [FIFO_DRV] Driver transaction[34]
# +----------+-------+-----+----+-----+----+----+--------+--------+------+------+------+------+------+------+--------+--------+
# | SRC      | IDX   | RST | CS | REG | WR | RD | ADDR   | DATAIN | FULL | EMPTY| ALMF | ALME | OVFL | UDFL | DOUT   | RDATA  |
# +----------+-------+-----+----+-----+----+----+--------+--------+------+------+------+------+------+------+--------+--------+
# | DRV      | 34    |  1  | 0  |  1  | 0  | 1  | 0x00   | 0xe4   |  0   |   0  |  0   |  0   |  0   |  0   | 0x00   | 0x00   |
# +----------+-------+-----+----+-----+----+----+--------+--------+------+------+------+------+------+------+--------+--------+
# UVM_INFO ../tb/env/reference_model.sv(158) @ 335000: reporter [FIFO_REF] Reference model transaction[34]
# +----------+-------+-----+----+-----+----+----+--------+--------+------+------+------+------+------+------+--------+--------+
# | SRC      | IDX   | RST | CS | REG | WR | RD | ADDR   | DATAIN | FULL | EMPTY| ALMF | ALME | OVFL | UDFL | DOUT   | RDATA  |
# +----------+-------+-----+----+-----+----+----+--------+--------+------+------+------+------+------+------+--------+--------+
# | REF_IN   | 34    |  1  | 0  |  1  | 0  | 1  | 0x00   | 0xe4   |  0   |   0  |  0   |  1   |  0   |  0   | 0x31   | 0x00   |
# | REF_OUT  | 34    |  1  | 0  |  1  | 0  | 1  | 0x00   | 0xe4   |  0   |   0  |  0   |  1   |  0   |  0   | 0x31   | 0x00   |
# +----------+-------+-----+----+-----+----+----+--------+--------+------+------+------+------+------+------+--------+--------+
# State: old_occ=3 new_occ=3 af=8 ae=4 fill=4 clr_pulse=0
# UVM_INFO ../tb/env/scoreboard.sv(71) @ 335000: uvm_test_top.env_h.scoreboard_h [FIFO_SB_CMP] Scoreboard compare[34]
# +----------+-------+-----+----+-----+----+----+--------+--------+------+------+------+------+------+------+--------+--------+
# | SRC      | IDX   | RST | CS | REG | WR | RD | ADDR   | DATAIN | FULL | EMPTY| ALMF | ALME | OVFL | UDFL | DOUT   | RDATA  |
# +----------+-------+-----+----+-----+----+----+--------+--------+------+------+------+------+------+------+--------+--------+
# | OBS      | 34    |  1  | 0  |  1  | 0  | 1  | 0x00   | 0xe4   |  0   |   0  |  0   |  1   |  0   |  0   | 0x31   | 0x00   |
# | EXP      | 34    |  1  | 0  |  1  | 0  | 1  | 0x00   | 0xe4   |  0   |   0  |  0   |  1   |  0   |  0   | 0x31   | 0x00   |
# +----------+-------+-----+----+-----+----+----+--------+--------+------+------+------+------+------+------+--------+--------+
# Result: PASS | pass_count=34 fail_count=0
# UVM_INFO ../tb/agent/read_monitor.sv(44) @ 335000: uvm_test_top.env_h.agent_h.monitor_h [FIFO_MON] Monitor transaction[34]
# +----------+-------+-----+----+-----+----+----+--------+--------+------+------+------+------+------+------+--------+--------+
# | SRC      | IDX   | RST | CS | REG | WR | RD | ADDR   | DATAIN | FULL | EMPTY| ALMF | ALME | OVFL | UDFL | DOUT   | RDATA  |
# +----------+-------+-----+----+-----+----+----+--------+--------+------+------+------+------+------+------+--------+--------+
# | MON      | 34    |  1  | 0  |  1  | 0  | 1  | 0x00   | 0xe4   |  0   |   0  |  0   |  1   |  0   |  0   | 0x31   | 0x00   |
# +----------+-------+-----+----+-----+----+----+--------+--------+------+------+------+------+------+------+--------+--------+
# UVM_INFO ../tb/agent/write_drv.sv(33) @ 340000: uvm_test_top.env_h.agent_h.driver_h [FIFO_DRV] Driver transaction[35]
# +----------+-------+-----+----+-----+----+----+--------+--------+------+------+------+------+------+------+--------+--------+
# | SRC      | IDX   | RST | CS | REG | WR | RD | ADDR   | DATAIN | FULL | EMPTY| ALMF | ALME | OVFL | UDFL | DOUT   | RDATA  |
# +----------+-------+-----+----+-----+----+----+--------+--------+------+------+------+------+------+------+--------+--------+
# | DRV      | 35    |  1  | 1  |  0  | 1  | 0  | 0x00   | 0x73   |  0   |   0  |  0   |  0   |  0   |  0   | 0x00   | 0x00   |
# +----------+-------+-----+----+-----+----+----+--------+--------+------+------+------+------+------+------+--------+--------+
# UVM_INFO ../tb/env/reference_model.sv(158) @ 345000: reporter [FIFO_REF] Reference model transaction[35]
# +----------+-------+-----+----+-----+----+----+--------+--------+------+------+------+------+------+------+--------+--------+
# | SRC      | IDX   | RST | CS | REG | WR | RD | ADDR   | DATAIN | FULL | EMPTY| ALMF | ALME | OVFL | UDFL | DOUT   | RDATA  |
# +----------+-------+-----+----+-----+----+----+--------+--------+------+------+------+------+------+------+--------+--------+
# | REF_IN   | 35    |  1  | 1  |  0  | 1  | 0  | 0x00   | 0x73   |  0   |   0  |  0   |  1   |  0   |  0   | 0x31   | 0x00   |
# | REF_OUT  | 35    |  1  | 1  |  0  | 1  | 0  | 0x00   | 0x73   |  0   |   0  |  0   |  1   |  0   |  0   | 0x31   | 0x00   |
# +----------+-------+-----+----+-----+----+----+--------+--------+------+------+------+------+------+------+--------+--------+
# State: old_occ=3 new_occ=4 af=8 ae=4 fill=3 clr_pulse=0
# UVM_INFO ../tb/env/scoreboard.sv(71) @ 345000: uvm_test_top.env_h.scoreboard_h [FIFO_SB_CMP] Scoreboard compare[35]
# +----------+-------+-----+----+-----+----+----+--------+--------+------+------+------+------+------+------+--------+--------+
# | SRC      | IDX   | RST | CS | REG | WR | RD | ADDR   | DATAIN | FULL | EMPTY| ALMF | ALME | OVFL | UDFL | DOUT   | RDATA  |
# +----------+-------+-----+----+-----+----+----+--------+--------+------+------+------+------+------+------+--------+--------+
# | OBS      | 35    |  1  | 1  |  0  | 1  | 0  | 0x00   | 0x73   |  0   |   0  |  0   |  1   |  0   |  0   | 0x31   | 0x00   |
# | EXP      | 35    |  1  | 1  |  0  | 1  | 0  | 0x00   | 0x73   |  0   |   0  |  0   |  1   |  0   |  0   | 0x31   | 0x00   |
# +----------+-------+-----+----+-----+----+----+--------+--------+------+------+------+------+------+------+--------+--------+
# Result: PASS | pass_count=35 fail_count=0
# UVM_INFO ../tb/agent/read_monitor.sv(44) @ 345000: uvm_test_top.env_h.agent_h.monitor_h [FIFO_MON] Monitor transaction[35]
# +----------+-------+-----+----+-----+----+----+--------+--------+------+------+------+------+------+------+--------+--------+
# | SRC      | IDX   | RST | CS | REG | WR | RD | ADDR   | DATAIN | FULL | EMPTY| ALMF | ALME | OVFL | UDFL | DOUT   | RDATA  |
# +----------+-------+-----+----+-----+----+----+--------+--------+------+------+------+------+------+------+--------+--------+
# | MON      | 35    |  1  | 1  |  0  | 1  | 0  | 0x00   | 0x73   |  0   |   0  |  0   |  1   |  0   |  0   | 0x31   | 0x00   |
# +----------+-------+-----+----+-----+----+----+--------+--------+------+------+------+------+------+------+--------+--------+
# UVM_INFO ../tb/agent/write_drv.sv(33) @ 350000: uvm_test_top.env_h.agent_h.driver_h [FIFO_DRV] Driver transaction[36]
# +----------+-------+-----+----+-----+----+----+--------+--------+------+------+------+------+------+------+--------+--------+
# | SRC      | IDX   | RST | CS | REG | WR | RD | ADDR   | DATAIN | FULL | EMPTY| ALMF | ALME | OVFL | UDFL | DOUT   | RDATA  |
# +----------+-------+-----+----+-----+----+----+--------+--------+------+------+------+------+------+------+--------+--------+
# | DRV      | 36    |  1  | 1  |  0  | 0  | 1  | 0x00   | 0x61   |  0   |   0  |  0   |  0   |  0   |  0   | 0x00   | 0x00   |
# +----------+-------+-----+----+-----+----+----+--------+--------+------+------+------+------+------+------+--------+--------+
# UVM_INFO ../tb/env/reference_model.sv(158) @ 355000: reporter [FIFO_REF] Reference model transaction[36]
# +----------+-------+-----+----+-----+----+----+--------+--------+------+------+------+------+------+------+--------+--------+
# | SRC      | IDX   | RST | CS | REG | WR | RD | ADDR   | DATAIN | FULL | EMPTY| ALMF | ALME | OVFL | UDFL | DOUT   | RDATA  |
# +----------+-------+-----+----+-----+----+----+--------+--------+------+------+------+------+------+------+--------+--------+
# | REF_IN   | 36    |  1  | 1  |  0  | 0  | 1  | 0x00   | 0x61   |  0   |   0  |  0   |  1   |  0   |  0   | 0x8e   | 0x00   |
# | REF_OUT  | 36    |  1  | 1  |  0  | 0  | 1  | 0x00   | 0x61   |  0   |   0  |  0   |  1   |  0   |  0   | 0x8e   | 0x00   |
# +----------+-------+-----+----+-----+----+----+--------+--------+------+------+------+------+------+------+--------+--------+
# State: old_occ=4 new_occ=3 af=8 ae=4 fill=4 clr_pulse=0
# UVM_INFO ../tb/env/scoreboard.sv(71) @ 355000: uvm_test_top.env_h.scoreboard_h [FIFO_SB_CMP] Scoreboard compare[36]
# +----------+-------+-----+----+-----+----+----+--------+--------+------+------+------+------+------+------+--------+--------+
# | SRC      | IDX   | RST | CS | REG | WR | RD | ADDR   | DATAIN | FULL | EMPTY| ALMF | ALME | OVFL | UDFL | DOUT   | RDATA  |
# +----------+-------+-----+----+-----+----+----+--------+--------+------+------+------+------+------+------+--------+--------+
# | OBS      | 36    |  1  | 1  |  0  | 0  | 1  | 0x00   | 0x61   |  0   |   0  |  0   |  1   |  0   |  0   | 0x8e   | 0x00   |
# | EXP      | 36    |  1  | 1  |  0  | 0  | 1  | 0x00   | 0x61   |  0   |   0  |  0   |  1   |  0   |  0   | 0x8e   | 0x00   |
# +----------+-------+-----+----+-----+----+----+--------+--------+------+------+------+------+------+------+--------+--------+
# Result: PASS | pass_count=36 fail_count=0
# UVM_INFO ../tb/agent/read_monitor.sv(44) @ 355000: uvm_test_top.env_h.agent_h.monitor_h [FIFO_MON] Monitor transaction[36]
# +----------+-------+-----+----+-----+----+----+--------+--------+------+------+------+------+------+------+--------+--------+
# | SRC      | IDX   | RST | CS | REG | WR | RD | ADDR   | DATAIN | FULL | EMPTY| ALMF | ALME | OVFL | UDFL | DOUT   | RDATA  |
# +----------+-------+-----+----+-----+----+----+--------+--------+------+------+------+------+------+------+--------+--------+
# | MON      | 36    |  1  | 1  |  0  | 0  | 1  | 0x00   | 0x61   |  0   |   0  |  0   |  1   |  0   |  0   | 0x8e   | 0x00   |
# +----------+-------+-----+----+-----+----+----+--------+--------+------+------+------+------+------+------+--------+--------+
# UVM_INFO ../tb/agent/write_drv.sv(33) @ 360000: uvm_test_top.env_h.agent_h.driver_h [FIFO_DRV] Driver transaction[37]
# +----------+-------+-----+----+-----+----+----+--------+--------+------+------+------+------+------+------+--------+--------+
# | SRC      | IDX   | RST | CS | REG | WR | RD | ADDR   | DATAIN | FULL | EMPTY| ALMF | ALME | OVFL | UDFL | DOUT   | RDATA  |
# +----------+-------+-----+----+-----+----+----+--------+--------+------+------+------+------+------+------+--------+--------+
# | DRV      | 37    |  1  | 1  |  1  | 0  | 0  | 0x08   | 0x36   |  0   |   0  |  0   |  0   |  0   |  0   | 0x00   | 0x00   |
# +----------+-------+-----+----+-----+----+----+--------+--------+------+------+------+------+------+------+--------+--------+
# UVM_INFO ../tb/env/reference_model.sv(158) @ 365000: reporter [FIFO_REF] Reference model transaction[37]
# +----------+-------+-----+----+-----+----+----+--------+--------+------+------+------+------+------+------+--------+--------+
# | SRC      | IDX   | RST | CS | REG | WR | RD | ADDR   | DATAIN | FULL | EMPTY| ALMF | ALME | OVFL | UDFL | DOUT   | RDATA  |
# +----------+-------+-----+----+-----+----+----+--------+--------+------+------+------+------+------+------+--------+--------+
# | REF_IN   | 37    |  1  | 1  |  1  | 0  | 0  | 0x08   | 0x36   |  0   |   0  |  0   |  1   |  0   |  0   | 0x8e   | 0x00   |
# | REF_OUT  | 37    |  1  | 1  |  1  | 0  | 0  | 0x08   | 0x36   |  0   |   0  |  0   |  1   |  0   |  0   | 0x8e   | 0x00   |
# +----------+-------+-----+----+-----+----+----+--------+--------+------+------+------+------+------+------+--------+--------+
# State: old_occ=3 new_occ=3 af=8 ae=4 fill=3 clr_pulse=0
# UVM_INFO ../tb/env/scoreboard.sv(71) @ 365000: uvm_test_top.env_h.scoreboard_h [FIFO_SB_CMP] Scoreboard compare[37]
# +----------+-------+-----+----+-----+----+----+--------+--------+------+------+------+------+------+------+--------+--------+
# | SRC      | IDX   | RST | CS | REG | WR | RD | ADDR   | DATAIN | FULL | EMPTY| ALMF | ALME | OVFL | UDFL | DOUT   | RDATA  |
# +----------+-------+-----+----+-----+----+----+--------+--------+------+------+------+------+------+------+--------+--------+
# | OBS      | 37    |  1  | 1  |  1  | 0  | 0  | 0x08   | 0x36   |  0   |   0  |  0   |  1   |  0   |  0   | 0x8e   | 0x00   |
# | EXP      | 37    |  1  | 1  |  1  | 0  | 0  | 0x08   | 0x36   |  0   |   0  |  0   |  1   |  0   |  0   | 0x8e   | 0x00   |
# +----------+-------+-----+----+-----+----+----+--------+--------+------+------+------+------+------+------+--------+--------+
# Result: PASS | pass_count=37 fail_count=0
# UVM_INFO ../tb/agent/read_monitor.sv(44) @ 365000: uvm_test_top.env_h.agent_h.monitor_h [FIFO_MON] Monitor transaction[37]
# +----------+-------+-----+----+-----+----+----+--------+--------+------+------+------+------+------+------+--------+--------+
# | SRC      | IDX   | RST | CS | REG | WR | RD | ADDR   | DATAIN | FULL | EMPTY| ALMF | ALME | OVFL | UDFL | DOUT   | RDATA  |
# +----------+-------+-----+----+-----+----+----+--------+--------+------+------+------+------+------+------+--------+--------+
# | MON      | 37    |  1  | 1  |  1  | 0  | 0  | 0x08   | 0x36   |  0   |   0  |  0   |  1   |  0   |  0   | 0x8e   | 0x00   |
# +----------+-------+-----+----+-----+----+----+--------+--------+------+------+------+------+------+------+--------+--------+
# UVM_INFO ../tb/agent/write_drv.sv(33) @ 370000: uvm_test_top.env_h.agent_h.driver_h [FIFO_DRV] Driver transaction[38]
# +----------+-------+-----+----+-----+----+----+--------+--------+------+------+------+------+------+------+--------+--------+
# | SRC      | IDX   | RST | CS | REG | WR | RD | ADDR   | DATAIN | FULL | EMPTY| ALMF | ALME | OVFL | UDFL | DOUT   | RDATA  |
# +----------+-------+-----+----+-----+----+----+--------+--------+------+------+------+------+------+------+--------+--------+
# | DRV      | 38    |  1  | 1  |  0  | 0  | 0  | 0x00   | 0xfa   |  0   |   0  |  0   |  0   |  0   |  0   | 0x00   | 0x00   |
# +----------+-------+-----+----+-----+----+----+--------+--------+------+------+------+------+------+------+--------+--------+
# UVM_INFO ../tb/env/reference_model.sv(158) @ 375000: reporter [FIFO_REF] Reference model transaction[38]
# +----------+-------+-----+----+-----+----+----+--------+--------+------+------+------+------+------+------+--------+--------+
# | SRC      | IDX   | RST | CS | REG | WR | RD | ADDR   | DATAIN | FULL | EMPTY| ALMF | ALME | OVFL | UDFL | DOUT   | RDATA  |
# +----------+-------+-----+----+-----+----+----+--------+--------+------+------+------+------+------+------+--------+--------+
# | REF_IN   | 38    |  1  | 1  |  0  | 0  | 0  | 0x00   | 0xfa   |  0   |   0  |  0   |  1   |  0   |  0   | 0x8e   | 0x00   |
# | REF_OUT  | 38    |  1  | 1  |  0  | 0  | 0  | 0x00   | 0xfa   |  0   |   0  |  0   |  1   |  0   |  0   | 0x8e   | 0x00   |
# +----------+-------+-----+----+-----+----+----+--------+--------+------+------+------+------+------+------+--------+--------+
# State: old_occ=3 new_occ=3 af=8 ae=4 fill=3 clr_pulse=0
# UVM_INFO ../tb/env/scoreboard.sv(71) @ 375000: uvm_test_top.env_h.scoreboard_h [FIFO_SB_CMP] Scoreboard compare[38]
# +----------+-------+-----+----+-----+----+----+--------+--------+------+------+------+------+------+------+--------+--------+
# | SRC      | IDX   | RST | CS | REG | WR | RD | ADDR   | DATAIN | FULL | EMPTY| ALMF | ALME | OVFL | UDFL | DOUT   | RDATA  |
# +----------+-------+-----+----+-----+----+----+--------+--------+------+------+------+------+------+------+--------+--------+
# | OBS      | 38    |  1  | 1  |  0  | 0  | 0  | 0x00   | 0xfa   |  0   |   0  |  0   |  1   |  0   |  0   | 0x8e   | 0x00   |
# | EXP      | 38    |  1  | 1  |  0  | 0  | 0  | 0x00   | 0xfa   |  0   |   0  |  0   |  1   |  0   |  0   | 0x8e   | 0x00   |
# +----------+-------+-----+----+-----+----+----+--------+--------+------+------+------+------+------+------+--------+--------+
# Result: PASS | pass_count=38 fail_count=0
# UVM_INFO ../tb/agent/read_monitor.sv(44) @ 375000: uvm_test_top.env_h.agent_h.monitor_h [FIFO_MON] Monitor transaction[38]
# +----------+-------+-----+----+-----+----+----+--------+--------+------+------+------+------+------+------+--------+--------+
# | SRC      | IDX   | RST | CS | REG | WR | RD | ADDR   | DATAIN | FULL | EMPTY| ALMF | ALME | OVFL | UDFL | DOUT   | RDATA  |
# +----------+-------+-----+----+-----+----+----+--------+--------+------+------+------+------+------+------+--------+--------+
# | MON      | 38    |  1  | 1  |  0  | 0  | 0  | 0x00   | 0xfa   |  0   |   0  |  0   |  1   |  0   |  0   | 0x8e   | 0x00   |
# +----------+-------+-----+----+-----+----+----+--------+--------+------+------+------+------+------+------+--------+--------+
# UVM_INFO ../tb/agent/write_drv.sv(33) @ 380000: uvm_test_top.env_h.agent_h.driver_h [FIFO_DRV] Driver transaction[39]
# +----------+-------+-----+----+-----+----+----+--------+--------+------+------+------+------+------+------+--------+--------+
# | SRC      | IDX   | RST | CS | REG | WR | RD | ADDR   | DATAIN | FULL | EMPTY| ALMF | ALME | OVFL | UDFL | DOUT   | RDATA  |
# +----------+-------+-----+----+-----+----+----+--------+--------+------+------+------+------+------+------+--------+--------+
# | DRV      | 39    |  1  | 1  |  1  | 1  | 0  | 0x20   | 0xe8   |  0   |   0  |  0   |  0   |  0   |  0   | 0x00   | 0x00   |
# +----------+-------+-----+----+-----+----+----+--------+--------+------+------+------+------+------+------+--------+--------+
# UVM_INFO ../tb/env/reference_model.sv(158) @ 385000: reporter [FIFO_REF] Reference model transaction[39]
# +----------+-------+-----+----+-----+----+----+--------+--------+------+------+------+------+------+------+--------+--------+
# | SRC      | IDX   | RST | CS | REG | WR | RD | ADDR   | DATAIN | FULL | EMPTY| ALMF | ALME | OVFL | UDFL | DOUT   | RDATA  |
# +----------+-------+-----+----+-----+----+----+--------+--------+------+------+------+------+------+------+--------+--------+
# | REF_IN   | 39    |  1  | 1  |  1  | 1  | 0  | 0x20   | 0xe8   |  0   |   0  |  0   |  1   |  0   |  0   | 0x8e   | 0x00   |
# | REF_OUT  | 39    |  1  | 1  |  1  | 1  | 0  | 0x20   | 0xe8   |  0   |   0  |  0   |  1   |  0   |  0   | 0x8e   | 0x00   |
# +----------+-------+-----+----+-----+----+----+--------+--------+------+------+------+------+------+------+--------+--------+
# State: old_occ=3 new_occ=3 af=8 ae=4 fill=3 clr_pulse=0
# UVM_INFO ../tb/env/scoreboard.sv(71) @ 385000: uvm_test_top.env_h.scoreboard_h [FIFO_SB_CMP] Scoreboard compare[39]
# +----------+-------+-----+----+-----+----+----+--------+--------+------+------+------+------+------+------+--------+--------+
# | SRC      | IDX   | RST | CS | REG | WR | RD | ADDR   | DATAIN | FULL | EMPTY| ALMF | ALME | OVFL | UDFL | DOUT   | RDATA  |
# +----------+-------+-----+----+-----+----+----+--------+--------+------+------+------+------+------+------+--------+--------+
# | OBS      | 39    |  1  | 1  |  1  | 1  | 0  | 0x20   | 0xe8   |  0   |   0  |  0   |  1   |  0   |  0   | 0x8e   | 0x00   |
# | EXP      | 39    |  1  | 1  |  1  | 1  | 0  | 0x20   | 0xe8   |  0   |   0  |  0   |  1   |  0   |  0   | 0x8e   | 0x00   |
# +----------+-------+-----+----+-----+----+----+--------+--------+------+------+------+------+------+------+--------+--------+
# Result: PASS | pass_count=39 fail_count=0
# UVM_INFO ../tb/agent/read_monitor.sv(44) @ 385000: uvm_test_top.env_h.agent_h.monitor_h [FIFO_MON] Monitor transaction[39]
# +----------+-------+-----+----+-----+----+----+--------+--------+------+------+------+------+------+------+--------+--------+
# | SRC      | IDX   | RST | CS | REG | WR | RD | ADDR   | DATAIN | FULL | EMPTY| ALMF | ALME | OVFL | UDFL | DOUT   | RDATA  |
# +----------+-------+-----+----+-----+----+----+--------+--------+------+------+------+------+------+------+--------+--------+
# | MON      | 39    |  1  | 1  |  1  | 1  | 0  | 0x20   | 0xe8   |  0   |   0  |  0   |  1   |  0   |  0   | 0x8e   | 0x00   |
# +----------+-------+-----+----+-----+----+----+--------+--------+------+------+------+------+------+------+--------+--------+
# UVM_INFO ../tb/agent/write_drv.sv(33) @ 390000: uvm_test_top.env_h.agent_h.driver_h [FIFO_DRV] Driver transaction[40]
# +----------+-------+-----+----+-----+----+----+--------+--------+------+------+------+------+------+------+--------+--------+
# | SRC      | IDX   | RST | CS | REG | WR | RD | ADDR   | DATAIN | FULL | EMPTY| ALMF | ALME | OVFL | UDFL | DOUT   | RDATA  |
# +----------+-------+-----+----+-----+----+----+--------+--------+------+------+------+------+------+------+--------+--------+
# | DRV      | 40    |  1  | 1  |  1  | 1  | 0  | 0x10   | 0x41   |  0   |   0  |  0   |  0   |  0   |  0   | 0x00   | 0x00   |
# +----------+-------+-----+----+-----+----+----+--------+--------+------+------+------+------+------+------+--------+--------+
# UVM_INFO ../tb/env/reference_model.sv(158) @ 395000: reporter [FIFO_REF] Reference model transaction[40]
# +----------+-------+-----+----+-----+----+----+--------+--------+------+------+------+------+------+------+--------+--------+
# | SRC      | IDX   | RST | CS | REG | WR | RD | ADDR   | DATAIN | FULL | EMPTY| ALMF | ALME | OVFL | UDFL | DOUT   | RDATA  |
# +----------+-------+-----+----+-----+----+----+--------+--------+------+------+------+------+------+------+--------+--------+
# | REF_IN   | 40    |  1  | 1  |  1  | 1  | 0  | 0x10   | 0x41   |  0   |   0  |  0   |  1   |  0   |  0   | 0x8e   | 0x00   |
# | REF_OUT  | 40    |  1  | 1  |  1  | 1  | 0  | 0x10   | 0x41   |  0   |   0  |  0   |  1   |  0   |  0   | 0x8e   | 0x00   |
# +----------+-------+-----+----+-----+----+----+--------+--------+------+------+------+------+------+------+--------+--------+
# State: old_occ=3 new_occ=3 af=8 ae=4 fill=3 clr_pulse=0
# UVM_INFO ../tb/env/scoreboard.sv(71) @ 395000: uvm_test_top.env_h.scoreboard_h [FIFO_SB_CMP] Scoreboard compare[40]
# +----------+-------+-----+----+-----+----+----+--------+--------+------+------+------+------+------+------+--------+--------+
# | SRC      | IDX   | RST | CS | REG | WR | RD | ADDR   | DATAIN | FULL | EMPTY| ALMF | ALME | OVFL | UDFL | DOUT   | RDATA  |
# +----------+-------+-----+----+-----+----+----+--------+--------+------+------+------+------+------+------+--------+--------+
# | OBS      | 40    |  1  | 1  |  1  | 1  | 0  | 0x10   | 0x41   |  0   |   0  |  0   |  1   |  0   |  0   | 0x8e   | 0x00   |
# | EXP      | 40    |  1  | 1  |  1  | 1  | 0  | 0x10   | 0x41   |  0   |   0  |  0   |  1   |  0   |  0   | 0x8e   | 0x00   |
# +----------+-------+-----+----+-----+----+----+--------+--------+------+------+------+------+------+------+--------+--------+
# Result: PASS | pass_count=40 fail_count=0
# UVM_INFO ../tb/agent/read_monitor.sv(44) @ 395000: uvm_test_top.env_h.agent_h.monitor_h [FIFO_MON] Monitor transaction[40]
# +----------+-------+-----+----+-----+----+----+--------+--------+------+------+------+------+------+------+--------+--------+
# | SRC      | IDX   | RST | CS | REG | WR | RD | ADDR   | DATAIN | FULL | EMPTY| ALMF | ALME | OVFL | UDFL | DOUT   | RDATA  |
# +----------+-------+-----+----+-----+----+----+--------+--------+------+------+------+------+------+------+--------+--------+
# | MON      | 40    |  1  | 1  |  1  | 1  | 0  | 0x10   | 0x41   |  0   |   0  |  0   |  1   |  0   |  0   | 0x8e   | 0x00   |
# +----------+-------+-----+----+-----+----+----+--------+--------+------+------+------+------+------+------+--------+--------+
# UVM_INFO ../tb/agent/write_drv.sv(33) @ 400000: uvm_test_top.env_h.agent_h.driver_h [FIFO_DRV] Driver transaction[41]
# +----------+-------+-----+----+-----+----+----+--------+--------+------+------+------+------+------+------+--------+--------+
# | SRC      | IDX   | RST | CS | REG | WR | RD | ADDR   | DATAIN | FULL | EMPTY| ALMF | ALME | OVFL | UDFL | DOUT   | RDATA  |
# +----------+-------+-----+----+-----+----+----+--------+--------+------+------+------+------+------+------+--------+--------+
# | DRV      | 41    |  1  | 1  |  0  | 0  | 0  | 0x00   | 0xba   |  0   |   0  |  0   |  0   |  0   |  0   | 0x00   | 0x00   |
# +----------+-------+-----+----+-----+----+----+--------+--------+------+------+------+------+------+------+--------+--------+
# UVM_INFO ../tb/env/reference_model.sv(158) @ 405000: reporter [FIFO_REF] Reference model transaction[41]
# +----------+-------+-----+----+-----+----+----+--------+--------+------+------+------+------+------+------+--------+--------+
# | SRC      | IDX   | RST | CS | REG | WR | RD | ADDR   | DATAIN | FULL | EMPTY| ALMF | ALME | OVFL | UDFL | DOUT   | RDATA  |
# +----------+-------+-----+----+-----+----+----+--------+--------+------+------+------+------+------+------+--------+--------+
# | REF_IN   | 41    |  1  | 1  |  0  | 0  | 0  | 0x00   | 0xba   |  0   |   0  |  0   |  1   |  0   |  0   | 0x8e   | 0x00   |
# | REF_OUT  | 41    |  1  | 1  |  0  | 0  | 0  | 0x00   | 0xba   |  0   |   0  |  0   |  1   |  0   |  0   | 0x8e   | 0x00   |
# +----------+-------+-----+----+-----+----+----+--------+--------+------+------+------+------+------+------+--------+--------+
# State: old_occ=3 new_occ=3 af=8 ae=4 fill=3 clr_pulse=0
# UVM_INFO ../tb/env/scoreboard.sv(71) @ 405000: uvm_test_top.env_h.scoreboard_h [FIFO_SB_CMP] Scoreboard compare[41]
# +----------+-------+-----+----+-----+----+----+--------+--------+------+------+------+------+------+------+--------+--------+
# | SRC      | IDX   | RST | CS | REG | WR | RD | ADDR   | DATAIN | FULL | EMPTY| ALMF | ALME | OVFL | UDFL | DOUT   | RDATA  |
# +----------+-------+-----+----+-----+----+----+--------+--------+------+------+------+------+------+------+--------+--------+
# | OBS      | 41    |  1  | 1  |  0  | 0  | 0  | 0x00   | 0xba   |  0   |   0  |  0   |  1   |  0   |  0   | 0x8e   | 0x00   |
# | EXP      | 41    |  1  | 1  |  0  | 0  | 0  | 0x00   | 0xba   |  0   |   0  |  0   |  1   |  0   |  0   | 0x8e   | 0x00   |
# +----------+-------+-----+----+-----+----+----+--------+--------+------+------+------+------+------+------+--------+--------+
# Result: PASS | pass_count=41 fail_count=0
# UVM_INFO ../tb/agent/read_monitor.sv(44) @ 405000: uvm_test_top.env_h.agent_h.monitor_h [FIFO_MON] Monitor transaction[41]
# +----------+-------+-----+----+-----+----+----+--------+--------+------+------+------+------+------+------+--------+--------+
# | SRC      | IDX   | RST | CS | REG | WR | RD | ADDR   | DATAIN | FULL | EMPTY| ALMF | ALME | OVFL | UDFL | DOUT   | RDATA  |
# +----------+-------+-----+----+-----+----+----+--------+--------+------+------+------+------+------+------+--------+--------+
# | MON      | 41    |  1  | 1  |  0  | 0  | 0  | 0x00   | 0xba   |  0   |   0  |  0   |  1   |  0   |  0   | 0x8e   | 0x00   |
# +----------+-------+-----+----+-----+----+----+--------+--------+------+------+------+------+------+------+--------+--------+
# UVM_INFO ../tb/agent/write_drv.sv(33) @ 410000: uvm_test_top.env_h.agent_h.driver_h [FIFO_DRV] Driver transaction[42]
# +----------+-------+-----+----+-----+----+----+--------+--------+------+------+------+------+------+------+--------+--------+
# | SRC      | IDX   | RST | CS | REG | WR | RD | ADDR   | DATAIN | FULL | EMPTY| ALMF | ALME | OVFL | UDFL | DOUT   | RDATA  |
# +----------+-------+-----+----+-----+----+----+--------+--------+------+------+------+------+------+------+--------+--------+
# | DRV      | 42    |  1  | 1  |  0  | 1  | 0  | 0x00   | 0x92   |  0   |   0  |  0   |  0   |  0   |  0   | 0x00   | 0x00   |
# +----------+-------+-----+----+-----+----+----+--------+--------+------+------+------+------+------+------+--------+--------+
# UVM_INFO ../tb/env/reference_model.sv(158) @ 415000: reporter [FIFO_REF] Reference model transaction[42]
# +----------+-------+-----+----+-----+----+----+--------+--------+------+------+------+------+------+------+--------+--------+
# | SRC      | IDX   | RST | CS | REG | WR | RD | ADDR   | DATAIN | FULL | EMPTY| ALMF | ALME | OVFL | UDFL | DOUT   | RDATA  |
# +----------+-------+-----+----+-----+----+----+--------+--------+------+------+------+------+------+------+--------+--------+
# | REF_IN   | 42    |  1  | 1  |  0  | 1  | 0  | 0x00   | 0x92   |  0   |   0  |  0   |  1   |  0   |  0   | 0x8e   | 0x00   |
# | REF_OUT  | 42    |  1  | 1  |  0  | 1  | 0  | 0x00   | 0x92   |  0   |   0  |  0   |  1   |  0   |  0   | 0x8e   | 0x00   |
# +----------+-------+-----+----+-----+----+----+--------+--------+------+------+------+------+------+------+--------+--------+
# State: old_occ=3 new_occ=4 af=8 ae=4 fill=3 clr_pulse=0
# UVM_INFO ../tb/env/scoreboard.sv(71) @ 415000: uvm_test_top.env_h.scoreboard_h [FIFO_SB_CMP] Scoreboard compare[42]
# +----------+-------+-----+----+-----+----+----+--------+--------+------+------+------+------+------+------+--------+--------+
# | SRC      | IDX   | RST | CS | REG | WR | RD | ADDR   | DATAIN | FULL | EMPTY| ALMF | ALME | OVFL | UDFL | DOUT   | RDATA  |
# +----------+-------+-----+----+-----+----+----+--------+--------+------+------+------+------+------+------+--------+--------+
# | OBS      | 42    |  1  | 1  |  0  | 1  | 0  | 0x00   | 0x92   |  0   |   0  |  0   |  1   |  0   |  0   | 0x8e   | 0x00   |
# | EXP      | 42    |  1  | 1  |  0  | 1  | 0  | 0x00   | 0x92   |  0   |   0  |  0   |  1   |  0   |  0   | 0x8e   | 0x00   |
# +----------+-------+-----+----+-----+----+----+--------+--------+------+------+------+------+------+------+--------+--------+
# Result: PASS | pass_count=42 fail_count=0
# UVM_INFO ../tb/agent/read_monitor.sv(44) @ 415000: uvm_test_top.env_h.agent_h.monitor_h [FIFO_MON] Monitor transaction[42]
# +----------+-------+-----+----+-----+----+----+--------+--------+------+------+------+------+------+------+--------+--------+
# | SRC      | IDX   | RST | CS | REG | WR | RD | ADDR   | DATAIN | FULL | EMPTY| ALMF | ALME | OVFL | UDFL | DOUT   | RDATA  |
# +----------+-------+-----+----+-----+----+----+--------+--------+------+------+------+------+------+------+--------+--------+
# | MON      | 42    |  1  | 1  |  0  | 1  | 0  | 0x00   | 0x92   |  0   |   0  |  0   |  1   |  0   |  0   | 0x8e   | 0x00   |
# +----------+-------+-----+----+-----+----+----+--------+--------+------+------+------+------+------+------+--------+--------+
# UVM_INFO ../tb/agent/write_drv.sv(33) @ 420000: uvm_test_top.env_h.agent_h.driver_h [FIFO_DRV] Driver transaction[43]
# +----------+-------+-----+----+-----+----+----+--------+--------+------+------+------+------+------+------+--------+--------+
# | SRC      | IDX   | RST | CS | REG | WR | RD | ADDR   | DATAIN | FULL | EMPTY| ALMF | ALME | OVFL | UDFL | DOUT   | RDATA  |
# +----------+-------+-----+----+-----+----+----+--------+--------+------+------+------+------+------+------+--------+--------+
# | DRV      | 43    |  1  | 1  |  0  | 1  | 0  | 0x00   | 0x7c   |  0   |   0  |  0   |  0   |  0   |  0   | 0x00   | 0x00   |
# +----------+-------+-----+----+-----+----+----+--------+--------+------+------+------+------+------+------+--------+--------+
# UVM_INFO ../tb/env/reference_model.sv(158) @ 425000: reporter [FIFO_REF] Reference model transaction[43]
# +----------+-------+-----+----+-----+----+----+--------+--------+------+------+------+------+------+------+--------+--------+
# | SRC      | IDX   | RST | CS | REG | WR | RD | ADDR   | DATAIN | FULL | EMPTY| ALMF | ALME | OVFL | UDFL | DOUT   | RDATA  |
# +----------+-------+-----+----+-----+----+----+--------+--------+------+------+------+------+------+------+--------+--------+
# | REF_IN   | 43    |  1  | 1  |  0  | 1  | 0  | 0x00   | 0x7c   |  0   |   0  |  0   |  0   |  0   |  0   | 0x8e   | 0x00   |
# | REF_OUT  | 43    |  1  | 1  |  0  | 1  | 0  | 0x00   | 0x7c   |  0   |   0  |  0   |  0   |  0   |  0   | 0x8e   | 0x00   |
# +----------+-------+-----+----+-----+----+----+--------+--------+------+------+------+------+------+------+--------+--------+
# State: old_occ=4 new_occ=5 af=8 ae=4 fill=4 clr_pulse=0
# UVM_INFO ../tb/env/scoreboard.sv(71) @ 425000: uvm_test_top.env_h.scoreboard_h [FIFO_SB_CMP] Scoreboard compare[43]
# +----------+-------+-----+----+-----+----+----+--------+--------+------+------+------+------+------+------+--------+--------+
# | SRC      | IDX   | RST | CS | REG | WR | RD | ADDR   | DATAIN | FULL | EMPTY| ALMF | ALME | OVFL | UDFL | DOUT   | RDATA  |
# +----------+-------+-----+----+-----+----+----+--------+--------+------+------+------+------+------+------+--------+--------+
# | OBS      | 43    |  1  | 1  |  0  | 1  | 0  | 0x00   | 0x7c   |  0   |   0  |  0   |  0   |  0   |  0   | 0x8e   | 0x00   |
# | EXP      | 43    |  1  | 1  |  0  | 1  | 0  | 0x00   | 0x7c   |  0   |   0  |  0   |  0   |  0   |  0   | 0x8e   | 0x00   |
# +----------+-------+-----+----+-----+----+----+--------+--------+------+------+------+------+------+------+--------+--------+
# Result: PASS | pass_count=43 fail_count=0
# UVM_INFO ../tb/agent/read_monitor.sv(44) @ 425000: uvm_test_top.env_h.agent_h.monitor_h [FIFO_MON] Monitor transaction[43]
# +----------+-------+-----+----+-----+----+----+--------+--------+------+------+------+------+------+------+--------+--------+
# | SRC      | IDX   | RST | CS | REG | WR | RD | ADDR   | DATAIN | FULL | EMPTY| ALMF | ALME | OVFL | UDFL | DOUT   | RDATA  |
# +----------+-------+-----+----+-----+----+----+--------+--------+------+------+------+------+------+------+--------+--------+
# | MON      | 43    |  1  | 1  |  0  | 1  | 0  | 0x00   | 0x7c   |  0   |   0  |  0   |  0   |  0   |  0   | 0x8e   | 0x00   |
# +----------+-------+-----+----+-----+----+----+--------+--------+------+------+------+------+------+------+--------+--------+
# UVM_INFO ../tb/agent/write_drv.sv(33) @ 430000: uvm_test_top.env_h.agent_h.driver_h [FIFO_DRV] Driver transaction[44]
# +----------+-------+-----+----+-----+----+----+--------+--------+------+------+------+------+------+------+--------+--------+
# | SRC      | IDX   | RST | CS | REG | WR | RD | ADDR   | DATAIN | FULL | EMPTY| ALMF | ALME | OVFL | UDFL | DOUT   | RDATA  |
# +----------+-------+-----+----+-----+----+----+--------+--------+------+------+------+------+------+------+--------+--------+
# | DRV      | 44    |  1  | 1  |  1  | 1  | 0  | 0x10   | 0xa6   |  0   |   0  |  0   |  0   |  0   |  0   | 0x00   | 0x00   |
# +----------+-------+-----+----+-----+----+----+--------+--------+------+------+------+------+------+------+--------+--------+
# UVM_INFO ../tb/env/reference_model.sv(158) @ 435000: reporter [FIFO_REF] Reference model transaction[44]
# +----------+-------+-----+----+-----+----+----+--------+--------+------+------+------+------+------+------+--------+--------+
# | SRC      | IDX   | RST | CS | REG | WR | RD | ADDR   | DATAIN | FULL | EMPTY| ALMF | ALME | OVFL | UDFL | DOUT   | RDATA  |
# +----------+-------+-----+----+-----+----+----+--------+--------+------+------+------+------+------+------+--------+--------+
# | REF_IN   | 44    |  1  | 1  |  1  | 1  | 0  | 0x10   | 0xa6   |  0   |   0  |  0   |  0   |  0   |  0   | 0x8e   | 0x00   |
# | REF_OUT  | 44    |  1  | 1  |  1  | 1  | 0  | 0x10   | 0xa6   |  0   |   0  |  0   |  0   |  0   |  0   | 0x8e   | 0x00   |
# +----------+-------+-----+----+-----+----+----+--------+--------+------+------+------+------+------+------+--------+--------+
# State: old_occ=5 new_occ=5 af=8 ae=4 fill=5 clr_pulse=0
# UVM_INFO ../tb/env/scoreboard.sv(71) @ 435000: uvm_test_top.env_h.scoreboard_h [FIFO_SB_CMP] Scoreboard compare[44]
# +----------+-------+-----+----+-----+----+----+--------+--------+------+------+------+------+------+------+--------+--------+
# | SRC      | IDX   | RST | CS | REG | WR | RD | ADDR   | DATAIN | FULL | EMPTY| ALMF | ALME | OVFL | UDFL | DOUT   | RDATA  |
# +----------+-------+-----+----+-----+----+----+--------+--------+------+------+------+------+------+------+--------+--------+
# | OBS      | 44    |  1  | 1  |  1  | 1  | 0  | 0x10   | 0xa6   |  0   |   0  |  0   |  0   |  0   |  0   | 0x8e   | 0x00   |
# | EXP      | 44    |  1  | 1  |  1  | 1  | 0  | 0x10   | 0xa6   |  0   |   0  |  0   |  0   |  0   |  0   | 0x8e   | 0x00   |
# +----------+-------+-----+----+-----+----+----+--------+--------+------+------+------+------+------+------+--------+--------+
# Result: PASS | pass_count=44 fail_count=0
# UVM_INFO ../tb/agent/read_monitor.sv(44) @ 435000: uvm_test_top.env_h.agent_h.monitor_h [FIFO_MON] Monitor transaction[44]
# +----------+-------+-----+----+-----+----+----+--------+--------+------+------+------+------+------+------+--------+--------+
# | SRC      | IDX   | RST | CS | REG | WR | RD | ADDR   | DATAIN | FULL | EMPTY| ALMF | ALME | OVFL | UDFL | DOUT   | RDATA  |
# +----------+-------+-----+----+-----+----+----+--------+--------+------+------+------+------+------+------+--------+--------+
# | MON      | 44    |  1  | 1  |  1  | 1  | 0  | 0x10   | 0xa6   |  0   |   0  |  0   |  0   |  0   |  0   | 0x8e   | 0x00   |
# +----------+-------+-----+----+-----+----+----+--------+--------+------+------+------+------+------+------+--------+--------+
# UVM_INFO ../tb/agent/write_drv.sv(33) @ 440000: uvm_test_top.env_h.agent_h.driver_h [FIFO_DRV] Driver transaction[45]
# +----------+-------+-----+----+-----+----+----+--------+--------+------+------+------+------+------+------+--------+--------+
# | SRC      | IDX   | RST | CS | REG | WR | RD | ADDR   | DATAIN | FULL | EMPTY| ALMF | ALME | OVFL | UDFL | DOUT   | RDATA  |
# +----------+-------+-----+----+-----+----+----+--------+--------+------+------+------+------+------+------+--------+--------+
# | DRV      | 45    |  1  | 1  |  0  | 1  | 0  | 0x00   | 0x9b   |  0   |   0  |  0   |  0   |  0   |  0   | 0x00   | 0x00   |
# +----------+-------+-----+----+-----+----+----+--------+--------+------+------+------+------+------+------+--------+--------+
# UVM_INFO ../tb/env/reference_model.sv(158) @ 445000: reporter [FIFO_REF] Reference model transaction[45]
# +----------+-------+-----+----+-----+----+----+--------+--------+------+------+------+------+------+------+--------+--------+
# | SRC      | IDX   | RST | CS | REG | WR | RD | ADDR   | DATAIN | FULL | EMPTY| ALMF | ALME | OVFL | UDFL | DOUT   | RDATA  |
# +----------+-------+-----+----+-----+----+----+--------+--------+------+------+------+------+------+------+--------+--------+
# | REF_IN   | 45    |  1  | 1  |  0  | 1  | 0  | 0x00   | 0x9b   |  0   |   0  |  0   |  0   |  0   |  0   | 0x8e   | 0x00   |
# | REF_OUT  | 45    |  1  | 1  |  0  | 1  | 0  | 0x00   | 0x9b   |  0   |   0  |  0   |  0   |  0   |  0   | 0x8e   | 0x00   |
# +----------+-------+-----+----+-----+----+----+--------+--------+------+------+------+------+------+------+--------+--------+
# State: old_occ=5 new_occ=6 af=8 ae=4 fill=5 clr_pulse=0
# UVM_INFO ../tb/env/scoreboard.sv(71) @ 445000: uvm_test_top.env_h.scoreboard_h [FIFO_SB_CMP] Scoreboard compare[45]
# +----------+-------+-----+----+-----+----+----+--------+--------+------+------+------+------+------+------+--------+--------+
# | SRC      | IDX   | RST | CS | REG | WR | RD | ADDR   | DATAIN | FULL | EMPTY| ALMF | ALME | OVFL | UDFL | DOUT   | RDATA  |
# +----------+-------+-----+----+-----+----+----+--------+--------+------+------+------+------+------+------+--------+--------+
# | OBS      | 45    |  1  | 1  |  0  | 1  | 0  | 0x00   | 0x9b   |  0   |   0  |  0   |  0   |  0   |  0   | 0x8e   | 0x00   |
# | EXP      | 45    |  1  | 1  |  0  | 1  | 0  | 0x00   | 0x9b   |  0   |   0  |  0   |  0   |  0   |  0   | 0x8e   | 0x00   |
# +----------+-------+-----+----+-----+----+----+--------+--------+------+------+------+------+------+------+--------+--------+
# Result: PASS | pass_count=45 fail_count=0
# UVM_INFO ../tb/agent/read_monitor.sv(44) @ 445000: uvm_test_top.env_h.agent_h.monitor_h [FIFO_MON] Monitor transaction[45]
# +----------+-------+-----+----+-----+----+----+--------+--------+------+------+------+------+------+------+--------+--------+
# | SRC      | IDX   | RST | CS | REG | WR | RD | ADDR   | DATAIN | FULL | EMPTY| ALMF | ALME | OVFL | UDFL | DOUT   | RDATA  |
# +----------+-------+-----+----+-----+----+----+--------+--------+------+------+------+------+------+------+--------+--------+
# | MON      | 45    |  1  | 1  |  0  | 1  | 0  | 0x00   | 0x9b   |  0   |   0  |  0   |  0   |  0   |  0   | 0x8e   | 0x00   |
# +----------+-------+-----+----+-----+----+----+--------+--------+------+------+------+------+------+------+--------+--------+
# UVM_INFO ../tb/agent/write_drv.sv(33) @ 450000: uvm_test_top.env_h.agent_h.driver_h [FIFO_DRV] Driver transaction[46]
# +----------+-------+-----+----+-----+----+----+--------+--------+------+------+------+------+------+------+--------+--------+
# | SRC      | IDX   | RST | CS | REG | WR | RD | ADDR   | DATAIN | FULL | EMPTY| ALMF | ALME | OVFL | UDFL | DOUT   | RDATA  |
# +----------+-------+-----+----+-----+----+----+--------+--------+------+------+------+------+------+------+--------+--------+
# | DRV      | 46    |  1  | 1  |  0  | 1  | 0  | 0x00   | 0xbf   |  0   |   0  |  0   |  0   |  0   |  0   | 0x00   | 0x00   |
# +----------+-------+-----+----+-----+----+----+--------+--------+------+------+------+------+------+------+--------+--------+
# UVM_INFO ../tb/env/reference_model.sv(158) @ 455000: reporter [FIFO_REF] Reference model transaction[46]
# +----------+-------+-----+----+-----+----+----+--------+--------+------+------+------+------+------+------+--------+--------+
# | SRC      | IDX   | RST | CS | REG | WR | RD | ADDR   | DATAIN | FULL | EMPTY| ALMF | ALME | OVFL | UDFL | DOUT   | RDATA  |
# +----------+-------+-----+----+-----+----+----+--------+--------+------+------+------+------+------+------+--------+--------+
# | REF_IN   | 46    |  1  | 1  |  0  | 1  | 0  | 0x00   | 0xbf   |  0   |   0  |  0   |  0   |  0   |  0   | 0x8e   | 0x00   |
# | REF_OUT  | 46    |  1  | 1  |  0  | 1  | 0  | 0x00   | 0xbf   |  0   |   0  |  0   |  0   |  0   |  0   | 0x8e   | 0x00   |
# +----------+-------+-----+----+-----+----+----+--------+--------+------+------+------+------+------+------+--------+--------+
# State: old_occ=6 new_occ=7 af=8 ae=4 fill=6 clr_pulse=0
# UVM_INFO ../tb/env/scoreboard.sv(71) @ 455000: uvm_test_top.env_h.scoreboard_h [FIFO_SB_CMP] Scoreboard compare[46]
# +----------+-------+-----+----+-----+----+----+--------+--------+------+------+------+------+------+------+--------+--------+
# | SRC      | IDX   | RST | CS | REG | WR | RD | ADDR   | DATAIN | FULL | EMPTY| ALMF | ALME | OVFL | UDFL | DOUT   | RDATA  |
# +----------+-------+-----+----+-----+----+----+--------+--------+------+------+------+------+------+------+--------+--------+
# | OBS      | 46    |  1  | 1  |  0  | 1  | 0  | 0x00   | 0xbf   |  0   |   0  |  0   |  0   |  0   |  0   | 0x8e   | 0x00   |
# | EXP      | 46    |  1  | 1  |  0  | 1  | 0  | 0x00   | 0xbf   |  0   |   0  |  0   |  0   |  0   |  0   | 0x8e   | 0x00   |
# +----------+-------+-----+----+-----+----+----+--------+--------+------+------+------+------+------+------+--------+--------+
# Result: PASS | pass_count=46 fail_count=0
# UVM_INFO ../tb/agent/read_monitor.sv(44) @ 455000: uvm_test_top.env_h.agent_h.monitor_h [FIFO_MON] Monitor transaction[46]
# +----------+-------+-----+----+-----+----+----+--------+--------+------+------+------+------+------+------+--------+--------+
# | SRC      | IDX   | RST | CS | REG | WR | RD | ADDR   | DATAIN | FULL | EMPTY| ALMF | ALME | OVFL | UDFL | DOUT   | RDATA  |
# +----------+-------+-----+----+-----+----+----+--------+--------+------+------+------+------+------+------+--------+--------+
# | MON      | 46    |  1  | 1  |  0  | 1  | 0  | 0x00   | 0xbf   |  0   |   0  |  0   |  0   |  0   |  0   | 0x8e   | 0x00   |
# +----------+-------+-----+----+-----+----+----+--------+--------+------+------+------+------+------+------+--------+--------+
# UVM_INFO ../tb/agent/write_drv.sv(33) @ 460000: uvm_test_top.env_h.agent_h.driver_h [FIFO_DRV] Driver transaction[47]
# +----------+-------+-----+----+-----+----+----+--------+--------+------+------+------+------+------+------+--------+--------+
# | SRC      | IDX   | RST | CS | REG | WR | RD | ADDR   | DATAIN | FULL | EMPTY| ALMF | ALME | OVFL | UDFL | DOUT   | RDATA  |
# +----------+-------+-----+----+-----+----+----+--------+--------+------+------+------+------+------+------+--------+--------+
# | DRV      | 47    |  1  | 1  |  1  | 1  | 1  | 0x0c   | 0xd5   |  0   |   0  |  0   |  0   |  0   |  0   | 0x00   | 0x00   |
# +----------+-------+-----+----+-----+----+----+--------+--------+------+------+------+------+------+------+--------+--------+
# UVM_INFO ../tb/env/reference_model.sv(158) @ 465000: reporter [FIFO_REF] Reference model transaction[47]
# +----------+-------+-----+----+-----+----+----+--------+--------+------+------+------+------+------+------+--------+--------+
# | SRC      | IDX   | RST | CS | REG | WR | RD | ADDR   | DATAIN | FULL | EMPTY| ALMF | ALME | OVFL | UDFL | DOUT   | RDATA  |
# +----------+-------+-----+----+-----+----+----+--------+--------+------+------+------+------+------+------+--------+--------+
# | REF_IN   | 47    |  1  | 1  |  1  | 1  | 1  | 0x0c   | 0xd5   |  0   |   0  |  0   |  0   |  0   |  0   | 0x8e   | 0x05   |
# | REF_OUT  | 47    |  1  | 1  |  1  | 1  | 1  | 0x0c   | 0xd5   |  0   |   0  |  0   |  0   |  0   |  0   | 0x8e   | 0x05   |
# +----------+-------+-----+----+-----+----+----+--------+--------+------+------+------+------+------+------+--------+--------+
# State: old_occ=7 new_occ=7 af=8 ae=5 fill=7 clr_pulse=0
# UVM_INFO ../tb/env/scoreboard.sv(71) @ 465000: uvm_test_top.env_h.scoreboard_h [FIFO_SB_CMP] Scoreboard compare[47]
# +----------+-------+-----+----+-----+----+----+--------+--------+------+------+------+------+------+------+--------+--------+
# | SRC      | IDX   | RST | CS | REG | WR | RD | ADDR   | DATAIN | FULL | EMPTY| ALMF | ALME | OVFL | UDFL | DOUT   | RDATA  |
# +----------+-------+-----+----+-----+----+----+--------+--------+------+------+------+------+------+------+--------+--------+
# | OBS      | 47    |  1  | 1  |  1  | 1  | 1  | 0x0c   | 0xd5   |  0   |   0  |  0   |  0   |  0   |  0   | 0x8e   | 0x05   |
# | EXP      | 47    |  1  | 1  |  1  | 1  | 1  | 0x0c   | 0xd5   |  0   |   0  |  0   |  0   |  0   |  0   | 0x8e   | 0x05   |
# +----------+-------+-----+----+-----+----+----+--------+--------+------+------+------+------+------+------+--------+--------+
# Result: PASS | pass_count=47 fail_count=0
# UVM_INFO ../tb/agent/read_monitor.sv(44) @ 465000: uvm_test_top.env_h.agent_h.monitor_h [FIFO_MON] Monitor transaction[47]
# +----------+-------+-----+----+-----+----+----+--------+--------+------+------+------+------+------+------+--------+--------+
# | SRC      | IDX   | RST | CS | REG | WR | RD | ADDR   | DATAIN | FULL | EMPTY| ALMF | ALME | OVFL | UDFL | DOUT   | RDATA  |
# +----------+-------+-----+----+-----+----+----+--------+--------+------+------+------+------+------+------+--------+--------+
# | MON      | 47    |  1  | 1  |  1  | 1  | 1  | 0x0c   | 0xd5   |  0   |   0  |  0   |  0   |  0   |  0   | 0x8e   | 0x05   |
# +----------+-------+-----+----+-----+----+----+--------+--------+------+------+------+------+------+------+--------+--------+
# UVM_INFO ../tb/agent/write_drv.sv(33) @ 470000: uvm_test_top.env_h.agent_h.driver_h [FIFO_DRV] Driver transaction[48]
# +----------+-------+-----+----+-----+----+----+--------+--------+------+------+------+------+------+------+--------+--------+
# | SRC      | IDX   | RST | CS | REG | WR | RD | ADDR   | DATAIN | FULL | EMPTY| ALMF | ALME | OVFL | UDFL | DOUT   | RDATA  |
# +----------+-------+-----+----+-----+----+----+--------+--------+------+------+------+------+------+------+--------+--------+
# | DRV      | 48    |  1  | 1  |  0  | 1  | 1  | 0x00   | 0xb1   |  0   |   0  |  0   |  0   |  0   |  0   | 0x00   | 0x00   |
# +----------+-------+-----+----+-----+----+----+--------+--------+------+------+------+------+------+------+--------+--------+
# UVM_INFO ../tb/env/reference_model.sv(158) @ 475000: reporter [FIFO_REF] Reference model transaction[48]
# +----------+-------+-----+----+-----+----+----+--------+--------+------+------+------+------+------+------+--------+--------+
# | SRC      | IDX   | RST | CS | REG | WR | RD | ADDR   | DATAIN | FULL | EMPTY| ALMF | ALME | OVFL | UDFL | DOUT   | RDATA  |
# +----------+-------+-----+----+-----+----+----+--------+--------+------+------+------+------+------+------+--------+--------+
# | REF_IN   | 48    |  1  | 1  |  0  | 1  | 1  | 0x00   | 0xb1   |  0   |   0  |  0   |  0   |  0   |  0   | 0xf5   | 0x00   |
# | REF_OUT  | 48    |  1  | 1  |  0  | 1  | 1  | 0x00   | 0xb1   |  0   |   0  |  0   |  0   |  0   |  0   | 0xf5   | 0x00   |
# +----------+-------+-----+----+-----+----+----+--------+--------+------+------+------+------+------+------+--------+--------+
# State: old_occ=7 new_occ=7 af=8 ae=5 fill=7 clr_pulse=0
# UVM_INFO ../tb/env/scoreboard.sv(71) @ 475000: uvm_test_top.env_h.scoreboard_h [FIFO_SB_CMP] Scoreboard compare[48]
# +----------+-------+-----+----+-----+----+----+--------+--------+------+------+------+------+------+------+--------+--------+
# | SRC      | IDX   | RST | CS | REG | WR | RD | ADDR   | DATAIN | FULL | EMPTY| ALMF | ALME | OVFL | UDFL | DOUT   | RDATA  |
# +----------+-------+-----+----+-----+----+----+--------+--------+------+------+------+------+------+------+--------+--------+
# | OBS      | 48    |  1  | 1  |  0  | 1  | 1  | 0x00   | 0xb1   |  0   |   0  |  0   |  0   |  0   |  0   | 0xf5   | 0x00   |
# | EXP      | 48    |  1  | 1  |  0  | 1  | 1  | 0x00   | 0xb1   |  0   |   0  |  0   |  0   |  0   |  0   | 0xf5   | 0x00   |
# +----------+-------+-----+----+-----+----+----+--------+--------+------+------+------+------+------+------+--------+--------+
# Result: PASS | pass_count=48 fail_count=0
# UVM_INFO ../tb/agent/read_monitor.sv(44) @ 475000: uvm_test_top.env_h.agent_h.monitor_h [FIFO_MON] Monitor transaction[48]
# +----------+-------+-----+----+-----+----+----+--------+--------+------+------+------+------+------+------+--------+--------+
# | SRC      | IDX   | RST | CS | REG | WR | RD | ADDR   | DATAIN | FULL | EMPTY| ALMF | ALME | OVFL | UDFL | DOUT   | RDATA  |
# +----------+-------+-----+----+-----+----+----+--------+--------+------+------+------+------+------+------+--------+--------+
# | MON      | 48    |  1  | 1  |  0  | 1  | 1  | 0x00   | 0xb1   |  0   |   0  |  0   |  0   |  0   |  0   | 0xf5   | 0x00   |
# +----------+-------+-----+----+-----+----+----+--------+--------+------+------+------+------+------+------+--------+--------+
# UVM_INFO ../tb/agent/write_drv.sv(33) @ 480000: uvm_test_top.env_h.agent_h.driver_h [FIFO_DRV] Driver transaction[49]
# +----------+-------+-----+----+-----+----+----+--------+--------+------+------+------+------+------+------+--------+--------+
# | SRC      | IDX   | RST | CS | REG | WR | RD | ADDR   | DATAIN | FULL | EMPTY| ALMF | ALME | OVFL | UDFL | DOUT   | RDATA  |
# +----------+-------+-----+----+-----+----+----+--------+--------+------+------+------+------+------+------+--------+--------+
# | DRV      | 49    |  1  | 1  |  0  | 1  | 1  | 0x00   | 0x35   |  0   |   0  |  0   |  0   |  0   |  0   | 0x00   | 0x00   |
# +----------+-------+-----+----+-----+----+----+--------+--------+------+------+------+------+------+------+--------+--------+
# UVM_INFO ../tb/env/reference_model.sv(158) @ 485000: reporter [FIFO_REF] Reference model transaction[49]
# +----------+-------+-----+----+-----+----+----+--------+--------+------+------+------+------+------+------+--------+--------+
# | SRC      | IDX   | RST | CS | REG | WR | RD | ADDR   | DATAIN | FULL | EMPTY| ALMF | ALME | OVFL | UDFL | DOUT   | RDATA  |
# +----------+-------+-----+----+-----+----+----+--------+--------+------+------+------+------+------+------+--------+--------+
# | REF_IN   | 49    |  1  | 1  |  0  | 1  | 1  | 0x00   | 0x35   |  0   |   0  |  0   |  0   |  0   |  0   | 0x0f   | 0x00   |
# | REF_OUT  | 49    |  1  | 1  |  0  | 1  | 1  | 0x00   | 0x35   |  0   |   0  |  0   |  0   |  0   |  0   | 0x0f   | 0x00   |
# +----------+-------+-----+----+-----+----+----+--------+--------+------+------+------+------+------+------+--------+--------+
# State: old_occ=7 new_occ=7 af=8 ae=5 fill=7 clr_pulse=0
# UVM_INFO ../tb/env/scoreboard.sv(71) @ 485000: uvm_test_top.env_h.scoreboard_h [FIFO_SB_CMP] Scoreboard compare[49]
# +----------+-------+-----+----+-----+----+----+--------+--------+------+------+------+------+------+------+--------+--------+
# | SRC      | IDX   | RST | CS | REG | WR | RD | ADDR   | DATAIN | FULL | EMPTY| ALMF | ALME | OVFL | UDFL | DOUT   | RDATA  |
# +----------+-------+-----+----+-----+----+----+--------+--------+------+------+------+------+------+------+--------+--------+
# | OBS      | 49    |  1  | 1  |  0  | 1  | 1  | 0x00   | 0x35   |  0   |   0  |  0   |  0   |  0   |  0   | 0x0f   | 0x00   |
# | EXP      | 49    |  1  | 1  |  0  | 1  | 1  | 0x00   | 0x35   |  0   |   0  |  0   |  0   |  0   |  0   | 0x0f   | 0x00   |
# +----------+-------+-----+----+-----+----+----+--------+--------+------+------+------+------+------+------+--------+--------+
# Result: PASS | pass_count=49 fail_count=0
# UVM_INFO ../tb/agent/read_monitor.sv(44) @ 485000: uvm_test_top.env_h.agent_h.monitor_h [FIFO_MON] Monitor transaction[49]
# +----------+-------+-----+----+-----+----+----+--------+--------+------+------+------+------+------+------+--------+--------+
# | SRC      | IDX   | RST | CS | REG | WR | RD | ADDR   | DATAIN | FULL | EMPTY| ALMF | ALME | OVFL | UDFL | DOUT   | RDATA  |
# +----------+-------+-----+----+-----+----+----+--------+--------+------+------+------+------+------+------+--------+--------+
# | MON      | 49    |  1  | 1  |  0  | 1  | 1  | 0x00   | 0x35   |  0   |   0  |  0   |  0   |  0   |  0   | 0x0f   | 0x00   |
# +----------+-------+-----+----+-----+----+----+--------+--------+------+------+------+------+------+------+--------+--------+
# UVM_INFO ../tb/agent/write_drv.sv(33) @ 490000: uvm_test_top.env_h.agent_h.driver_h [FIFO_DRV] Driver transaction[50]
# +----------+-------+-----+----+-----+----+----+--------+--------+------+------+------+------+------+------+--------+--------+
# | SRC      | IDX   | RST | CS | REG | WR | RD | ADDR   | DATAIN | FULL | EMPTY| ALMF | ALME | OVFL | UDFL | DOUT   | RDATA  |
# +----------+-------+-----+----+-----+----+----+--------+--------+------+------+------+------+------+------+--------+--------+
# | DRV      | 50    |  1  | 0  |  0  | 0  | 0  | 0x00   | 0x41   |  0   |   0  |  0   |  0   |  0   |  0   | 0x00   | 0x00   |
# +----------+-------+-----+----+-----+----+----+--------+--------+------+------+------+------+------+------+--------+--------+
# UVM_INFO ../tb/env/reference_model.sv(158) @ 495000: reporter [FIFO_REF] Reference model transaction[50]
# +----------+-------+-----+----+-----+----+----+--------+--------+------+------+------+------+------+------+--------+--------+
# | SRC      | IDX   | RST | CS | REG | WR | RD | ADDR   | DATAIN | FULL | EMPTY| ALMF | ALME | OVFL | UDFL | DOUT   | RDATA  |
# +----------+-------+-----+----+-----+----+----+--------+--------+------+------+------+------+------+------+--------+--------+
# | REF_IN   | 50    |  1  | 0  |  0  | 0  | 0  | 0x00   | 0x41   |  0   |   0  |  0   |  0   |  0   |  0   | 0x0f   | 0x00   |
# | REF_OUT  | 50    |  1  | 0  |  0  | 0  | 0  | 0x00   | 0x41   |  0   |   0  |  0   |  0   |  0   |  0   | 0x0f   | 0x00   |
# +----------+-------+-----+----+-----+----+----+--------+--------+------+------+------+------+------+------+--------+--------+
# State: old_occ=7 new_occ=7 af=8 ae=5 fill=7 clr_pulse=0
# UVM_INFO ../tb/env/scoreboard.sv(71) @ 495000: uvm_test_top.env_h.scoreboard_h [FIFO_SB_CMP] Scoreboard compare[50]
# +----------+-------+-----+----+-----+----+----+--------+--------+------+------+------+------+------+------+--------+--------+
# | SRC      | IDX   | RST | CS | REG | WR | RD | ADDR   | DATAIN | FULL | EMPTY| ALMF | ALME | OVFL | UDFL | DOUT   | RDATA  |
# +----------+-------+-----+----+-----+----+----+--------+--------+------+------+------+------+------+------+--------+--------+
# | OBS      | 50    |  1  | 0  |  0  | 0  | 0  | 0x00   | 0x41   |  0   |   0  |  0   |  0   |  0   |  0   | 0x0f   | 0x00   |
# | EXP      | 50    |  1  | 0  |  0  | 0  | 0  | 0x00   | 0x41   |  0   |   0  |  0   |  0   |  0   |  0   | 0x0f   | 0x00   |
# +----------+-------+-----+----+-----+----+----+--------+--------+------+------+------+------+------+------+--------+--------+
# Result: PASS | pass_count=50 fail_count=0
# UVM_INFO ../tb/agent/read_monitor.sv(44) @ 495000: uvm_test_top.env_h.agent_h.monitor_h [FIFO_MON] Monitor transaction[50]
# +----------+-------+-----+----+-----+----+----+--------+--------+------+------+------+------+------+------+--------+--------+
# | SRC      | IDX   | RST | CS | REG | WR | RD | ADDR   | DATAIN | FULL | EMPTY| ALMF | ALME | OVFL | UDFL | DOUT   | RDATA  |
# +----------+-------+-----+----+-----+----+----+--------+--------+------+------+------+------+------+------+--------+--------+
# | MON      | 50    |  1  | 0  |  0  | 0  | 0  | 0x00   | 0x41   |  0   |   0  |  0   |  0   |  0   |  0   | 0x0f   | 0x00   |
# +----------+-------+-----+----+-----+----+----+--------+--------+------+------+------+------+------+------+--------+--------+
# UVM_INFO ../tb/agent/write_drv.sv(33) @ 500000: uvm_test_top.env_h.agent_h.driver_h [FIFO_DRV] Driver transaction[51]
# +----------+-------+-----+----+-----+----+----+--------+--------+------+------+------+------+------+------+--------+--------+
# | SRC      | IDX   | RST | CS | REG | WR | RD | ADDR   | DATAIN | FULL | EMPTY| ALMF | ALME | OVFL | UDFL | DOUT   | RDATA  |
# +----------+-------+-----+----+-----+----+----+--------+--------+------+------+------+------+------+------+--------+--------+
# | DRV      | 51    |  1  | 1  |  0  | 1  | 0  | 0x00   | 0x3a   |  0   |   0  |  0   |  0   |  0   |  0   | 0x00   | 0x00   |
# +----------+-------+-----+----+-----+----+----+--------+--------+------+------+------+------+------+------+--------+--------+
# UVM_INFO ../tb/env/reference_model.sv(158) @ 505000: reporter [FIFO_REF] Reference model transaction[51]
# +----------+-------+-----+----+-----+----+----+--------+--------+------+------+------+------+------+------+--------+--------+
# | SRC      | IDX   | RST | CS | REG | WR | RD | ADDR   | DATAIN | FULL | EMPTY| ALMF | ALME | OVFL | UDFL | DOUT   | RDATA  |
# +----------+-------+-----+----+-----+----+----+--------+--------+------+------+------+------+------+------+--------+--------+
# | REF_IN   | 51    |  1  | 1  |  0  | 1  | 0  | 0x00   | 0x3a   |  0   |   0  |  1   |  0   |  0   |  0   | 0x0f   | 0x00   |
# | REF_OUT  | 51    |  1  | 1  |  0  | 1  | 0  | 0x00   | 0x3a   |  0   |   0  |  1   |  0   |  0   |  0   | 0x0f   | 0x00   |
# +----------+-------+-----+----+-----+----+----+--------+--------+------+------+------+------+------+------+--------+--------+
# State: old_occ=7 new_occ=8 af=8 ae=5 fill=7 clr_pulse=0
# UVM_INFO ../tb/env/scoreboard.sv(71) @ 505000: uvm_test_top.env_h.scoreboard_h [FIFO_SB_CMP] Scoreboard compare[51]
# +----------+-------+-----+----+-----+----+----+--------+--------+------+------+------+------+------+------+--------+--------+
# | SRC      | IDX   | RST | CS | REG | WR | RD | ADDR   | DATAIN | FULL | EMPTY| ALMF | ALME | OVFL | UDFL | DOUT   | RDATA  |
# +----------+-------+-----+----+-----+----+----+--------+--------+------+------+------+------+------+------+--------+--------+
# | OBS      | 51    |  1  | 1  |  0  | 1  | 0  | 0x00   | 0x3a   |  0   |   0  |  1   |  0   |  0   |  0   | 0x0f   | 0x00   |
# | EXP      | 51    |  1  | 1  |  0  | 1  | 0  | 0x00   | 0x3a   |  0   |   0  |  1   |  0   |  0   |  0   | 0x0f   | 0x00   |
# +----------+-------+-----+----+-----+----+----+--------+--------+------+------+------+------+------+------+--------+--------+
# Result: PASS | pass_count=51 fail_count=0
# UVM_INFO ../tb/agent/read_monitor.sv(44) @ 505000: uvm_test_top.env_h.agent_h.monitor_h [FIFO_MON] Monitor transaction[51]
# +----------+-------+-----+----+-----+----+----+--------+--------+------+------+------+------+------+------+--------+--------+
# | SRC      | IDX   | RST | CS | REG | WR | RD | ADDR   | DATAIN | FULL | EMPTY| ALMF | ALME | OVFL | UDFL | DOUT   | RDATA  |
# +----------+-------+-----+----+-----+----+----+--------+--------+------+------+------+------+------+------+--------+--------+
# | MON      | 51    |  1  | 1  |  0  | 1  | 0  | 0x00   | 0x3a   |  0   |   0  |  1   |  0   |  0   |  0   | 0x0f   | 0x00   |
# +----------+-------+-----+----+-----+----+----+--------+--------+------+------+------+------+------+------+--------+--------+
# UVM_INFO ../tb/agent/write_drv.sv(33) @ 510000: uvm_test_top.env_h.agent_h.driver_h [FIFO_DRV] Driver transaction[52]
# +----------+-------+-----+----+-----+----+----+--------+--------+------+------+------+------+------+------+--------+--------+
# | SRC      | IDX   | RST | CS | REG | WR | RD | ADDR   | DATAIN | FULL | EMPTY| ALMF | ALME | OVFL | UDFL | DOUT   | RDATA  |
# +----------+-------+-----+----+-----+----+----+--------+--------+------+------+------+------+------+------+--------+--------+
# | DRV      | 52    |  1  | 1  |  0  | 1  | 0  | 0x00   | 0x4e   |  0   |   0  |  0   |  0   |  0   |  0   | 0x00   | 0x00   |
# +----------+-------+-----+----+-----+----+----+--------+--------+------+------+------+------+------+------+--------+--------+
# UVM_INFO ../tb/env/reference_model.sv(158) @ 515000: reporter [FIFO_REF] Reference model transaction[52]
# +----------+-------+-----+----+-----+----+----+--------+--------+------+------+------+------+------+------+--------+--------+
# | SRC      | IDX   | RST | CS | REG | WR | RD | ADDR   | DATAIN | FULL | EMPTY| ALMF | ALME | OVFL | UDFL | DOUT   | RDATA  |
# +----------+-------+-----+----+-----+----+----+--------+--------+------+------+------+------+------+------+--------+--------+
# | REF_IN   | 52    |  1  | 1  |  0  | 1  | 0  | 0x00   | 0x4e   |  0   |   0  |  1   |  0   |  0   |  0   | 0x0f   | 0x00   |
# | REF_OUT  | 52    |  1  | 1  |  0  | 1  | 0  | 0x00   | 0x4e   |  0   |   0  |  1   |  0   |  0   |  0   | 0x0f   | 0x00   |
# +----------+-------+-----+----+-----+----+----+--------+--------+------+------+------+------+------+------+--------+--------+
# State: old_occ=8 new_occ=9 af=8 ae=5 fill=8 clr_pulse=0
# UVM_INFO ../tb/env/scoreboard.sv(71) @ 515000: uvm_test_top.env_h.scoreboard_h [FIFO_SB_CMP] Scoreboard compare[52]
# +----------+-------+-----+----+-----+----+----+--------+--------+------+------+------+------+------+------+--------+--------+
# | SRC      | IDX   | RST | CS | REG | WR | RD | ADDR   | DATAIN | FULL | EMPTY| ALMF | ALME | OVFL | UDFL | DOUT   | RDATA  |
# +----------+-------+-----+----+-----+----+----+--------+--------+------+------+------+------+------+------+--------+--------+
# | OBS      | 52    |  1  | 1  |  0  | 1  | 0  | 0x00   | 0x4e   |  0   |   0  |  1   |  0   |  0   |  0   | 0x0f   | 0x00   |
# | EXP      | 52    |  1  | 1  |  0  | 1  | 0  | 0x00   | 0x4e   |  0   |   0  |  1   |  0   |  0   |  0   | 0x0f   | 0x00   |
# +----------+-------+-----+----+-----+----+----+--------+--------+------+------+------+------+------+------+--------+--------+
# Result: PASS | pass_count=52 fail_count=0
# UVM_INFO ../tb/agent/read_monitor.sv(44) @ 515000: uvm_test_top.env_h.agent_h.monitor_h [FIFO_MON] Monitor transaction[52]
# +----------+-------+-----+----+-----+----+----+--------+--------+------+------+------+------+------+------+--------+--------+
# | SRC      | IDX   | RST | CS | REG | WR | RD | ADDR   | DATAIN | FULL | EMPTY| ALMF | ALME | OVFL | UDFL | DOUT   | RDATA  |
# +----------+-------+-----+----+-----+----+----+--------+--------+------+------+------+------+------+------+--------+--------+
# | MON      | 52    |  1  | 1  |  0  | 1  | 0  | 0x00   | 0x4e   |  0   |   0  |  1   |  0   |  0   |  0   | 0x0f   | 0x00   |
# +----------+-------+-----+----+-----+----+----+--------+--------+------+------+------+------+------+------+--------+--------+
# UVM_INFO ../tb/agent/write_drv.sv(33) @ 520000: uvm_test_top.env_h.agent_h.driver_h [FIFO_DRV] Driver transaction[53]
# +----------+-------+-----+----+-----+----+----+--------+--------+------+------+------+------+------+------+--------+--------+
# | SRC      | IDX   | RST | CS | REG | WR | RD | ADDR   | DATAIN | FULL | EMPTY| ALMF | ALME | OVFL | UDFL | DOUT   | RDATA  |
# +----------+-------+-----+----+-----+----+----+--------+--------+------+------+------+------+------+------+--------+--------+
# | DRV      | 53    |  1  | 0  |  0  | 0  | 0  | 0x00   | 0xd2   |  0   |   0  |  0   |  0   |  0   |  0   | 0x00   | 0x00   |
# +----------+-------+-----+----+-----+----+----+--------+--------+------+------+------+------+------+------+--------+--------+
# UVM_INFO ../tb/env/reference_model.sv(158) @ 525000: reporter [FIFO_REF] Reference model transaction[53]
# +----------+-------+-----+----+-----+----+----+--------+--------+------+------+------+------+------+------+--------+--------+
# | SRC      | IDX   | RST | CS | REG | WR | RD | ADDR   | DATAIN | FULL | EMPTY| ALMF | ALME | OVFL | UDFL | DOUT   | RDATA  |
# +----------+-------+-----+----+-----+----+----+--------+--------+------+------+------+------+------+------+--------+--------+
# | REF_IN   | 53    |  1  | 0  |  0  | 0  | 0  | 0x00   | 0xd2   |  0   |   0  |  1   |  0   |  0   |  0   | 0x0f   | 0x00   |
# | REF_OUT  | 53    |  1  | 0  |  0  | 0  | 0  | 0x00   | 0xd2   |  0   |   0  |  1   |  0   |  0   |  0   | 0x0f   | 0x00   |
# +----------+-------+-----+----+-----+----+----+--------+--------+------+------+------+------+------+------+--------+--------+
# State: old_occ=9 new_occ=9 af=8 ae=5 fill=8 clr_pulse=0
# UVM_INFO ../tb/env/scoreboard.sv(71) @ 525000: uvm_test_top.env_h.scoreboard_h [FIFO_SB_CMP] Scoreboard compare[53]
# +----------+-------+-----+----+-----+----+----+--------+--------+------+------+------+------+------+------+--------+--------+
# | SRC      | IDX   | RST | CS | REG | WR | RD | ADDR   | DATAIN | FULL | EMPTY| ALMF | ALME | OVFL | UDFL | DOUT   | RDATA  |
# +----------+-------+-----+----+-----+----+----+--------+--------+------+------+------+------+------+------+--------+--------+
# | OBS      | 53    |  1  | 0  |  0  | 0  | 0  | 0x00   | 0xd2   |  0   |   0  |  1   |  0   |  0   |  0   | 0x0f   | 0x00   |
# | EXP      | 53    |  1  | 0  |  0  | 0  | 0  | 0x00   | 0xd2   |  0   |   0  |  1   |  0   |  0   |  0   | 0x0f   | 0x00   |
# +----------+-------+-----+----+-----+----+----+--------+--------+------+------+------+------+------+------+--------+--------+
# Result: PASS | pass_count=53 fail_count=0
# UVM_INFO ../tb/agent/read_monitor.sv(44) @ 525000: uvm_test_top.env_h.agent_h.monitor_h [FIFO_MON] Monitor transaction[53]
# +----------+-------+-----+----+-----+----+----+--------+--------+------+------+------+------+------+------+--------+--------+
# | SRC      | IDX   | RST | CS | REG | WR | RD | ADDR   | DATAIN | FULL | EMPTY| ALMF | ALME | OVFL | UDFL | DOUT   | RDATA  |
# +----------+-------+-----+----+-----+----+----+--------+--------+------+------+------+------+------+------+--------+--------+
# | MON      | 53    |  1  | 0  |  0  | 0  | 0  | 0x00   | 0xd2   |  0   |   0  |  1   |  0   |  0   |  0   | 0x0f   | 0x00   |
# +----------+-------+-----+----+-----+----+----+--------+--------+------+------+------+------+------+------+--------+--------+
# UVM_INFO ../tb/agent/write_drv.sv(33) @ 530000: uvm_test_top.env_h.agent_h.driver_h [FIFO_DRV] Driver transaction[54]
# +----------+-------+-----+----+-----+----+----+--------+--------+------+------+------+------+------+------+--------+--------+
# | SRC      | IDX   | RST | CS | REG | WR | RD | ADDR   | DATAIN | FULL | EMPTY| ALMF | ALME | OVFL | UDFL | DOUT   | RDATA  |
# +----------+-------+-----+----+-----+----+----+--------+--------+------+------+------+------+------+------+--------+--------+
# | DRV      | 54    |  1  | 1  |  0  | 1  | 0  | 0x00   | 0x17   |  0   |   0  |  0   |  0   |  0   |  0   | 0x00   | 0x00   |
# +----------+-------+-----+----+-----+----+----+--------+--------+------+------+------+------+------+------+--------+--------+
# UVM_INFO ../tb/env/reference_model.sv(158) @ 535000: reporter [FIFO_REF] Reference model transaction[54]
# +----------+-------+-----+----+-----+----+----+--------+--------+------+------+------+------+------+------+--------+--------+
# | SRC      | IDX   | RST | CS | REG | WR | RD | ADDR   | DATAIN | FULL | EMPTY| ALMF | ALME | OVFL | UDFL | DOUT   | RDATA  |
# +----------+-------+-----+----+-----+----+----+--------+--------+------+------+------+------+------+------+--------+--------+
# | REF_IN   | 54    |  1  | 1  |  0  | 1  | 0  | 0x00   | 0x17   |  0   |   0  |  1   |  0   |  0   |  0   | 0x0f   | 0x00   |
# | REF_OUT  | 54    |  1  | 1  |  0  | 1  | 0  | 0x00   | 0x17   |  0   |   0  |  1   |  0   |  0   |  0   | 0x0f   | 0x00   |
# +----------+-------+-----+----+-----+----+----+--------+--------+------+------+------+------+------+------+--------+--------+
# State: old_occ=9 new_occ=10 af=8 ae=5 fill=9 clr_pulse=0
# UVM_INFO ../tb/env/scoreboard.sv(71) @ 535000: uvm_test_top.env_h.scoreboard_h [FIFO_SB_CMP] Scoreboard compare[54]
# +----------+-------+-----+----+-----+----+----+--------+--------+------+------+------+------+------+------+--------+--------+
# | SRC      | IDX   | RST | CS | REG | WR | RD | ADDR   | DATAIN | FULL | EMPTY| ALMF | ALME | OVFL | UDFL | DOUT   | RDATA  |
# +----------+-------+-----+----+-----+----+----+--------+--------+------+------+------+------+------+------+--------+--------+
# | OBS      | 54    |  1  | 1  |  0  | 1  | 0  | 0x00   | 0x17   |  0   |   0  |  1   |  0   |  0   |  0   | 0x0f   | 0x00   |
# | EXP      | 54    |  1  | 1  |  0  | 1  | 0  | 0x00   | 0x17   |  0   |   0  |  1   |  0   |  0   |  0   | 0x0f   | 0x00   |
# +----------+-------+-----+----+-----+----+----+--------+--------+------+------+------+------+------+------+--------+--------+
# Result: PASS | pass_count=54 fail_count=0
# UVM_INFO ../tb/agent/read_monitor.sv(44) @ 535000: uvm_test_top.env_h.agent_h.monitor_h [FIFO_MON] Monitor transaction[54]
# +----------+-------+-----+----+-----+----+----+--------+--------+------+------+------+------+------+------+--------+--------+
# | SRC      | IDX   | RST | CS | REG | WR | RD | ADDR   | DATAIN | FULL | EMPTY| ALMF | ALME | OVFL | UDFL | DOUT   | RDATA  |
# +----------+-------+-----+----+-----+----+----+--------+--------+------+------+------+------+------+------+--------+--------+
# | MON      | 54    |  1  | 1  |  0  | 1  | 0  | 0x00   | 0x17   |  0   |   0  |  1   |  0   |  0   |  0   | 0x0f   | 0x00   |
# +----------+-------+-----+----+-----+----+----+--------+--------+------+------+------+------+------+------+--------+--------+
# UVM_INFO ../tb/agent/write_drv.sv(33) @ 540000: uvm_test_top.env_h.agent_h.driver_h [FIFO_DRV] Driver transaction[55]
# +----------+-------+-----+----+-----+----+----+--------+--------+------+------+------+------+------+------+--------+--------+
# | SRC      | IDX   | RST | CS | REG | WR | RD | ADDR   | DATAIN | FULL | EMPTY| ALMF | ALME | OVFL | UDFL | DOUT   | RDATA  |
# +----------+-------+-----+----+-----+----+----+--------+--------+------+------+------+------+------+------+--------+--------+
# | DRV      | 55    |  1  | 1  |  1  | 0  | 0  | 0x10   | 0x3c   |  0   |   0  |  0   |  0   |  0   |  0   | 0x00   | 0x00   |
# +----------+-------+-----+----+-----+----+----+--------+--------+------+------+------+------+------+------+--------+--------+
# UVM_INFO ../tb/env/reference_model.sv(158) @ 545000: reporter [FIFO_REF] Reference model transaction[55]
# +----------+-------+-----+----+-----+----+----+--------+--------+------+------+------+------+------+------+--------+--------+
# | SRC      | IDX   | RST | CS | REG | WR | RD | ADDR   | DATAIN | FULL | EMPTY| ALMF | ALME | OVFL | UDFL | DOUT   | RDATA  |
# +----------+-------+-----+----+-----+----+----+--------+--------+------+------+------+------+------+------+--------+--------+
# | REF_IN   | 55    |  1  | 1  |  1  | 0  | 0  | 0x10   | 0x3c   |  0   |   0  |  1   |  0   |  0   |  0   | 0x0f   | 0x00   |
# | REF_OUT  | 55    |  1  | 1  |  1  | 0  | 0  | 0x10   | 0x3c   |  0   |   0  |  1   |  0   |  0   |  0   | 0x0f   | 0x00   |
# +----------+-------+-----+----+-----+----+----+--------+--------+------+------+------+------+------+------+--------+--------+
# State: old_occ=10 new_occ=10 af=8 ae=5 fill=10 clr_pulse=0
# UVM_INFO ../tb/env/scoreboard.sv(71) @ 545000: uvm_test_top.env_h.scoreboard_h [FIFO_SB_CMP] Scoreboard compare[55]
# +----------+-------+-----+----+-----+----+----+--------+--------+------+------+------+------+------+------+--------+--------+
# | SRC      | IDX   | RST | CS | REG | WR | RD | ADDR   | DATAIN | FULL | EMPTY| ALMF | ALME | OVFL | UDFL | DOUT   | RDATA  |
# +----------+-------+-----+----+-----+----+----+--------+--------+------+------+------+------+------+------+--------+--------+
# | OBS      | 55    |  1  | 1  |  1  | 0  | 0  | 0x10   | 0x3c   |  0   |   0  |  1   |  0   |  0   |  0   | 0x0f   | 0x00   |
# | EXP      | 55    |  1  | 1  |  1  | 0  | 0  | 0x10   | 0x3c   |  0   |   0  |  1   |  0   |  0   |  0   | 0x0f   | 0x00   |
# +----------+-------+-----+----+-----+----+----+--------+--------+------+------+------+------+------+------+--------+--------+
# Result: PASS | pass_count=55 fail_count=0
# UVM_INFO ../tb/agent/read_monitor.sv(44) @ 545000: uvm_test_top.env_h.agent_h.monitor_h [FIFO_MON] Monitor transaction[55]
# +----------+-------+-----+----+-----+----+----+--------+--------+------+------+------+------+------+------+--------+--------+
# | SRC      | IDX   | RST | CS | REG | WR | RD | ADDR   | DATAIN | FULL | EMPTY| ALMF | ALME | OVFL | UDFL | DOUT   | RDATA  |
# +----------+-------+-----+----+-----+----+----+--------+--------+------+------+------+------+------+------+--------+--------+
# | MON      | 55    |  1  | 1  |  1  | 0  | 0  | 0x10   | 0x3c   |  0   |   0  |  1   |  0   |  0   |  0   | 0x0f   | 0x00   |
# +----------+-------+-----+----+-----+----+----+--------+--------+------+------+------+------+------+------+--------+--------+
# UVM_INFO ../tb/agent/write_drv.sv(33) @ 550000: uvm_test_top.env_h.agent_h.driver_h [FIFO_DRV] Driver transaction[56]
# +----------+-------+-----+----+-----+----+----+--------+--------+------+------+------+------+------+------+--------+--------+
# | SRC      | IDX   | RST | CS | REG | WR | RD | ADDR   | DATAIN | FULL | EMPTY| ALMF | ALME | OVFL | UDFL | DOUT   | RDATA  |
# +----------+-------+-----+----+-----+----+----+--------+--------+------+------+------+------+------+------+--------+--------+
# | DRV      | 56    |  1  | 1  |  0  | 0  | 0  | 0x00   | 0xe3   |  0   |   0  |  0   |  0   |  0   |  0   | 0x00   | 0x00   |
# +----------+-------+-----+----+-----+----+----+--------+--------+------+------+------+------+------+------+--------+--------+
# UVM_INFO ../tb/env/reference_model.sv(158) @ 555000: reporter [FIFO_REF] Reference model transaction[56]
# +----------+-------+-----+----+-----+----+----+--------+--------+------+------+------+------+------+------+--------+--------+
# | SRC      | IDX   | RST | CS | REG | WR | RD | ADDR   | DATAIN | FULL | EMPTY| ALMF | ALME | OVFL | UDFL | DOUT   | RDATA  |
# +----------+-------+-----+----+-----+----+----+--------+--------+------+------+------+------+------+------+--------+--------+
# | REF_IN   | 56    |  1  | 1  |  0  | 0  | 0  | 0x00   | 0xe3   |  0   |   0  |  1   |  0   |  0   |  0   | 0x0f   | 0x00   |
# | REF_OUT  | 56    |  1  | 1  |  0  | 0  | 0  | 0x00   | 0xe3   |  0   |   0  |  1   |  0   |  0   |  0   | 0x0f   | 0x00   |
# +----------+-------+-----+----+-----+----+----+--------+--------+------+------+------+------+------+------+--------+--------+
# State: old_occ=10 new_occ=10 af=8 ae=5 fill=10 clr_pulse=0
# UVM_INFO ../tb/env/scoreboard.sv(71) @ 555000: uvm_test_top.env_h.scoreboard_h [FIFO_SB_CMP] Scoreboard compare[56]
# +----------+-------+-----+----+-----+----+----+--------+--------+------+------+------+------+------+------+--------+--------+
# | SRC      | IDX   | RST | CS | REG | WR | RD | ADDR   | DATAIN | FULL | EMPTY| ALMF | ALME | OVFL | UDFL | DOUT   | RDATA  |
# +----------+-------+-----+----+-----+----+----+--------+--------+------+------+------+------+------+------+--------+--------+
# | OBS      | 56    |  1  | 1  |  0  | 0  | 0  | 0x00   | 0xe3   |  0   |   0  |  1   |  0   |  0   |  0   | 0x0f   | 0x00   |
# | EXP      | 56    |  1  | 1  |  0  | 0  | 0  | 0x00   | 0xe3   |  0   |   0  |  1   |  0   |  0   |  0   | 0x0f   | 0x00   |
# +----------+-------+-----+----+-----+----+----+--------+--------+------+------+------+------+------+------+--------+--------+
# Result: PASS | pass_count=56 fail_count=0
# UVM_INFO ../tb/agent/read_monitor.sv(44) @ 555000: uvm_test_top.env_h.agent_h.monitor_h [FIFO_MON] Monitor transaction[56]
# +----------+-------+-----+----+-----+----+----+--------+--------+------+------+------+------+------+------+--------+--------+
# | SRC      | IDX   | RST | CS | REG | WR | RD | ADDR   | DATAIN | FULL | EMPTY| ALMF | ALME | OVFL | UDFL | DOUT   | RDATA  |
# +----------+-------+-----+----+-----+----+----+--------+--------+------+------+------+------+------+------+--------+--------+
# | MON      | 56    |  1  | 1  |  0  | 0  | 0  | 0x00   | 0xe3   |  0   |   0  |  1   |  0   |  0   |  0   | 0x0f   | 0x00   |
# +----------+-------+-----+----+-----+----+----+--------+--------+------+------+------+------+------+------+--------+--------+
# UVM_INFO ../tb/agent/write_drv.sv(33) @ 560000: uvm_test_top.env_h.agent_h.driver_h [FIFO_DRV] Driver transaction[57]
# +----------+-------+-----+----+-----+----+----+--------+--------+------+------+------+------+------+------+--------+--------+
# | SRC      | IDX   | RST | CS | REG | WR | RD | ADDR   | DATAIN | FULL | EMPTY| ALMF | ALME | OVFL | UDFL | DOUT   | RDATA  |
# +----------+-------+-----+----+-----+----+----+--------+--------+------+------+------+------+------+------+--------+--------+
# | DRV      | 57    |  1  | 1  |  0  | 0  | 0  | 0x00   | 0xb3   |  0   |   0  |  0   |  0   |  0   |  0   | 0x00   | 0x00   |
# +----------+-------+-----+----+-----+----+----+--------+--------+------+------+------+------+------+------+--------+--------+
# UVM_INFO ../tb/env/reference_model.sv(158) @ 565000: reporter [FIFO_REF] Reference model transaction[57]
# +----------+-------+-----+----+-----+----+----+--------+--------+------+------+------+------+------+------+--------+--------+
# | SRC      | IDX   | RST | CS | REG | WR | RD | ADDR   | DATAIN | FULL | EMPTY| ALMF | ALME | OVFL | UDFL | DOUT   | RDATA  |
# +----------+-------+-----+----+-----+----+----+--------+--------+------+------+------+------+------+------+--------+--------+
# | REF_IN   | 57    |  1  | 1  |  0  | 0  | 0  | 0x00   | 0xb3   |  0   |   0  |  1   |  0   |  0   |  0   | 0x0f   | 0x00   |
# | REF_OUT  | 57    |  1  | 1  |  0  | 0  | 0  | 0x00   | 0xb3   |  0   |   0  |  1   |  0   |  0   |  0   | 0x0f   | 0x00   |
# +----------+-------+-----+----+-----+----+----+--------+--------+------+------+------+------+------+------+--------+--------+
# State: old_occ=10 new_occ=10 af=8 ae=5 fill=10 clr_pulse=0
# UVM_INFO ../tb/env/scoreboard.sv(71) @ 565000: uvm_test_top.env_h.scoreboard_h [FIFO_SB_CMP] Scoreboard compare[57]
# +----------+-------+-----+----+-----+----+----+--------+--------+------+------+------+------+------+------+--------+--------+
# | SRC      | IDX   | RST | CS | REG | WR | RD | ADDR   | DATAIN | FULL | EMPTY| ALMF | ALME | OVFL | UDFL | DOUT   | RDATA  |
# +----------+-------+-----+----+-----+----+----+--------+--------+------+------+------+------+------+------+--------+--------+
# | OBS      | 57    |  1  | 1  |  0  | 0  | 0  | 0x00   | 0xb3   |  0   |   0  |  1   |  0   |  0   |  0   | 0x0f   | 0x00   |
# | EXP      | 57    |  1  | 1  |  0  | 0  | 0  | 0x00   | 0xb3   |  0   |   0  |  1   |  0   |  0   |  0   | 0x0f   | 0x00   |
# +----------+-------+-----+----+-----+----+----+--------+--------+------+------+------+------+------+------+--------+--------+
# Result: PASS | pass_count=57 fail_count=0
# UVM_INFO ../tb/agent/read_monitor.sv(44) @ 565000: uvm_test_top.env_h.agent_h.monitor_h [FIFO_MON] Monitor transaction[57]
# +----------+-------+-----+----+-----+----+----+--------+--------+------+------+------+------+------+------+--------+--------+
# | SRC      | IDX   | RST | CS | REG | WR | RD | ADDR   | DATAIN | FULL | EMPTY| ALMF | ALME | OVFL | UDFL | DOUT   | RDATA  |
# +----------+-------+-----+----+-----+----+----+--------+--------+------+------+------+------+------+------+--------+--------+
# | MON      | 57    |  1  | 1  |  0  | 0  | 0  | 0x00   | 0xb3   |  0   |   0  |  1   |  0   |  0   |  0   | 0x0f   | 0x00   |
# +----------+-------+-----+----+-----+----+----+--------+--------+------+------+------+------+------+------+--------+--------+
# UVM_INFO ../tb/agent/write_drv.sv(33) @ 570000: uvm_test_top.env_h.agent_h.driver_h [FIFO_DRV] Driver transaction[58]
# +----------+-------+-----+----+-----+----+----+--------+--------+------+------+------+------+------+------+--------+--------+
# | SRC      | IDX   | RST | CS | REG | WR | RD | ADDR   | DATAIN | FULL | EMPTY| ALMF | ALME | OVFL | UDFL | DOUT   | RDATA  |
# +----------+-------+-----+----+-----+----+----+--------+--------+------+------+------+------+------+------+--------+--------+
# | DRV      | 58    |  1  | 1  |  0  | 0  | 1  | 0x00   | 0xe5   |  0   |   0  |  0   |  0   |  0   |  0   | 0x00   | 0x00   |
# +----------+-------+-----+----+-----+----+----+--------+--------+------+------+------+------+------+------+--------+--------+
# UVM_INFO ../tb/env/reference_model.sv(158) @ 575000: reporter [FIFO_REF] Reference model transaction[58]
# +----------+-------+-----+----+-----+----+----+--------+--------+------+------+------+------+------+------+--------+--------+
# | SRC      | IDX   | RST | CS | REG | WR | RD | ADDR   | DATAIN | FULL | EMPTY| ALMF | ALME | OVFL | UDFL | DOUT   | RDATA  |
# +----------+-------+-----+----+-----+----+----+--------+--------+------+------+------+------+------+------+--------+--------+
# | REF_IN   | 58    |  1  | 1  |  0  | 0  | 1  | 0x00   | 0xe5   |  0   |   0  |  1   |  0   |  0   |  0   | 0x73   | 0x00   |
# | REF_OUT  | 58    |  1  | 1  |  0  | 0  | 1  | 0x00   | 0xe5   |  0   |   0  |  1   |  0   |  0   |  0   | 0x73   | 0x00   |
# +----------+-------+-----+----+-----+----+----+--------+--------+------+------+------+------+------+------+--------+--------+
# State: old_occ=10 new_occ=9 af=8 ae=5 fill=10 clr_pulse=0
# UVM_INFO ../tb/env/scoreboard.sv(71) @ 575000: uvm_test_top.env_h.scoreboard_h [FIFO_SB_CMP] Scoreboard compare[58]
# +----------+-------+-----+----+-----+----+----+--------+--------+------+------+------+------+------+------+--------+--------+
# | SRC      | IDX   | RST | CS | REG | WR | RD | ADDR   | DATAIN | FULL | EMPTY| ALMF | ALME | OVFL | UDFL | DOUT   | RDATA  |
# +----------+-------+-----+----+-----+----+----+--------+--------+------+------+------+------+------+------+--------+--------+
# | OBS      | 58    |  1  | 1  |  0  | 0  | 1  | 0x00   | 0xe5   |  0   |   0  |  1   |  0   |  0   |  0   | 0x73   | 0x00   |
# | EXP      | 58    |  1  | 1  |  0  | 0  | 1  | 0x00   | 0xe5   |  0   |   0  |  1   |  0   |  0   |  0   | 0x73   | 0x00   |
# +----------+-------+-----+----+-----+----+----+--------+--------+------+------+------+------+------+------+--------+--------+
# Result: PASS | pass_count=58 fail_count=0
# UVM_INFO ../tb/agent/read_monitor.sv(44) @ 575000: uvm_test_top.env_h.agent_h.monitor_h [FIFO_MON] Monitor transaction[58]
# +----------+-------+-----+----+-----+----+----+--------+--------+------+------+------+------+------+------+--------+--------+
# | SRC      | IDX   | RST | CS | REG | WR | RD | ADDR   | DATAIN | FULL | EMPTY| ALMF | ALME | OVFL | UDFL | DOUT   | RDATA  |
# +----------+-------+-----+----+-----+----+----+--------+--------+------+------+------+------+------+------+--------+--------+
# | MON      | 58    |  1  | 1  |  0  | 0  | 1  | 0x00   | 0xe5   |  0   |   0  |  1   |  0   |  0   |  0   | 0x73   | 0x00   |
# +----------+-------+-----+----+-----+----+----+--------+--------+------+------+------+------+------+------+--------+--------+
# UVM_INFO ../tb/agent/write_drv.sv(33) @ 580000: uvm_test_top.env_h.agent_h.driver_h [FIFO_DRV] Driver transaction[59]
# +----------+-------+-----+----+-----+----+----+--------+--------+------+------+------+------+------+------+--------+--------+
# | SRC      | IDX   | RST | CS | REG | WR | RD | ADDR   | DATAIN | FULL | EMPTY| ALMF | ALME | OVFL | UDFL | DOUT   | RDATA  |
# +----------+-------+-----+----+-----+----+----+--------+--------+------+------+------+------+------+------+--------+--------+
# | DRV      | 59    |  1  | 1  |  0  | 0  | 0  | 0x00   | 0x86   |  0   |   0  |  0   |  0   |  0   |  0   | 0x00   | 0x00   |
# +----------+-------+-----+----+-----+----+----+--------+--------+------+------+------+------+------+------+--------+--------+
# UVM_INFO ../tb/env/reference_model.sv(158) @ 585000: reporter [FIFO_REF] Reference model transaction[59]
# +----------+-------+-----+----+-----+----+----+--------+--------+------+------+------+------+------+------+--------+--------+
# | SRC      | IDX   | RST | CS | REG | WR | RD | ADDR   | DATAIN | FULL | EMPTY| ALMF | ALME | OVFL | UDFL | DOUT   | RDATA  |
# +----------+-------+-----+----+-----+----+----+--------+--------+------+------+------+------+------+------+--------+--------+
# | REF_IN   | 59    |  1  | 1  |  0  | 0  | 0  | 0x00   | 0x86   |  0   |   0  |  1   |  0   |  0   |  0   | 0x73   | 0x00   |
# | REF_OUT  | 59    |  1  | 1  |  0  | 0  | 0  | 0x00   | 0x86   |  0   |   0  |  1   |  0   |  0   |  0   | 0x73   | 0x00   |
# +----------+-------+-----+----+-----+----+----+--------+--------+------+------+------+------+------+------+--------+--------+
# State: old_occ=9 new_occ=9 af=8 ae=5 fill=9 clr_pulse=0
# UVM_INFO ../tb/env/scoreboard.sv(71) @ 585000: uvm_test_top.env_h.scoreboard_h [FIFO_SB_CMP] Scoreboard compare[59]
# +----------+-------+-----+----+-----+----+----+--------+--------+------+------+------+------+------+------+--------+--------+
# | SRC      | IDX   | RST | CS | REG | WR | RD | ADDR   | DATAIN | FULL | EMPTY| ALMF | ALME | OVFL | UDFL | DOUT   | RDATA  |
# +----------+-------+-----+----+-----+----+----+--------+--------+------+------+------+------+------+------+--------+--------+
# | OBS      | 59    |  1  | 1  |  0  | 0  | 0  | 0x00   | 0x86   |  0   |   0  |  1   |  0   |  0   |  0   | 0x73   | 0x00   |
# | EXP      | 59    |  1  | 1  |  0  | 0  | 0  | 0x00   | 0x86   |  0   |   0  |  1   |  0   |  0   |  0   | 0x73   | 0x00   |
# +----------+-------+-----+----+-----+----+----+--------+--------+------+------+------+------+------+------+--------+--------+
# Result: PASS | pass_count=59 fail_count=0
# UVM_INFO ../tb/agent/read_monitor.sv(44) @ 585000: uvm_test_top.env_h.agent_h.monitor_h [FIFO_MON] Monitor transaction[59]
# +----------+-------+-----+----+-----+----+----+--------+--------+------+------+------+------+------+------+--------+--------+
# | SRC      | IDX   | RST | CS | REG | WR | RD | ADDR   | DATAIN | FULL | EMPTY| ALMF | ALME | OVFL | UDFL | DOUT   | RDATA  |
# +----------+-------+-----+----+-----+----+----+--------+--------+------+------+------+------+------+------+--------+--------+
# | MON      | 59    |  1  | 1  |  0  | 0  | 0  | 0x00   | 0x86   |  0   |   0  |  1   |  0   |  0   |  0   | 0x73   | 0x00   |
# +----------+-------+-----+----+-----+----+----+--------+--------+------+------+------+------+------+------+--------+--------+
# UVM_INFO ../tb/agent/write_drv.sv(33) @ 590000: uvm_test_top.env_h.agent_h.driver_h [FIFO_DRV] Driver transaction[60]
# +----------+-------+-----+----+-----+----+----+--------+--------+------+------+------+------+------+------+--------+--------+
# | SRC      | IDX   | RST | CS | REG | WR | RD | ADDR   | DATAIN | FULL | EMPTY| ALMF | ALME | OVFL | UDFL | DOUT   | RDATA  |
# +----------+-------+-----+----+-----+----+----+--------+--------+------+------+------+------+------+------+--------+--------+
# | DRV      | 60    |  1  | 1  |  0  | 0  | 1  | 0x00   | 0x1b   |  0   |   0  |  0   |  0   |  0   |  0   | 0x00   | 0x00   |
# +----------+-------+-----+----+-----+----+----+--------+--------+------+------+------+------+------+------+--------+--------+
# UVM_INFO ../tb/env/reference_model.sv(158) @ 595000: reporter [FIFO_REF] Reference model transaction[60]
# +----------+-------+-----+----+-----+----+----+--------+--------+------+------+------+------+------+------+--------+--------+
# | SRC      | IDX   | RST | CS | REG | WR | RD | ADDR   | DATAIN | FULL | EMPTY| ALMF | ALME | OVFL | UDFL | DOUT   | RDATA  |
# +----------+-------+-----+----+-----+----+----+--------+--------+------+------+------+------+------+------+--------+--------+
# | REF_IN   | 60    |  1  | 1  |  0  | 0  | 1  | 0x00   | 0x1b   |  0   |   0  |  1   |  0   |  0   |  0   | 0x92   | 0x00   |
# | REF_OUT  | 60    |  1  | 1  |  0  | 0  | 1  | 0x00   | 0x1b   |  0   |   0  |  1   |  0   |  0   |  0   | 0x92   | 0x00   |
# +----------+-------+-----+----+-----+----+----+--------+--------+------+------+------+------+------+------+--------+--------+
# State: old_occ=9 new_occ=8 af=8 ae=5 fill=9 clr_pulse=0
# UVM_INFO ../tb/env/scoreboard.sv(71) @ 595000: uvm_test_top.env_h.scoreboard_h [FIFO_SB_CMP] Scoreboard compare[60]
# +----------+-------+-----+----+-----+----+----+--------+--------+------+------+------+------+------+------+--------+--------+
# | SRC      | IDX   | RST | CS | REG | WR | RD | ADDR   | DATAIN | FULL | EMPTY| ALMF | ALME | OVFL | UDFL | DOUT   | RDATA  |
# +----------+-------+-----+----+-----+----+----+--------+--------+------+------+------+------+------+------+--------+--------+
# | OBS      | 60    |  1  | 1  |  0  | 0  | 1  | 0x00   | 0x1b   |  0   |   0  |  1   |  0   |  0   |  0   | 0x92   | 0x00   |
# | EXP      | 60    |  1  | 1  |  0  | 0  | 1  | 0x00   | 0x1b   |  0   |   0  |  1   |  0   |  0   |  0   | 0x92   | 0x00   |
# +----------+-------+-----+----+-----+----+----+--------+--------+------+------+------+------+------+------+--------+--------+
# Result: PASS | pass_count=60 fail_count=0
# UVM_INFO ../tb/agent/read_monitor.sv(44) @ 595000: uvm_test_top.env_h.agent_h.monitor_h [FIFO_MON] Monitor transaction[60]
# +----------+-------+-----+----+-----+----+----+--------+--------+------+------+------+------+------+------+--------+--------+
# | SRC      | IDX   | RST | CS | REG | WR | RD | ADDR   | DATAIN | FULL | EMPTY| ALMF | ALME | OVFL | UDFL | DOUT   | RDATA  |
# +----------+-------+-----+----+-----+----+----+--------+--------+------+------+------+------+------+------+--------+--------+
# | MON      | 60    |  1  | 1  |  0  | 0  | 1  | 0x00   | 0x1b   |  0   |   0  |  1   |  0   |  0   |  0   | 0x92   | 0x00   |
# +----------+-------+-----+----+-----+----+----+--------+--------+------+------+------+------+------+------+--------+--------+
# UVM_INFO ../tb/agent/write_drv.sv(33) @ 600000: uvm_test_top.env_h.agent_h.driver_h [FIFO_DRV] Driver transaction[61]
# +----------+-------+-----+----+-----+----+----+--------+--------+------+------+------+------+------+------+--------+--------+
# | SRC      | IDX   | RST | CS | REG | WR | RD | ADDR   | DATAIN | FULL | EMPTY| ALMF | ALME | OVFL | UDFL | DOUT   | RDATA  |
# +----------+-------+-----+----+-----+----+----+--------+--------+------+------+------+------+------+------+--------+--------+
# | DRV      | 61    |  1  | 0  |  0  | 1  | 0  | 0x00   | 0x86   |  0   |   0  |  0   |  0   |  0   |  0   | 0x00   | 0x00   |
# +----------+-------+-----+----+-----+----+----+--------+--------+------+------+------+------+------+------+--------+--------+
# UVM_INFO ../tb/env/reference_model.sv(158) @ 605000: reporter [FIFO_REF] Reference model transaction[61]
# +----------+-------+-----+----+-----+----+----+--------+--------+------+------+------+------+------+------+--------+--------+
# | SRC      | IDX   | RST | CS | REG | WR | RD | ADDR   | DATAIN | FULL | EMPTY| ALMF | ALME | OVFL | UDFL | DOUT   | RDATA  |
# +----------+-------+-----+----+-----+----+----+--------+--------+------+------+------+------+------+------+--------+--------+
# | REF_IN   | 61    |  1  | 0  |  0  | 1  | 0  | 0x00   | 0x86   |  0   |   0  |  1   |  0   |  0   |  0   | 0x92   | 0x00   |
# | REF_OUT  | 61    |  1  | 0  |  0  | 1  | 0  | 0x00   | 0x86   |  0   |   0  |  1   |  0   |  0   |  0   | 0x92   | 0x00   |
# +----------+-------+-----+----+-----+----+----+--------+--------+------+------+------+------+------+------+--------+--------+
# State: old_occ=8 new_occ=8 af=8 ae=5 fill=9 clr_pulse=0
# UVM_INFO ../tb/env/scoreboard.sv(71) @ 605000: uvm_test_top.env_h.scoreboard_h [FIFO_SB_CMP] Scoreboard compare[61]
# +----------+-------+-----+----+-----+----+----+--------+--------+------+------+------+------+------+------+--------+--------+
# | SRC      | IDX   | RST | CS | REG | WR | RD | ADDR   | DATAIN | FULL | EMPTY| ALMF | ALME | OVFL | UDFL | DOUT   | RDATA  |
# +----------+-------+-----+----+-----+----+----+--------+--------+------+------+------+------+------+------+--------+--------+
# | OBS      | 61    |  1  | 0  |  0  | 1  | 0  | 0x00   | 0x86   |  0   |   0  |  1   |  0   |  0   |  0   | 0x92   | 0x00   |
# | EXP      | 61    |  1  | 0  |  0  | 1  | 0  | 0x00   | 0x86   |  0   |   0  |  1   |  0   |  0   |  0   | 0x92   | 0x00   |
# +----------+-------+-----+----+-----+----+----+--------+--------+------+------+------+------+------+------+--------+--------+
# Result: PASS | pass_count=61 fail_count=0
# UVM_INFO ../tb/agent/read_monitor.sv(44) @ 605000: uvm_test_top.env_h.agent_h.monitor_h [FIFO_MON] Monitor transaction[61]
# +----------+-------+-----+----+-----+----+----+--------+--------+------+------+------+------+------+------+--------+--------+
# | SRC      | IDX   | RST | CS | REG | WR | RD | ADDR   | DATAIN | FULL | EMPTY| ALMF | ALME | OVFL | UDFL | DOUT   | RDATA  |
# +----------+-------+-----+----+-----+----+----+--------+--------+------+------+------+------+------+------+--------+--------+
# | MON      | 61    |  1  | 0  |  0  | 1  | 0  | 0x00   | 0x86   |  0   |   0  |  1   |  0   |  0   |  0   | 0x92   | 0x00   |
# +----------+-------+-----+----+-----+----+----+--------+--------+------+------+------+------+------+------+--------+--------+
# UVM_INFO ../tb/agent/write_drv.sv(33) @ 610000: uvm_test_top.env_h.agent_h.driver_h [FIFO_DRV] Driver transaction[62]
# +----------+-------+-----+----+-----+----+----+--------+--------+------+------+------+------+------+------+--------+--------+
# | SRC      | IDX   | RST | CS | REG | WR | RD | ADDR   | DATAIN | FULL | EMPTY| ALMF | ALME | OVFL | UDFL | DOUT   | RDATA  |
# +----------+-------+-----+----+-----+----+----+--------+--------+------+------+------+------+------+------+--------+--------+
# | DRV      | 62    |  1  | 1  |  0  | 1  | 1  | 0x00   | 0xfc   |  0   |   0  |  0   |  0   |  0   |  0   | 0x00   | 0x00   |
# +----------+-------+-----+----+-----+----+----+--------+--------+------+------+------+------+------+------+--------+--------+
# UVM_INFO ../tb/env/reference_model.sv(158) @ 615000: reporter [FIFO_REF] Reference model transaction[62]
# +----------+-------+-----+----+-----+----+----+--------+--------+------+------+------+------+------+------+--------+--------+
# | SRC      | IDX   | RST | CS | REG | WR | RD | ADDR   | DATAIN | FULL | EMPTY| ALMF | ALME | OVFL | UDFL | DOUT   | RDATA  |
# +----------+-------+-----+----+-----+----+----+--------+--------+------+------+------+------+------+------+--------+--------+
# | REF_IN   | 62    |  1  | 1  |  0  | 1  | 1  | 0x00   | 0xfc   |  0   |   0  |  1   |  0   |  0   |  0   | 0x7c   | 0x00   |
# | REF_OUT  | 62    |  1  | 1  |  0  | 1  | 1  | 0x00   | 0xfc   |  0   |   0  |  1   |  0   |  0   |  0   | 0x7c   | 0x00   |
# +----------+-------+-----+----+-----+----+----+--------+--------+------+------+------+------+------+------+--------+--------+
# State: old_occ=8 new_occ=8 af=8 ae=5 fill=8 clr_pulse=0
# UVM_INFO ../tb/env/scoreboard.sv(71) @ 615000: uvm_test_top.env_h.scoreboard_h [FIFO_SB_CMP] Scoreboard compare[62]
# +----------+-------+-----+----+-----+----+----+--------+--------+------+------+------+------+------+------+--------+--------+
# | SRC      | IDX   | RST | CS | REG | WR | RD | ADDR   | DATAIN | FULL | EMPTY| ALMF | ALME | OVFL | UDFL | DOUT   | RDATA  |
# +----------+-------+-----+----+-----+----+----+--------+--------+------+------+------+------+------+------+--------+--------+
# | OBS      | 62    |  1  | 1  |  0  | 1  | 1  | 0x00   | 0xfc   |  0   |   0  |  1   |  0   |  0   |  0   | 0x7c   | 0x00   |
# | EXP      | 62    |  1  | 1  |  0  | 1  | 1  | 0x00   | 0xfc   |  0   |   0  |  1   |  0   |  0   |  0   | 0x7c   | 0x00   |
# +----------+-------+-----+----+-----+----+----+--------+--------+------+------+------+------+------+------+--------+--------+
# Result: PASS | pass_count=62 fail_count=0
# UVM_INFO ../tb/agent/read_monitor.sv(44) @ 615000: uvm_test_top.env_h.agent_h.monitor_h [FIFO_MON] Monitor transaction[62]
# +----------+-------+-----+----+-----+----+----+--------+--------+------+------+------+------+------+------+--------+--------+
# | SRC      | IDX   | RST | CS | REG | WR | RD | ADDR   | DATAIN | FULL | EMPTY| ALMF | ALME | OVFL | UDFL | DOUT   | RDATA  |
# +----------+-------+-----+----+-----+----+----+--------+--------+------+------+------+------+------+------+--------+--------+
# | MON      | 62    |  1  | 1  |  0  | 1  | 1  | 0x00   | 0xfc   |  0   |   0  |  1   |  0   |  0   |  0   | 0x7c   | 0x00   |
# +----------+-------+-----+----+-----+----+----+--------+--------+------+------+------+------+------+------+--------+--------+
# UVM_INFO ../tb/agent/write_drv.sv(33) @ 620000: uvm_test_top.env_h.agent_h.driver_h [FIFO_DRV] Driver transaction[63]
# +----------+-------+-----+----+-----+----+----+--------+--------+------+------+------+------+------+------+--------+--------+
# | SRC      | IDX   | RST | CS | REG | WR | RD | ADDR   | DATAIN | FULL | EMPTY| ALMF | ALME | OVFL | UDFL | DOUT   | RDATA  |
# +----------+-------+-----+----+-----+----+----+--------+--------+------+------+------+------+------+------+--------+--------+
# | DRV      | 63    |  1  | 1  |  1  | 1  | 1  | 0x14   | 0xa4   |  0   |   0  |  0   |  0   |  0   |  0   | 0x00   | 0x00   |
# +----------+-------+-----+----+-----+----+----+--------+--------+------+------+------+------+------+------+--------+--------+
# UVM_INFO ../tb/env/reference_model.sv(158) @ 625000: reporter [FIFO_REF] Reference model transaction[63]
# +----------+-------+-----+----+-----+----+----+--------+--------+------+------+------+------+------+------+--------+--------+
# | SRC      | IDX   | RST | CS | REG | WR | RD | ADDR   | DATAIN | FULL | EMPTY| ALMF | ALME | OVFL | UDFL | DOUT   | RDATA  |
# +----------+-------+-----+----+-----+----+----+--------+--------+------+------+------+------+------+------+--------+--------+
# | REF_IN   | 63    |  1  | 1  |  1  | 1  | 1  | 0x14   | 0xa4   |  0   |   0  |  1   |  0   |  0   |  0   | 0x7c   | 0x08   |
# | REF_OUT  | 63    |  1  | 1  |  1  | 1  | 1  | 0x14   | 0xa4   |  0   |   0  |  1   |  0   |  0   |  0   | 0x7c   | 0x08   |
# +----------+-------+-----+----+-----+----+----+--------+--------+------+------+------+------+------+------+--------+--------+
# State: old_occ=8 new_occ=8 af=8 ae=5 fill=8 clr_pulse=0
# UVM_INFO ../tb/env/scoreboard.sv(71) @ 625000: uvm_test_top.env_h.scoreboard_h [FIFO_SB_CMP] Scoreboard compare[63]
# +----------+-------+-----+----+-----+----+----+--------+--------+------+------+------+------+------+------+--------+--------+
# | SRC      | IDX   | RST | CS | REG | WR | RD | ADDR   | DATAIN | FULL | EMPTY| ALMF | ALME | OVFL | UDFL | DOUT   | RDATA  |
# +----------+-------+-----+----+-----+----+----+--------+--------+------+------+------+------+------+------+--------+--------+
# | OBS      | 63    |  1  | 1  |  1  | 1  | 1  | 0x14   | 0xa4   |  0   |   0  |  1   |  0   |  0   |  0   | 0x7c   | 0x08   |
# | EXP      | 63    |  1  | 1  |  1  | 1  | 1  | 0x14   | 0xa4   |  0   |   0  |  1   |  0   |  0   |  0   | 0x7c   | 0x08   |
# +----------+-------+-----+----+-----+----+----+--------+--------+------+------+------+------+------+------+--------+--------+
# Result: PASS | pass_count=63 fail_count=0
# UVM_INFO ../tb/agent/read_monitor.sv(44) @ 625000: uvm_test_top.env_h.agent_h.monitor_h [FIFO_MON] Monitor transaction[63]
# +----------+-------+-----+----+-----+----+----+--------+--------+------+------+------+------+------+------+--------+--------+
# | SRC      | IDX   | RST | CS | REG | WR | RD | ADDR   | DATAIN | FULL | EMPTY| ALMF | ALME | OVFL | UDFL | DOUT   | RDATA  |
# +----------+-------+-----+----+-----+----+----+--------+--------+------+------+------+------+------+------+--------+--------+
# | MON      | 63    |  1  | 1  |  1  | 1  | 1  | 0x14   | 0xa4   |  0   |   0  |  1   |  0   |  0   |  0   | 0x7c   | 0x08   |
# +----------+-------+-----+----+-----+----+----+--------+--------+------+------+------+------+------+------+--------+--------+
# UVM_INFO ../tb/agent/write_drv.sv(33) @ 630000: uvm_test_top.env_h.agent_h.driver_h [FIFO_DRV] Driver transaction[64]
# +----------+-------+-----+----+-----+----+----+--------+--------+------+------+------+------+------+------+--------+--------+
# | SRC      | IDX   | RST | CS | REG | WR | RD | ADDR   | DATAIN | FULL | EMPTY| ALMF | ALME | OVFL | UDFL | DOUT   | RDATA  |
# +----------+-------+-----+----+-----+----+----+--------+--------+------+------+------+------+------+------+--------+--------+
# | DRV      | 64    |  1  | 0  |  1  | 1  | 1  | 0x00   | 0x5e   |  0   |   0  |  0   |  0   |  0   |  0   | 0x00   | 0x00   |
# +----------+-------+-----+----+-----+----+----+--------+--------+------+------+------+------+------+------+--------+--------+
# UVM_INFO ../tb/env/reference_model.sv(158) @ 635000: reporter [FIFO_REF] Reference model transaction[64]
# +----------+-------+-----+----+-----+----+----+--------+--------+------+------+------+------+------+------+--------+--------+
# | SRC      | IDX   | RST | CS | REG | WR | RD | ADDR   | DATAIN | FULL | EMPTY| ALMF | ALME | OVFL | UDFL | DOUT   | RDATA  |
# +----------+-------+-----+----+-----+----+----+--------+--------+------+------+------+------+------+------+--------+--------+
# | REF_IN   | 64    |  1  | 0  |  1  | 1  | 1  | 0x00   | 0x5e   |  0   |   0  |  1   |  0   |  0   |  0   | 0x7c   | 0x00   |
# | REF_OUT  | 64    |  1  | 0  |  1  | 1  | 1  | 0x00   | 0x5e   |  0   |   0  |  1   |  0   |  0   |  0   | 0x7c   | 0x00   |
# +----------+-------+-----+----+-----+----+----+--------+--------+------+------+------+------+------+------+--------+--------+
# State: old_occ=8 new_occ=8 af=8 ae=5 fill=8 clr_pulse=0
# UVM_INFO ../tb/env/scoreboard.sv(71) @ 635000: uvm_test_top.env_h.scoreboard_h [FIFO_SB_CMP] Scoreboard compare[64]
# +----------+-------+-----+----+-----+----+----+--------+--------+------+------+------+------+------+------+--------+--------+
# | SRC      | IDX   | RST | CS | REG | WR | RD | ADDR   | DATAIN | FULL | EMPTY| ALMF | ALME | OVFL | UDFL | DOUT   | RDATA  |
# +----------+-------+-----+----+-----+----+----+--------+--------+------+------+------+------+------+------+--------+--------+
# | OBS      | 64    |  1  | 0  |  1  | 1  | 1  | 0x00   | 0x5e   |  0   |   0  |  1   |  0   |  0   |  0   | 0x7c   | 0x00   |
# | EXP      | 64    |  1  | 0  |  1  | 1  | 1  | 0x00   | 0x5e   |  0   |   0  |  1   |  0   |  0   |  0   | 0x7c   | 0x00   |
# +----------+-------+-----+----+-----+----+----+--------+--------+------+------+------+------+------+------+--------+--------+
# Result: PASS | pass_count=64 fail_count=0
# UVM_INFO ../tb/agent/read_monitor.sv(44) @ 635000: uvm_test_top.env_h.agent_h.monitor_h [FIFO_MON] Monitor transaction[64]
# +----------+-------+-----+----+-----+----+----+--------+--------+------+------+------+------+------+------+--------+--------+
# | SRC      | IDX   | RST | CS | REG | WR | RD | ADDR   | DATAIN | FULL | EMPTY| ALMF | ALME | OVFL | UDFL | DOUT   | RDATA  |
# +----------+-------+-----+----+-----+----+----+--------+--------+------+------+------+------+------+------+--------+--------+
# | MON      | 64    |  1  | 0  |  1  | 1  | 1  | 0x00   | 0x5e   |  0   |   0  |  1   |  0   |  0   |  0   | 0x7c   | 0x00   |
# +----------+-------+-----+----+-----+----+----+--------+--------+------+------+------+------+------+------+--------+--------+
# UVM_INFO ../tb/agent/write_drv.sv(33) @ 640000: uvm_test_top.env_h.agent_h.driver_h [FIFO_DRV] Driver transaction[65]
# +----------+-------+-----+----+-----+----+----+--------+--------+------+------+------+------+------+------+--------+--------+
# | SRC      | IDX   | RST | CS | REG | WR | RD | ADDR   | DATAIN | FULL | EMPTY| ALMF | ALME | OVFL | UDFL | DOUT   | RDATA  |
# +----------+-------+-----+----+-----+----+----+--------+--------+------+------+------+------+------+------+--------+--------+
# | DRV      | 65    |  1  | 0  |  0  | 0  | 1  | 0x00   | 0xd2   |  0   |   0  |  0   |  0   |  0   |  0   | 0x00   | 0x00   |
# +----------+-------+-----+----+-----+----+----+--------+--------+------+------+------+------+------+------+--------+--------+
# UVM_INFO ../tb/env/reference_model.sv(158) @ 645000: reporter [FIFO_REF] Reference model transaction[65]
# +----------+-------+-----+----+-----+----+----+--------+--------+------+------+------+------+------+------+--------+--------+
# | SRC      | IDX   | RST | CS | REG | WR | RD | ADDR   | DATAIN | FULL | EMPTY| ALMF | ALME | OVFL | UDFL | DOUT   | RDATA  |
# +----------+-------+-----+----+-----+----+----+--------+--------+------+------+------+------+------+------+--------+--------+
# | REF_IN   | 65    |  1  | 0  |  0  | 0  | 1  | 0x00   | 0xd2   |  0   |   0  |  1   |  0   |  0   |  0   | 0x7c   | 0x00   |
# | REF_OUT  | 65    |  1  | 0  |  0  | 0  | 1  | 0x00   | 0xd2   |  0   |   0  |  1   |  0   |  0   |  0   | 0x7c   | 0x00   |
# +----------+-------+-----+----+-----+----+----+--------+--------+------+------+------+------+------+------+--------+--------+
# State: old_occ=8 new_occ=8 af=8 ae=5 fill=8 clr_pulse=0
# UVM_INFO ../tb/env/scoreboard.sv(71) @ 645000: uvm_test_top.env_h.scoreboard_h [FIFO_SB_CMP] Scoreboard compare[65]
# +----------+-------+-----+----+-----+----+----+--------+--------+------+------+------+------+------+------+--------+--------+
# | SRC      | IDX   | RST | CS | REG | WR | RD | ADDR   | DATAIN | FULL | EMPTY| ALMF | ALME | OVFL | UDFL | DOUT   | RDATA  |
# +----------+-------+-----+----+-----+----+----+--------+--------+------+------+------+------+------+------+--------+--------+
# | OBS      | 65    |  1  | 0  |  0  | 0  | 1  | 0x00   | 0xd2   |  0   |   0  |  1   |  0   |  0   |  0   | 0x7c   | 0x00   |
# | EXP      | 65    |  1  | 0  |  0  | 0  | 1  | 0x00   | 0xd2   |  0   |   0  |  1   |  0   |  0   |  0   | 0x7c   | 0x00   |
# +----------+-------+-----+----+-----+----+----+--------+--------+------+------+------+------+------+------+--------+--------+
# Result: PASS | pass_count=65 fail_count=0
# UVM_INFO ../tb/agent/read_monitor.sv(44) @ 645000: uvm_test_top.env_h.agent_h.monitor_h [FIFO_MON] Monitor transaction[65]
# +----------+-------+-----+----+-----+----+----+--------+--------+------+------+------+------+------+------+--------+--------+
# | SRC      | IDX   | RST | CS | REG | WR | RD | ADDR   | DATAIN | FULL | EMPTY| ALMF | ALME | OVFL | UDFL | DOUT   | RDATA  |
# +----------+-------+-----+----+-----+----+----+--------+--------+------+------+------+------+------+------+--------+--------+
# | MON      | 65    |  1  | 0  |  0  | 0  | 1  | 0x00   | 0xd2   |  0   |   0  |  1   |  0   |  0   |  0   | 0x7c   | 0x00   |
# +----------+-------+-----+----+-----+----+----+--------+--------+------+------+------+------+------+------+--------+--------+
# UVM_INFO ../tb/agent/write_drv.sv(33) @ 650000: uvm_test_top.env_h.agent_h.driver_h [FIFO_DRV] Driver transaction[66]
# +----------+-------+-----+----+-----+----+----+--------+--------+------+------+------+------+------+------+--------+--------+
# | SRC      | IDX   | RST | CS | REG | WR | RD | ADDR   | DATAIN | FULL | EMPTY| ALMF | ALME | OVFL | UDFL | DOUT   | RDATA  |
# +----------+-------+-----+----+-----+----+----+--------+--------+------+------+------+------+------+------+--------+--------+
# | DRV      | 66    |  1  | 1  |  0  | 1  | 1  | 0x00   | 0xad   |  0   |   0  |  0   |  0   |  0   |  0   | 0x00   | 0x00   |
# +----------+-------+-----+----+-----+----+----+--------+--------+------+------+------+------+------+------+--------+--------+
# UVM_INFO ../tb/env/reference_model.sv(158) @ 655000: reporter [FIFO_REF] Reference model transaction[66]
# +----------+-------+-----+----+-----+----+----+--------+--------+------+------+------+------+------+------+--------+--------+
# | SRC      | IDX   | RST | CS | REG | WR | RD | ADDR   | DATAIN | FULL | EMPTY| ALMF | ALME | OVFL | UDFL | DOUT   | RDATA  |
# +----------+-------+-----+----+-----+----+----+--------+--------+------+------+------+------+------+------+--------+--------+
# | REF_IN   | 66    |  1  | 1  |  0  | 1  | 1  | 0x00   | 0xad   |  0   |   0  |  1   |  0   |  0   |  0   | 0x9b   | 0x00   |
# | REF_OUT  | 66    |  1  | 1  |  0  | 1  | 1  | 0x00   | 0xad   |  0   |   0  |  1   |  0   |  0   |  0   | 0x9b   | 0x00   |
# +----------+-------+-----+----+-----+----+----+--------+--------+------+------+------+------+------+------+--------+--------+
# State: old_occ=8 new_occ=8 af=8 ae=5 fill=8 clr_pulse=0
# UVM_INFO ../tb/env/scoreboard.sv(71) @ 655000: uvm_test_top.env_h.scoreboard_h [FIFO_SB_CMP] Scoreboard compare[66]
# +----------+-------+-----+----+-----+----+----+--------+--------+------+------+------+------+------+------+--------+--------+
# | SRC      | IDX   | RST | CS | REG | WR | RD | ADDR   | DATAIN | FULL | EMPTY| ALMF | ALME | OVFL | UDFL | DOUT   | RDATA  |
# +----------+-------+-----+----+-----+----+----+--------+--------+------+------+------+------+------+------+--------+--------+
# | OBS      | 66    |  1  | 1  |  0  | 1  | 1  | 0x00   | 0xad   |  0   |   0  |  1   |  0   |  0   |  0   | 0x9b   | 0x00   |
# | EXP      | 66    |  1  | 1  |  0  | 1  | 1  | 0x00   | 0xad   |  0   |   0  |  1   |  0   |  0   |  0   | 0x9b   | 0x00   |
# +----------+-------+-----+----+-----+----+----+--------+--------+------+------+------+------+------+------+--------+--------+
# Result: PASS | pass_count=66 fail_count=0
# UVM_INFO ../tb/agent/read_monitor.sv(44) @ 655000: uvm_test_top.env_h.agent_h.monitor_h [FIFO_MON] Monitor transaction[66]
# +----------+-------+-----+----+-----+----+----+--------+--------+------+------+------+------+------+------+--------+--------+
# | SRC      | IDX   | RST | CS | REG | WR | RD | ADDR   | DATAIN | FULL | EMPTY| ALMF | ALME | OVFL | UDFL | DOUT   | RDATA  |
# +----------+-------+-----+----+-----+----+----+--------+--------+------+------+------+------+------+------+--------+--------+
# | MON      | 66    |  1  | 1  |  0  | 1  | 1  | 0x00   | 0xad   |  0   |   0  |  1   |  0   |  0   |  0   | 0x9b   | 0x00   |
# +----------+-------+-----+----+-----+----+----+--------+--------+------+------+------+------+------+------+--------+--------+
# UVM_INFO ../tb/agent/write_drv.sv(33) @ 660000: uvm_test_top.env_h.agent_h.driver_h [FIFO_DRV] Driver transaction[67]
# +----------+-------+-----+----+-----+----+----+--------+--------+------+------+------+------+------+------+--------+--------+
# | SRC      | IDX   | RST | CS | REG | WR | RD | ADDR   | DATAIN | FULL | EMPTY| ALMF | ALME | OVFL | UDFL | DOUT   | RDATA  |
# +----------+-------+-----+----+-----+----+----+--------+--------+------+------+------+------+------+------+--------+--------+
# | DRV      | 67    |  1  | 1  |  0  | 1  | 0  | 0x00   | 0x68   |  0   |   0  |  0   |  0   |  0   |  0   | 0x00   | 0x00   |
# +----------+-------+-----+----+-----+----+----+--------+--------+------+------+------+------+------+------+--------+--------+
# UVM_INFO ../tb/env/reference_model.sv(158) @ 665000: reporter [FIFO_REF] Reference model transaction[67]
# +----------+-------+-----+----+-----+----+----+--------+--------+------+------+------+------+------+------+--------+--------+
# | SRC      | IDX   | RST | CS | REG | WR | RD | ADDR   | DATAIN | FULL | EMPTY| ALMF | ALME | OVFL | UDFL | DOUT   | RDATA  |
# +----------+-------+-----+----+-----+----+----+--------+--------+------+------+------+------+------+------+--------+--------+
# | REF_IN   | 67    |  1  | 1  |  0  | 1  | 0  | 0x00   | 0x68   |  0   |   0  |  1   |  0   |  0   |  0   | 0x9b   | 0x00   |
# | REF_OUT  | 67    |  1  | 1  |  0  | 1  | 0  | 0x00   | 0x68   |  0   |   0  |  1   |  0   |  0   |  0   | 0x9b   | 0x00   |
# +----------+-------+-----+----+-----+----+----+--------+--------+------+------+------+------+------+------+--------+--------+
# State: old_occ=8 new_occ=9 af=8 ae=5 fill=8 clr_pulse=0
# UVM_INFO ../tb/env/scoreboard.sv(71) @ 665000: uvm_test_top.env_h.scoreboard_h [FIFO_SB_CMP] Scoreboard compare[67]
# +----------+-------+-----+----+-----+----+----+--------+--------+------+------+------+------+------+------+--------+--------+
# | SRC      | IDX   | RST | CS | REG | WR | RD | ADDR   | DATAIN | FULL | EMPTY| ALMF | ALME | OVFL | UDFL | DOUT   | RDATA  |
# +----------+-------+-----+----+-----+----+----+--------+--------+------+------+------+------+------+------+--------+--------+
# | OBS      | 67    |  1  | 1  |  0  | 1  | 0  | 0x00   | 0x68   |  0   |   0  |  1   |  0   |  0   |  0   | 0x9b   | 0x00   |
# | EXP      | 67    |  1  | 1  |  0  | 1  | 0  | 0x00   | 0x68   |  0   |   0  |  1   |  0   |  0   |  0   | 0x9b   | 0x00   |
# +----------+-------+-----+----+-----+----+----+--------+--------+------+------+------+------+------+------+--------+--------+
# Result: PASS | pass_count=67 fail_count=0
# UVM_INFO ../tb/agent/read_monitor.sv(44) @ 665000: uvm_test_top.env_h.agent_h.monitor_h [FIFO_MON] Monitor transaction[67]
# +----------+-------+-----+----+-----+----+----+--------+--------+------+------+------+------+------+------+--------+--------+
# | SRC      | IDX   | RST | CS | REG | WR | RD | ADDR   | DATAIN | FULL | EMPTY| ALMF | ALME | OVFL | UDFL | DOUT   | RDATA  |
# +----------+-------+-----+----+-----+----+----+--------+--------+------+------+------+------+------+------+--------+--------+
# | MON      | 67    |  1  | 1  |  0  | 1  | 0  | 0x00   | 0x68   |  0   |   0  |  1   |  0   |  0   |  0   | 0x9b   | 0x00   |
# +----------+-------+-----+----+-----+----+----+--------+--------+------+------+------+------+------+------+--------+--------+
# UVM_INFO ../tb/agent/write_drv.sv(33) @ 670000: uvm_test_top.env_h.agent_h.driver_h [FIFO_DRV] Driver transaction[68]
# +----------+-------+-----+----+-----+----+----+--------+--------+------+------+------+------+------+------+--------+--------+
# | SRC      | IDX   | RST | CS | REG | WR | RD | ADDR   | DATAIN | FULL | EMPTY| ALMF | ALME | OVFL | UDFL | DOUT   | RDATA  |
# +----------+-------+-----+----+-----+----+----+--------+--------+------+------+------+------+------+------+--------+--------+
# | DRV      | 68    |  1  | 1  |  0  | 1  | 0  | 0x00   | 0x02   |  0   |   0  |  0   |  0   |  0   |  0   | 0x00   | 0x00   |
# +----------+-------+-----+----+-----+----+----+--------+--------+------+------+------+------+------+------+--------+--------+
# UVM_INFO ../tb/env/reference_model.sv(158) @ 675000: reporter [FIFO_REF] Reference model transaction[68]
# +----------+-------+-----+----+-----+----+----+--------+--------+------+------+------+------+------+------+--------+--------+
# | SRC      | IDX   | RST | CS | REG | WR | RD | ADDR   | DATAIN | FULL | EMPTY| ALMF | ALME | OVFL | UDFL | DOUT   | RDATA  |
# +----------+-------+-----+----+-----+----+----+--------+--------+------+------+------+------+------+------+--------+--------+
# | REF_IN   | 68    |  1  | 1  |  0  | 1  | 0  | 0x00   | 0x02   |  0   |   0  |  1   |  0   |  0   |  0   | 0x9b   | 0x00   |
# | REF_OUT  | 68    |  1  | 1  |  0  | 1  | 0  | 0x00   | 0x02   |  0   |   0  |  1   |  0   |  0   |  0   | 0x9b   | 0x00   |
# +----------+-------+-----+----+-----+----+----+--------+--------+------+------+------+------+------+------+--------+--------+
# State: old_occ=9 new_occ=10 af=8 ae=5 fill=9 clr_pulse=0
# UVM_INFO ../tb/env/scoreboard.sv(71) @ 675000: uvm_test_top.env_h.scoreboard_h [FIFO_SB_CMP] Scoreboard compare[68]
# +----------+-------+-----+----+-----+----+----+--------+--------+------+------+------+------+------+------+--------+--------+
# | SRC      | IDX   | RST | CS | REG | WR | RD | ADDR   | DATAIN | FULL | EMPTY| ALMF | ALME | OVFL | UDFL | DOUT   | RDATA  |
# +----------+-------+-----+----+-----+----+----+--------+--------+------+------+------+------+------+------+--------+--------+
# | OBS      | 68    |  1  | 1  |  0  | 1  | 0  | 0x00   | 0x02   |  0   |   0  |  1   |  0   |  0   |  0   | 0x9b   | 0x00   |
# | EXP      | 68    |  1  | 1  |  0  | 1  | 0  | 0x00   | 0x02   |  0   |   0  |  1   |  0   |  0   |  0   | 0x9b   | 0x00   |
# +----------+-------+-----+----+-----+----+----+--------+--------+------+------+------+------+------+------+--------+--------+
# Result: PASS | pass_count=68 fail_count=0
# UVM_INFO ../tb/agent/read_monitor.sv(44) @ 675000: uvm_test_top.env_h.agent_h.monitor_h [FIFO_MON] Monitor transaction[68]
# +----------+-------+-----+----+-----+----+----+--------+--------+------+------+------+------+------+------+--------+--------+
# | SRC      | IDX   | RST | CS | REG | WR | RD | ADDR   | DATAIN | FULL | EMPTY| ALMF | ALME | OVFL | UDFL | DOUT   | RDATA  |
# +----------+-------+-----+----+-----+----+----+--------+--------+------+------+------+------+------+------+--------+--------+
# | MON      | 68    |  1  | 1  |  0  | 1  | 0  | 0x00   | 0x02   |  0   |   0  |  1   |  0   |  0   |  0   | 0x9b   | 0x00   |
# +----------+-------+-----+----+-----+----+----+--------+--------+------+------+------+------+------+------+--------+--------+
# UVM_INFO ../tb/agent/write_drv.sv(33) @ 680000: uvm_test_top.env_h.agent_h.driver_h [FIFO_DRV] Driver transaction[69]
# +----------+-------+-----+----+-----+----+----+--------+--------+------+------+------+------+------+------+--------+--------+
# | SRC      | IDX   | RST | CS | REG | WR | RD | ADDR   | DATAIN | FULL | EMPTY| ALMF | ALME | OVFL | UDFL | DOUT   | RDATA  |
# +----------+-------+-----+----+-----+----+----+--------+--------+------+------+------+------+------+------+--------+--------+
# | DRV      | 69    |  1  | 1  |  0  | 0  | 1  | 0x00   | 0x42   |  0   |   0  |  0   |  0   |  0   |  0   | 0x00   | 0x00   |
# +----------+-------+-----+----+-----+----+----+--------+--------+------+------+------+------+------+------+--------+--------+
# UVM_INFO ../tb/env/reference_model.sv(158) @ 685000: reporter [FIFO_REF] Reference model transaction[69]
# +----------+-------+-----+----+-----+----+----+--------+--------+------+------+------+------+------+------+--------+--------+
# | SRC      | IDX   | RST | CS | REG | WR | RD | ADDR   | DATAIN | FULL | EMPTY| ALMF | ALME | OVFL | UDFL | DOUT   | RDATA  |
# +----------+-------+-----+----+-----+----+----+--------+--------+------+------+------+------+------+------+--------+--------+
# | REF_IN   | 69    |  1  | 1  |  0  | 0  | 1  | 0x00   | 0x42   |  0   |   0  |  1   |  0   |  0   |  0   | 0xbf   | 0x00   |
# | REF_OUT  | 69    |  1  | 1  |  0  | 0  | 1  | 0x00   | 0x42   |  0   |   0  |  1   |  0   |  0   |  0   | 0xbf   | 0x00   |
# +----------+-------+-----+----+-----+----+----+--------+--------+------+------+------+------+------+------+--------+--------+
# State: old_occ=10 new_occ=9 af=8 ae=5 fill=10 clr_pulse=0
# UVM_INFO ../tb/env/scoreboard.sv(71) @ 685000: uvm_test_top.env_h.scoreboard_h [FIFO_SB_CMP] Scoreboard compare[69]
# +----------+-------+-----+----+-----+----+----+--------+--------+------+------+------+------+------+------+--------+--------+
# | SRC      | IDX   | RST | CS | REG | WR | RD | ADDR   | DATAIN | FULL | EMPTY| ALMF | ALME | OVFL | UDFL | DOUT   | RDATA  |
# +----------+-------+-----+----+-----+----+----+--------+--------+------+------+------+------+------+------+--------+--------+
# | OBS      | 69    |  1  | 1  |  0  | 0  | 1  | 0x00   | 0x42   |  0   |   0  |  1   |  0   |  0   |  0   | 0xbf   | 0x00   |
# | EXP      | 69    |  1  | 1  |  0  | 0  | 1  | 0x00   | 0x42   |  0   |   0  |  1   |  0   |  0   |  0   | 0xbf   | 0x00   |
# +----------+-------+-----+----+-----+----+----+--------+--------+------+------+------+------+------+------+--------+--------+
# Result: PASS | pass_count=69 fail_count=0
# UVM_INFO ../tb/agent/read_monitor.sv(44) @ 685000: uvm_test_top.env_h.agent_h.monitor_h [FIFO_MON] Monitor transaction[69]
# +----------+-------+-----+----+-----+----+----+--------+--------+------+------+------+------+------+------+--------+--------+
# | SRC      | IDX   | RST | CS | REG | WR | RD | ADDR   | DATAIN | FULL | EMPTY| ALMF | ALME | OVFL | UDFL | DOUT   | RDATA  |
# +----------+-------+-----+----+-----+----+----+--------+--------+------+------+------+------+------+------+--------+--------+
# | MON      | 69    |  1  | 1  |  0  | 0  | 1  | 0x00   | 0x42   |  0   |   0  |  1   |  0   |  0   |  0   | 0xbf   | 0x00   |
# +----------+-------+-----+----+-----+----+----+--------+--------+------+------+------+------+------+------+--------+--------+
# UVM_INFO ../tb/agent/write_drv.sv(33) @ 690000: uvm_test_top.env_h.agent_h.driver_h [FIFO_DRV] Driver transaction[70]
# +----------+-------+-----+----+-----+----+----+--------+--------+------+------+------+------+------+------+--------+--------+
# | SRC      | IDX   | RST | CS | REG | WR | RD | ADDR   | DATAIN | FULL | EMPTY| ALMF | ALME | OVFL | UDFL | DOUT   | RDATA  |
# +----------+-------+-----+----+-----+----+----+--------+--------+------+------+------+------+------+------+--------+--------+
# | DRV      | 70    |  1  | 0  |  0  | 1  | 1  | 0x00   | 0x22   |  0   |   0  |  0   |  0   |  0   |  0   | 0x00   | 0x00   |
# +----------+-------+-----+----+-----+----+----+--------+--------+------+------+------+------+------+------+--------+--------+
# UVM_INFO ../tb/env/reference_model.sv(158) @ 695000: reporter [FIFO_REF] Reference model transaction[70]
# +----------+-------+-----+----+-----+----+----+--------+--------+------+------+------+------+------+------+--------+--------+
# | SRC      | IDX   | RST | CS | REG | WR | RD | ADDR   | DATAIN | FULL | EMPTY| ALMF | ALME | OVFL | UDFL | DOUT   | RDATA  |
# +----------+-------+-----+----+-----+----+----+--------+--------+------+------+------+------+------+------+--------+--------+
# | REF_IN   | 70    |  1  | 0  |  0  | 1  | 1  | 0x00   | 0x22   |  0   |   0  |  1   |  0   |  0   |  0   | 0xbf   | 0x00   |
# | REF_OUT  | 70    |  1  | 0  |  0  | 1  | 1  | 0x00   | 0x22   |  0   |   0  |  1   |  0   |  0   |  0   | 0xbf   | 0x00   |
# +----------+-------+-----+----+-----+----+----+--------+--------+------+------+------+------+------+------+--------+--------+
# State: old_occ=9 new_occ=9 af=8 ae=5 fill=10 clr_pulse=0
# UVM_INFO ../tb/env/scoreboard.sv(71) @ 695000: uvm_test_top.env_h.scoreboard_h [FIFO_SB_CMP] Scoreboard compare[70]
# +----------+-------+-----+----+-----+----+----+--------+--------+------+------+------+------+------+------+--------+--------+
# | SRC      | IDX   | RST | CS | REG | WR | RD | ADDR   | DATAIN | FULL | EMPTY| ALMF | ALME | OVFL | UDFL | DOUT   | RDATA  |
# +----------+-------+-----+----+-----+----+----+--------+--------+------+------+------+------+------+------+--------+--------+
# | OBS      | 70    |  1  | 0  |  0  | 1  | 1  | 0x00   | 0x22   |  0   |   0  |  1   |  0   |  0   |  0   | 0xbf   | 0x00   |
# | EXP      | 70    |  1  | 0  |  0  | 1  | 1  | 0x00   | 0x22   |  0   |   0  |  1   |  0   |  0   |  0   | 0xbf   | 0x00   |
# +----------+-------+-----+----+-----+----+----+--------+--------+------+------+------+------+------+------+--------+--------+
# Result: PASS | pass_count=70 fail_count=0
# UVM_INFO ../tb/agent/read_monitor.sv(44) @ 695000: uvm_test_top.env_h.agent_h.monitor_h [FIFO_MON] Monitor transaction[70]
# +----------+-------+-----+----+-----+----+----+--------+--------+------+------+------+------+------+------+--------+--------+
# | SRC      | IDX   | RST | CS | REG | WR | RD | ADDR   | DATAIN | FULL | EMPTY| ALMF | ALME | OVFL | UDFL | DOUT   | RDATA  |
# +----------+-------+-----+----+-----+----+----+--------+--------+------+------+------+------+------+------+--------+--------+
# | MON      | 70    |  1  | 0  |  0  | 1  | 1  | 0x00   | 0x22   |  0   |   0  |  1   |  0   |  0   |  0   | 0xbf   | 0x00   |
# +----------+-------+-----+----+-----+----+----+--------+--------+------+------+------+------+------+------+--------+--------+
# UVM_INFO ../tb/agent/write_drv.sv(33) @ 700000: uvm_test_top.env_h.agent_h.driver_h [FIFO_DRV] Driver transaction[71]
# +----------+-------+-----+----+-----+----+----+--------+--------+------+------+------+------+------+------+--------+--------+
# | SRC      | IDX   | RST | CS | REG | WR | RD | ADDR   | DATAIN | FULL | EMPTY| ALMF | ALME | OVFL | UDFL | DOUT   | RDATA  |
# +----------+-------+-----+----+-----+----+----+--------+--------+------+------+------+------+------+------+--------+--------+
# | DRV      | 71    |  1  | 0  |  1  | 0  | 1  | 0x00   | 0x3c   |  0   |   0  |  0   |  0   |  0   |  0   | 0x00   | 0x00   |
# +----------+-------+-----+----+-----+----+----+--------+--------+------+------+------+------+------+------+--------+--------+
# UVM_INFO ../tb/env/reference_model.sv(158) @ 705000: reporter [FIFO_REF] Reference model transaction[71]
# +----------+-------+-----+----+-----+----+----+--------+--------+------+------+------+------+------+------+--------+--------+
# | SRC      | IDX   | RST | CS | REG | WR | RD | ADDR   | DATAIN | FULL | EMPTY| ALMF | ALME | OVFL | UDFL | DOUT   | RDATA  |
# +----------+-------+-----+----+-----+----+----+--------+--------+------+------+------+------+------+------+--------+--------+
# | REF_IN   | 71    |  1  | 0  |  1  | 0  | 1  | 0x00   | 0x3c   |  0   |   0  |  1   |  0   |  0   |  0   | 0xbf   | 0x00   |
# | REF_OUT  | 71    |  1  | 0  |  1  | 0  | 1  | 0x00   | 0x3c   |  0   |   0  |  1   |  0   |  0   |  0   | 0xbf   | 0x00   |
# +----------+-------+-----+----+-----+----+----+--------+--------+------+------+------+------+------+------+--------+--------+
# State: old_occ=9 new_occ=9 af=8 ae=5 fill=10 clr_pulse=0
# UVM_INFO ../tb/env/scoreboard.sv(71) @ 705000: uvm_test_top.env_h.scoreboard_h [FIFO_SB_CMP] Scoreboard compare[71]
# +----------+-------+-----+----+-----+----+----+--------+--------+------+------+------+------+------+------+--------+--------+
# | SRC      | IDX   | RST | CS | REG | WR | RD | ADDR   | DATAIN | FULL | EMPTY| ALMF | ALME | OVFL | UDFL | DOUT   | RDATA  |
# +----------+-------+-----+----+-----+----+----+--------+--------+------+------+------+------+------+------+--------+--------+
# | OBS      | 71    |  1  | 0  |  1  | 0  | 1  | 0x00   | 0x3c   |  0   |   0  |  1   |  0   |  0   |  0   | 0xbf   | 0x00   |
# | EXP      | 71    |  1  | 0  |  1  | 0  | 1  | 0x00   | 0x3c   |  0   |   0  |  1   |  0   |  0   |  0   | 0xbf   | 0x00   |
# +----------+-------+-----+----+-----+----+----+--------+--------+------+------+------+------+------+------+--------+--------+
# Result: PASS | pass_count=71 fail_count=0
# UVM_INFO ../tb/agent/read_monitor.sv(44) @ 705000: uvm_test_top.env_h.agent_h.monitor_h [FIFO_MON] Monitor transaction[71]
# +----------+-------+-----+----+-----+----+----+--------+--------+------+------+------+------+------+------+--------+--------+
# | SRC      | IDX   | RST | CS | REG | WR | RD | ADDR   | DATAIN | FULL | EMPTY| ALMF | ALME | OVFL | UDFL | DOUT   | RDATA  |
# +----------+-------+-----+----+-----+----+----+--------+--------+------+------+------+------+------+------+--------+--------+
# | MON      | 71    |  1  | 0  |  1  | 0  | 1  | 0x00   | 0x3c   |  0   |   0  |  1   |  0   |  0   |  0   | 0xbf   | 0x00   |
# +----------+-------+-----+----+-----+----+----+--------+--------+------+------+------+------+------+------+--------+--------+
# UVM_INFO ../tb/agent/write_drv.sv(33) @ 710000: uvm_test_top.env_h.agent_h.driver_h [FIFO_DRV] Driver transaction[72]
# +----------+-------+-----+----+-----+----+----+--------+--------+------+------+------+------+------+------+--------+--------+
# | SRC      | IDX   | RST | CS | REG | WR | RD | ADDR   | DATAIN | FULL | EMPTY| ALMF | ALME | OVFL | UDFL | DOUT   | RDATA  |
# +----------+-------+-----+----+-----+----+----+--------+--------+------+------+------+------+------+------+--------+--------+
# | DRV      | 72    |  1  | 1  |  0  | 0  | 0  | 0x00   | 0xf3   |  0   |   0  |  0   |  0   |  0   |  0   | 0x00   | 0x00   |
# +----------+-------+-----+----+-----+----+----+--------+--------+------+------+------+------+------+------+--------+--------+
# UVM_INFO ../tb/env/reference_model.sv(158) @ 715000: reporter [FIFO_REF] Reference model transaction[72]
# +----------+-------+-----+----+-----+----+----+--------+--------+------+------+------+------+------+------+--------+--------+
# | SRC      | IDX   | RST | CS | REG | WR | RD | ADDR   | DATAIN | FULL | EMPTY| ALMF | ALME | OVFL | UDFL | DOUT   | RDATA  |
# +----------+-------+-----+----+-----+----+----+--------+--------+------+------+------+------+------+------+--------+--------+
# | REF_IN   | 72    |  1  | 1  |  0  | 0  | 0  | 0x00   | 0xf3   |  0   |   0  |  1   |  0   |  0   |  0   | 0xbf   | 0x00   |
# | REF_OUT  | 72    |  1  | 1  |  0  | 0  | 0  | 0x00   | 0xf3   |  0   |   0  |  1   |  0   |  0   |  0   | 0xbf   | 0x00   |
# +----------+-------+-----+----+-----+----+----+--------+--------+------+------+------+------+------+------+--------+--------+
# State: old_occ=9 new_occ=9 af=8 ae=5 fill=9 clr_pulse=0
# UVM_INFO ../tb/env/scoreboard.sv(71) @ 715000: uvm_test_top.env_h.scoreboard_h [FIFO_SB_CMP] Scoreboard compare[72]
# +----------+-------+-----+----+-----+----+----+--------+--------+------+------+------+------+------+------+--------+--------+
# | SRC      | IDX   | RST | CS | REG | WR | RD | ADDR   | DATAIN | FULL | EMPTY| ALMF | ALME | OVFL | UDFL | DOUT   | RDATA  |
# +----------+-------+-----+----+-----+----+----+--------+--------+------+------+------+------+------+------+--------+--------+
# | OBS      | 72    |  1  | 1  |  0  | 0  | 0  | 0x00   | 0xf3   |  0   |   0  |  1   |  0   |  0   |  0   | 0xbf   | 0x00   |
# | EXP      | 72    |  1  | 1  |  0  | 0  | 0  | 0x00   | 0xf3   |  0   |   0  |  1   |  0   |  0   |  0   | 0xbf   | 0x00   |
# +----------+-------+-----+----+-----+----+----+--------+--------+------+------+------+------+------+------+--------+--------+
# Result: PASS | pass_count=72 fail_count=0
# UVM_INFO ../tb/agent/read_monitor.sv(44) @ 715000: uvm_test_top.env_h.agent_h.monitor_h [FIFO_MON] Monitor transaction[72]
# +----------+-------+-----+----+-----+----+----+--------+--------+------+------+------+------+------+------+--------+--------+
# | SRC      | IDX   | RST | CS | REG | WR | RD | ADDR   | DATAIN | FULL | EMPTY| ALMF | ALME | OVFL | UDFL | DOUT   | RDATA  |
# +----------+-------+-----+----+-----+----+----+--------+--------+------+------+------+------+------+------+--------+--------+
# | MON      | 72    |  1  | 1  |  0  | 0  | 0  | 0x00   | 0xf3   |  0   |   0  |  1   |  0   |  0   |  0   | 0xbf   | 0x00   |
# +----------+-------+-----+----+-----+----+----+--------+--------+------+------+------+------+------+------+--------+--------+
# UVM_INFO ../tb/agent/write_drv.sv(33) @ 720000: uvm_test_top.env_h.agent_h.driver_h [FIFO_DRV] Driver transaction[73]
# +----------+-------+-----+----+-----+----+----+--------+--------+------+------+------+------+------+------+--------+--------+
# | SRC      | IDX   | RST | CS | REG | WR | RD | ADDR   | DATAIN | FULL | EMPTY| ALMF | ALME | OVFL | UDFL | DOUT   | RDATA  |
# +----------+-------+-----+----+-----+----+----+--------+--------+------+------+------+------+------+------+--------+--------+
# | DRV      | 73    |  1  | 0  |  1  | 0  | 0  | 0x00   | 0xf6   |  0   |   0  |  0   |  0   |  0   |  0   | 0x00   | 0x00   |
# +----------+-------+-----+----+-----+----+----+--------+--------+------+------+------+------+------+------+--------+--------+
# UVM_INFO ../tb/env/reference_model.sv(158) @ 725000: reporter [FIFO_REF] Reference model transaction[73]
# +----------+-------+-----+----+-----+----+----+--------+--------+------+------+------+------+------+------+--------+--------+
# | SRC      | IDX   | RST | CS | REG | WR | RD | ADDR   | DATAIN | FULL | EMPTY| ALMF | ALME | OVFL | UDFL | DOUT   | RDATA  |
# +----------+-------+-----+----+-----+----+----+--------+--------+------+------+------+------+------+------+--------+--------+
# | REF_IN   | 73    |  1  | 0  |  1  | 0  | 0  | 0x00   | 0xf6   |  0   |   0  |  1   |  0   |  0   |  0   | 0xbf   | 0x00   |
# | REF_OUT  | 73    |  1  | 0  |  1  | 0  | 0  | 0x00   | 0xf6   |  0   |   0  |  1   |  0   |  0   |  0   | 0xbf   | 0x00   |
# +----------+-------+-----+----+-----+----+----+--------+--------+------+------+------+------+------+------+--------+--------+
# State: old_occ=9 new_occ=9 af=8 ae=5 fill=9 clr_pulse=0
# UVM_INFO ../tb/env/scoreboard.sv(71) @ 725000: uvm_test_top.env_h.scoreboard_h [FIFO_SB_CMP] Scoreboard compare[73]
# +----------+-------+-----+----+-----+----+----+--------+--------+------+------+------+------+------+------+--------+--------+
# | SRC      | IDX   | RST | CS | REG | WR | RD | ADDR   | DATAIN | FULL | EMPTY| ALMF | ALME | OVFL | UDFL | DOUT   | RDATA  |
# +----------+-------+-----+----+-----+----+----+--------+--------+------+------+------+------+------+------+--------+--------+
# | OBS      | 73    |  1  | 0  |  1  | 0  | 0  | 0x00   | 0xf6   |  0   |   0  |  1   |  0   |  0   |  0   | 0xbf   | 0x00   |
# | EXP      | 73    |  1  | 0  |  1  | 0  | 0  | 0x00   | 0xf6   |  0   |   0  |  1   |  0   |  0   |  0   | 0xbf   | 0x00   |
# +----------+-------+-----+----+-----+----+----+--------+--------+------+------+------+------+------+------+--------+--------+
# Result: PASS | pass_count=73 fail_count=0
# UVM_INFO ../tb/agent/read_monitor.sv(44) @ 725000: uvm_test_top.env_h.agent_h.monitor_h [FIFO_MON] Monitor transaction[73]
# +----------+-------+-----+----+-----+----+----+--------+--------+------+------+------+------+------+------+--------+--------+
# | SRC      | IDX   | RST | CS | REG | WR | RD | ADDR   | DATAIN | FULL | EMPTY| ALMF | ALME | OVFL | UDFL | DOUT   | RDATA  |
# +----------+-------+-----+----+-----+----+----+--------+--------+------+------+------+------+------+------+--------+--------+
# | MON      | 73    |  1  | 0  |  1  | 0  | 0  | 0x00   | 0xf6   |  0   |   0  |  1   |  0   |  0   |  0   | 0xbf   | 0x00   |
# +----------+-------+-----+----+-----+----+----+--------+--------+------+------+------+------+------+------+--------+--------+
# UVM_INFO ../tb/agent/write_drv.sv(33) @ 730000: uvm_test_top.env_h.agent_h.driver_h [FIFO_DRV] Driver transaction[74]
# +----------+-------+-----+----+-----+----+----+--------+--------+------+------+------+------+------+------+--------+--------+
# | SRC      | IDX   | RST | CS | REG | WR | RD | ADDR   | DATAIN | FULL | EMPTY| ALMF | ALME | OVFL | UDFL | DOUT   | RDATA  |
# +----------+-------+-----+----+-----+----+----+--------+--------+------+------+------+------+------+------+--------+--------+
# | DRV      | 74    |  1  | 1  |  1  | 0  | 0  | 0x14   | 0xb9   |  0   |   0  |  0   |  0   |  0   |  0   | 0x00   | 0x00   |
# +----------+-------+-----+----+-----+----+----+--------+--------+------+------+------+------+------+------+--------+--------+
# UVM_INFO ../tb/env/reference_model.sv(158) @ 735000: reporter [FIFO_REF] Reference model transaction[74]
# +----------+-------+-----+----+-----+----+----+--------+--------+------+------+------+------+------+------+--------+--------+
# | SRC      | IDX   | RST | CS | REG | WR | RD | ADDR   | DATAIN | FULL | EMPTY| ALMF | ALME | OVFL | UDFL | DOUT   | RDATA  |
# +----------+-------+-----+----+-----+----+----+--------+--------+------+------+------+------+------+------+--------+--------+
# | REF_IN   | 74    |  1  | 1  |  1  | 0  | 0  | 0x14   | 0xb9   |  0   |   0  |  1   |  0   |  0   |  0   | 0xbf   | 0x00   |
# | REF_OUT  | 74    |  1  | 1  |  1  | 0  | 0  | 0x14   | 0xb9   |  0   |   0  |  1   |  0   |  0   |  0   | 0xbf   | 0x00   |
# +----------+-------+-----+----+-----+----+----+--------+--------+------+------+------+------+------+------+--------+--------+
# State: old_occ=9 new_occ=9 af=8 ae=5 fill=9 clr_pulse=0
# UVM_INFO ../tb/env/scoreboard.sv(71) @ 735000: uvm_test_top.env_h.scoreboard_h [FIFO_SB_CMP] Scoreboard compare[74]
# +----------+-------+-----+----+-----+----+----+--------+--------+------+------+------+------+------+------+--------+--------+
# | SRC      | IDX   | RST | CS | REG | WR | RD | ADDR   | DATAIN | FULL | EMPTY| ALMF | ALME | OVFL | UDFL | DOUT   | RDATA  |
# +----------+-------+-----+----+-----+----+----+--------+--------+------+------+------+------+------+------+--------+--------+
# | OBS      | 74    |  1  | 1  |  1  | 0  | 0  | 0x14   | 0xb9   |  0   |   0  |  1   |  0   |  0   |  0   | 0xbf   | 0x00   |
# | EXP      | 74    |  1  | 1  |  1  | 0  | 0  | 0x14   | 0xb9   |  0   |   0  |  1   |  0   |  0   |  0   | 0xbf   | 0x00   |
# +----------+-------+-----+----+-----+----+----+--------+--------+------+------+------+------+------+------+--------+--------+
# Result: PASS | pass_count=74 fail_count=0
# UVM_INFO ../tb/agent/read_monitor.sv(44) @ 735000: uvm_test_top.env_h.agent_h.monitor_h [FIFO_MON] Monitor transaction[74]
# +----------+-------+-----+----+-----+----+----+--------+--------+------+------+------+------+------+------+--------+--------+
# | SRC      | IDX   | RST | CS | REG | WR | RD | ADDR   | DATAIN | FULL | EMPTY| ALMF | ALME | OVFL | UDFL | DOUT   | RDATA  |
# +----------+-------+-----+----+-----+----+----+--------+--------+------+------+------+------+------+------+--------+--------+
# | MON      | 74    |  1  | 1  |  1  | 0  | 0  | 0x14   | 0xb9   |  0   |   0  |  1   |  0   |  0   |  0   | 0xbf   | 0x00   |
# +----------+-------+-----+----+-----+----+----+--------+--------+------+------+------+------+------+------+--------+--------+
# UVM_INFO ../tb/agent/write_drv.sv(33) @ 740000: uvm_test_top.env_h.agent_h.driver_h [FIFO_DRV] Driver transaction[75]
# +----------+-------+-----+----+-----+----+----+--------+--------+------+------+------+------+------+------+--------+--------+
# | SRC      | IDX   | RST | CS | REG | WR | RD | ADDR   | DATAIN | FULL | EMPTY| ALMF | ALME | OVFL | UDFL | DOUT   | RDATA  |
# +----------+-------+-----+----+-----+----+----+--------+--------+------+------+------+------+------+------+--------+--------+
# | DRV      | 75    |  1  | 1  |  0  | 0  | 1  | 0x00   | 0xec   |  0   |   0  |  0   |  0   |  0   |  0   | 0x00   | 0x00   |
# +----------+-------+-----+----+-----+----+----+--------+--------+------+------+------+------+------+------+--------+--------+
# UVM_INFO ../tb/env/reference_model.sv(158) @ 745000: reporter [FIFO_REF] Reference model transaction[75]
# +----------+-------+-----+----+-----+----+----+--------+--------+------+------+------+------+------+------+--------+--------+
# | SRC      | IDX   | RST | CS | REG | WR | RD | ADDR   | DATAIN | FULL | EMPTY| ALMF | ALME | OVFL | UDFL | DOUT   | RDATA  |
# +----------+-------+-----+----+-----+----+----+--------+--------+------+------+------+------+------+------+--------+--------+
# | REF_IN   | 75    |  1  | 1  |  0  | 0  | 1  | 0x00   | 0xec   |  0   |   0  |  1   |  0   |  0   |  0   | 0xb1   | 0x00   |
# | REF_OUT  | 75    |  1  | 1  |  0  | 0  | 1  | 0x00   | 0xec   |  0   |   0  |  1   |  0   |  0   |  0   | 0xb1   | 0x00   |
# +----------+-------+-----+----+-----+----+----+--------+--------+------+------+------+------+------+------+--------+--------+
# State: old_occ=9 new_occ=8 af=8 ae=5 fill=9 clr_pulse=0
# UVM_INFO ../tb/env/scoreboard.sv(71) @ 745000: uvm_test_top.env_h.scoreboard_h [FIFO_SB_CMP] Scoreboard compare[75]
# +----------+-------+-----+----+-----+----+----+--------+--------+------+------+------+------+------+------+--------+--------+
# | SRC      | IDX   | RST | CS | REG | WR | RD | ADDR   | DATAIN | FULL | EMPTY| ALMF | ALME | OVFL | UDFL | DOUT   | RDATA  |
# +----------+-------+-----+----+-----+----+----+--------+--------+------+------+------+------+------+------+--------+--------+
# | OBS      | 75    |  1  | 1  |  0  | 0  | 1  | 0x00   | 0xec   |  0   |   0  |  1   |  0   |  0   |  0   | 0xb1   | 0x00   |
# | EXP      | 75    |  1  | 1  |  0  | 0  | 1  | 0x00   | 0xec   |  0   |   0  |  1   |  0   |  0   |  0   | 0xb1   | 0x00   |
# +----------+-------+-----+----+-----+----+----+--------+--------+------+------+------+------+------+------+--------+--------+
# Result: PASS | pass_count=75 fail_count=0
# UVM_INFO ../tb/agent/read_monitor.sv(44) @ 745000: uvm_test_top.env_h.agent_h.monitor_h [FIFO_MON] Monitor transaction[75]
# +----------+-------+-----+----+-----+----+----+--------+--------+------+------+------+------+------+------+--------+--------+
# | SRC      | IDX   | RST | CS | REG | WR | RD | ADDR   | DATAIN | FULL | EMPTY| ALMF | ALME | OVFL | UDFL | DOUT   | RDATA  |
# +----------+-------+-----+----+-----+----+----+--------+--------+------+------+------+------+------+------+--------+--------+
# | MON      | 75    |  1  | 1  |  0  | 0  | 1  | 0x00   | 0xec   |  0   |   0  |  1   |  0   |  0   |  0   | 0xb1   | 0x00   |
# +----------+-------+-----+----+-----+----+----+--------+--------+------+------+------+------+------+------+--------+--------+
# UVM_INFO ../tb/agent/write_drv.sv(33) @ 750000: uvm_test_top.env_h.agent_h.driver_h [FIFO_DRV] Driver transaction[76]
# +----------+-------+-----+----+-----+----+----+--------+--------+------+------+------+------+------+------+--------+--------+
# | SRC      | IDX   | RST | CS | REG | WR | RD | ADDR   | DATAIN | FULL | EMPTY| ALMF | ALME | OVFL | UDFL | DOUT   | RDATA  |
# +----------+-------+-----+----+-----+----+----+--------+--------+------+------+------+------+------+------+--------+--------+
# | DRV      | 76    |  1  | 1  |  1  | 1  | 1  | 0x00   | 0x05   |  0   |   0  |  0   |  0   |  0   |  0   | 0x00   | 0x00   |
# +----------+-------+-----+----+-----+----+----+--------+--------+------+------+------+------+------+------+--------+--------+
# UVM_INFO ../tb/env/reference_model.sv(158) @ 755000: reporter [FIFO_REF] Reference model transaction[76]
# +----------+-------+-----+----+-----+----+----+--------+--------+------+------+------+------+------+------+--------+--------+
# | SRC      | IDX   | RST | CS | REG | WR | RD | ADDR   | DATAIN | FULL | EMPTY| ALMF | ALME | OVFL | UDFL | DOUT   | RDATA  |
# +----------+-------+-----+----+-----+----+----+--------+--------+------+------+------+------+------+------+--------+--------+
# | REF_IN   | 76    |  1  | 1  |  1  | 1  | 1  | 0x00   | 0x05   |  0   |   0  |  1   |  0   |  0   |  0   | 0xb1   | 0x00   |
# | REF_OUT  | 76    |  1  | 1  |  1  | 1  | 1  | 0x00   | 0x05   |  0   |   0  |  1   |  0   |  0   |  0   | 0xb1   | 0x00   |
# +----------+-------+-----+----+-----+----+----+--------+--------+------+------+------+------+------+------+--------+--------+
# State: old_occ=8 new_occ=8 af=8 ae=5 fill=8 clr_pulse=0
# UVM_INFO ../tb/env/scoreboard.sv(71) @ 755000: uvm_test_top.env_h.scoreboard_h [FIFO_SB_CMP] Scoreboard compare[76]
# +----------+-------+-----+----+-----+----+----+--------+--------+------+------+------+------+------+------+--------+--------+
# | SRC      | IDX   | RST | CS | REG | WR | RD | ADDR   | DATAIN | FULL | EMPTY| ALMF | ALME | OVFL | UDFL | DOUT   | RDATA  |
# +----------+-------+-----+----+-----+----+----+--------+--------+------+------+------+------+------+------+--------+--------+
# | OBS      | 76    |  1  | 1  |  1  | 1  | 1  | 0x00   | 0x05   |  0   |   0  |  1   |  0   |  0   |  0   | 0xb1   | 0x00   |
# | EXP      | 76    |  1  | 1  |  1  | 1  | 1  | 0x00   | 0x05   |  0   |   0  |  1   |  0   |  0   |  0   | 0xb1   | 0x00   |
# +----------+-------+-----+----+-----+----+----+--------+--------+------+------+------+------+------+------+--------+--------+
# Result: PASS | pass_count=76 fail_count=0
# UVM_INFO ../tb/agent/read_monitor.sv(44) @ 755000: uvm_test_top.env_h.agent_h.monitor_h [FIFO_MON] Monitor transaction[76]
# +----------+-------+-----+----+-----+----+----+--------+--------+------+------+------+------+------+------+--------+--------+
# | SRC      | IDX   | RST | CS | REG | WR | RD | ADDR   | DATAIN | FULL | EMPTY| ALMF | ALME | OVFL | UDFL | DOUT   | RDATA  |
# +----------+-------+-----+----+-----+----+----+--------+--------+------+------+------+------+------+------+--------+--------+
# | MON      | 76    |  1  | 1  |  1  | 1  | 1  | 0x00   | 0x05   |  0   |   0  |  1   |  0   |  0   |  0   | 0xb1   | 0x00   |
# +----------+-------+-----+----+-----+----+----+--------+--------+------+------+------+------+------+------+--------+--------+
# UVM_INFO ../tb/agent/write_drv.sv(33) @ 760000: uvm_test_top.env_h.agent_h.driver_h [FIFO_DRV] Driver transaction[77]
# +----------+-------+-----+----+-----+----+----+--------+--------+------+------+------+------+------+------+--------+--------+
# | SRC      | IDX   | RST | CS | REG | WR | RD | ADDR   | DATAIN | FULL | EMPTY| ALMF | ALME | OVFL | UDFL | DOUT   | RDATA  |
# +----------+-------+-----+----+-----+----+----+--------+--------+------+------+------+------+------+------+--------+--------+
# | DRV      | 77    |  1  | 1  |  1  | 1  | 0  | 0x10   | 0xf3   |  0   |   0  |  0   |  0   |  0   |  0   | 0x00   | 0x00   |
# +----------+-------+-----+----+-----+----+----+--------+--------+------+------+------+------+------+------+--------+--------+
# UVM_INFO ../tb/env/reference_model.sv(158) @ 765000: reporter [FIFO_REF] Reference model transaction[77]
# +----------+-------+-----+----+-----+----+----+--------+--------+------+------+------+------+------+------+--------+--------+
# | SRC      | IDX   | RST | CS | REG | WR | RD | ADDR   | DATAIN | FULL | EMPTY| ALMF | ALME | OVFL | UDFL | DOUT   | RDATA  |
# +----------+-------+-----+----+-----+----+----+--------+--------+------+------+------+------+------+------+--------+--------+
# | REF_IN   | 77    |  1  | 1  |  1  | 1  | 0  | 0x10   | 0xf3   |  0   |   0  |  1   |  0   |  0   |  0   | 0xb1   | 0x00   |
# | REF_OUT  | 77    |  1  | 1  |  1  | 1  | 0  | 0x10   | 0xf3   |  0   |   0  |  1   |  0   |  0   |  0   | 0xb1   | 0x00   |
# +----------+-------+-----+----+-----+----+----+--------+--------+------+------+------+------+------+------+--------+--------+
# State: old_occ=8 new_occ=8 af=8 ae=5 fill=8 clr_pulse=0
# UVM_INFO ../tb/env/scoreboard.sv(71) @ 765000: uvm_test_top.env_h.scoreboard_h [FIFO_SB_CMP] Scoreboard compare[77]
# +----------+-------+-----+----+-----+----+----+--------+--------+------+------+------+------+------+------+--------+--------+
# | SRC      | IDX   | RST | CS | REG | WR | RD | ADDR   | DATAIN | FULL | EMPTY| ALMF | ALME | OVFL | UDFL | DOUT   | RDATA  |
# +----------+-------+-----+----+-----+----+----+--------+--------+------+------+------+------+------+------+--------+--------+
# | OBS      | 77    |  1  | 1  |  1  | 1  | 0  | 0x10   | 0xf3   |  0   |   0  |  1   |  0   |  0   |  0   | 0xb1   | 0x00   |
# | EXP      | 77    |  1  | 1  |  1  | 1  | 0  | 0x10   | 0xf3   |  0   |   0  |  1   |  0   |  0   |  0   | 0xb1   | 0x00   |
# +----------+-------+-----+----+-----+----+----+--------+--------+------+------+------+------+------+------+--------+--------+
# Result: PASS | pass_count=77 fail_count=0
# UVM_INFO ../tb/agent/read_monitor.sv(44) @ 765000: uvm_test_top.env_h.agent_h.monitor_h [FIFO_MON] Monitor transaction[77]
# +----------+-------+-----+----+-----+----+----+--------+--------+------+------+------+------+------+------+--------+--------+
# | SRC      | IDX   | RST | CS | REG | WR | RD | ADDR   | DATAIN | FULL | EMPTY| ALMF | ALME | OVFL | UDFL | DOUT   | RDATA  |
# +----------+-------+-----+----+-----+----+----+--------+--------+------+------+------+------+------+------+--------+--------+
# | MON      | 77    |  1  | 1  |  1  | 1  | 0  | 0x10   | 0xf3   |  0   |   0  |  1   |  0   |  0   |  0   | 0xb1   | 0x00   |
# +----------+-------+-----+----+-----+----+----+--------+--------+------+------+------+------+------+------+--------+--------+
# UVM_INFO ../tb/agent/write_drv.sv(33) @ 770000: uvm_test_top.env_h.agent_h.driver_h [FIFO_DRV] Driver transaction[78]
# +----------+-------+-----+----+-----+----+----+--------+--------+------+------+------+------+------+------+--------+--------+
# | SRC      | IDX   | RST | CS | REG | WR | RD | ADDR   | DATAIN | FULL | EMPTY| ALMF | ALME | OVFL | UDFL | DOUT   | RDATA  |
# +----------+-------+-----+----+-----+----+----+--------+--------+------+------+------+------+------+------+--------+--------+
# | DRV      | 78    |  1  | 1  |  0  | 0  | 0  | 0x00   | 0x8c   |  0   |   0  |  0   |  0   |  0   |  0   | 0x00   | 0x00   |
# +----------+-------+-----+----+-----+----+----+--------+--------+------+------+------+------+------+------+--------+--------+
# UVM_INFO ../tb/env/reference_model.sv(158) @ 775000: reporter [FIFO_REF] Reference model transaction[78]
# +----------+-------+-----+----+-----+----+----+--------+--------+------+------+------+------+------+------+--------+--------+
# | SRC      | IDX   | RST | CS | REG | WR | RD | ADDR   | DATAIN | FULL | EMPTY| ALMF | ALME | OVFL | UDFL | DOUT   | RDATA  |
# +----------+-------+-----+----+-----+----+----+--------+--------+------+------+------+------+------+------+--------+--------+
# | REF_IN   | 78    |  1  | 1  |  0  | 0  | 0  | 0x00   | 0x8c   |  0   |   0  |  1   |  0   |  0   |  0   | 0xb1   | 0x00   |
# | REF_OUT  | 78    |  1  | 1  |  0  | 0  | 0  | 0x00   | 0x8c   |  0   |   0  |  1   |  0   |  0   |  0   | 0xb1   | 0x00   |
# +----------+-------+-----+----+-----+----+----+--------+--------+------+------+------+------+------+------+--------+--------+
# State: old_occ=8 new_occ=8 af=8 ae=5 fill=8 clr_pulse=0
# UVM_INFO ../tb/env/scoreboard.sv(71) @ 775000: uvm_test_top.env_h.scoreboard_h [FIFO_SB_CMP] Scoreboard compare[78]
# +----------+-------+-----+----+-----+----+----+--------+--------+------+------+------+------+------+------+--------+--------+
# | SRC      | IDX   | RST | CS | REG | WR | RD | ADDR   | DATAIN | FULL | EMPTY| ALMF | ALME | OVFL | UDFL | DOUT   | RDATA  |
# +----------+-------+-----+----+-----+----+----+--------+--------+------+------+------+------+------+------+--------+--------+
# | OBS      | 78    |  1  | 1  |  0  | 0  | 0  | 0x00   | 0x8c   |  0   |   0  |  1   |  0   |  0   |  0   | 0xb1   | 0x00   |
# | EXP      | 78    |  1  | 1  |  0  | 0  | 0  | 0x00   | 0x8c   |  0   |   0  |  1   |  0   |  0   |  0   | 0xb1   | 0x00   |
# +----------+-------+-----+----+-----+----+----+--------+--------+------+------+------+------+------+------+--------+--------+
# Result: PASS | pass_count=78 fail_count=0
# UVM_INFO ../tb/agent/read_monitor.sv(44) @ 775000: uvm_test_top.env_h.agent_h.monitor_h [FIFO_MON] Monitor transaction[78]
# +----------+-------+-----+----+-----+----+----+--------+--------+------+------+------+------+------+------+--------+--------+
# | SRC      | IDX   | RST | CS | REG | WR | RD | ADDR   | DATAIN | FULL | EMPTY| ALMF | ALME | OVFL | UDFL | DOUT   | RDATA  |
# +----------+-------+-----+----+-----+----+----+--------+--------+------+------+------+------+------+------+--------+--------+
# | MON      | 78    |  1  | 1  |  0  | 0  | 0  | 0x00   | 0x8c   |  0   |   0  |  1   |  0   |  0   |  0   | 0xb1   | 0x00   |
# +----------+-------+-----+----+-----+----+----+--------+--------+------+------+------+------+------+------+--------+--------+
# UVM_INFO ../tb/agent/write_drv.sv(33) @ 780000: uvm_test_top.env_h.agent_h.driver_h [FIFO_DRV] Driver transaction[79]
# +----------+-------+-----+----+-----+----+----+--------+--------+------+------+------+------+------+------+--------+--------+
# | SRC      | IDX   | RST | CS | REG | WR | RD | ADDR   | DATAIN | FULL | EMPTY| ALMF | ALME | OVFL | UDFL | DOUT   | RDATA  |
# +----------+-------+-----+----+-----+----+----+--------+--------+------+------+------+------+------+------+--------+--------+
# | DRV      | 79    |  1  | 1  |  0  | 1  | 0  | 0x00   | 0xbe   |  0   |   0  |  0   |  0   |  0   |  0   | 0x00   | 0x00   |
# +----------+-------+-----+----+-----+----+----+--------+--------+------+------+------+------+------+------+--------+--------+
# UVM_INFO ../tb/env/reference_model.sv(158) @ 785000: reporter [FIFO_REF] Reference model transaction[79]
# +----------+-------+-----+----+-----+----+----+--------+--------+------+------+------+------+------+------+--------+--------+
# | SRC      | IDX   | RST | CS | REG | WR | RD | ADDR   | DATAIN | FULL | EMPTY| ALMF | ALME | OVFL | UDFL | DOUT   | RDATA  |
# +----------+-------+-----+----+-----+----+----+--------+--------+------+------+------+------+------+------+--------+--------+
# | REF_IN   | 79    |  1  | 1  |  0  | 1  | 0  | 0x00   | 0xbe   |  0   |   0  |  1   |  0   |  0   |  0   | 0xb1   | 0x00   |
# | REF_OUT  | 79    |  1  | 1  |  0  | 1  | 0  | 0x00   | 0xbe   |  0   |   0  |  1   |  0   |  0   |  0   | 0xb1   | 0x00   |
# +----------+-------+-----+----+-----+----+----+--------+--------+------+------+------+------+------+------+--------+--------+
# State: old_occ=8 new_occ=9 af=8 ae=5 fill=8 clr_pulse=0
# UVM_INFO ../tb/env/scoreboard.sv(71) @ 785000: uvm_test_top.env_h.scoreboard_h [FIFO_SB_CMP] Scoreboard compare[79]
# +----------+-------+-----+----+-----+----+----+--------+--------+------+------+------+------+------+------+--------+--------+
# | SRC      | IDX   | RST | CS | REG | WR | RD | ADDR   | DATAIN | FULL | EMPTY| ALMF | ALME | OVFL | UDFL | DOUT   | RDATA  |
# +----------+-------+-----+----+-----+----+----+--------+--------+------+------+------+------+------+------+--------+--------+
# | OBS      | 79    |  1  | 1  |  0  | 1  | 0  | 0x00   | 0xbe   |  0   |   0  |  1   |  0   |  0   |  0   | 0xb1   | 0x00   |
# | EXP      | 79    |  1  | 1  |  0  | 1  | 0  | 0x00   | 0xbe   |  0   |   0  |  1   |  0   |  0   |  0   | 0xb1   | 0x00   |
# +----------+-------+-----+----+-----+----+----+--------+--------+------+------+------+------+------+------+--------+--------+
# Result: PASS | pass_count=79 fail_count=0
# UVM_INFO ../tb/agent/read_monitor.sv(44) @ 785000: uvm_test_top.env_h.agent_h.monitor_h [FIFO_MON] Monitor transaction[79]
# +----------+-------+-----+----+-----+----+----+--------+--------+------+------+------+------+------+------+--------+--------+
# | SRC      | IDX   | RST | CS | REG | WR | RD | ADDR   | DATAIN | FULL | EMPTY| ALMF | ALME | OVFL | UDFL | DOUT   | RDATA  |
# +----------+-------+-----+----+-----+----+----+--------+--------+------+------+------+------+------+------+--------+--------+
# | MON      | 79    |  1  | 1  |  0  | 1  | 0  | 0x00   | 0xbe   |  0   |   0  |  1   |  0   |  0   |  0   | 0xb1   | 0x00   |
# +----------+-------+-----+----+-----+----+----+--------+--------+------+------+------+------+------+------+--------+--------+
# UVM_INFO ../tb/agent/write_drv.sv(33) @ 790000: uvm_test_top.env_h.agent_h.driver_h [FIFO_DRV] Driver transaction[80]
# +----------+-------+-----+----+-----+----+----+--------+--------+------+------+------+------+------+------+--------+--------+
# | SRC      | IDX   | RST | CS | REG | WR | RD | ADDR   | DATAIN | FULL | EMPTY| ALMF | ALME | OVFL | UDFL | DOUT   | RDATA  |
# +----------+-------+-----+----+-----+----+----+--------+--------+------+------+------+------+------+------+--------+--------+
# | DRV      | 80    |  1  | 1  |  1  | 0  | 0  | 0x10   | 0xcc   |  0   |   0  |  0   |  0   |  0   |  0   | 0x00   | 0x00   |
# +----------+-------+-----+----+-----+----+----+--------+--------+------+------+------+------+------+------+--------+--------+
# UVM_INFO ../tb/env/reference_model.sv(158) @ 795000: reporter [FIFO_REF] Reference model transaction[80]
# +----------+-------+-----+----+-----+----+----+--------+--------+------+------+------+------+------+------+--------+--------+
# | SRC      | IDX   | RST | CS | REG | WR | RD | ADDR   | DATAIN | FULL | EMPTY| ALMF | ALME | OVFL | UDFL | DOUT   | RDATA  |
# +----------+-------+-----+----+-----+----+----+--------+--------+------+------+------+------+------+------+--------+--------+
# | REF_IN   | 80    |  1  | 1  |  1  | 0  | 0  | 0x10   | 0xcc   |  0   |   0  |  1   |  0   |  0   |  0   | 0xb1   | 0x00   |
# | REF_OUT  | 80    |  1  | 1  |  1  | 0  | 0  | 0x10   | 0xcc   |  0   |   0  |  1   |  0   |  0   |  0   | 0xb1   | 0x00   |
# +----------+-------+-----+----+-----+----+----+--------+--------+------+------+------+------+------+------+--------+--------+
# State: old_occ=9 new_occ=9 af=8 ae=5 fill=9 clr_pulse=0
# UVM_INFO ../tb/env/scoreboard.sv(71) @ 795000: uvm_test_top.env_h.scoreboard_h [FIFO_SB_CMP] Scoreboard compare[80]
# +----------+-------+-----+----+-----+----+----+--------+--------+------+------+------+------+------+------+--------+--------+
# | SRC      | IDX   | RST | CS | REG | WR | RD | ADDR   | DATAIN | FULL | EMPTY| ALMF | ALME | OVFL | UDFL | DOUT   | RDATA  |
# +----------+-------+-----+----+-----+----+----+--------+--------+------+------+------+------+------+------+--------+--------+
# | OBS      | 80    |  1  | 1  |  1  | 0  | 0  | 0x10   | 0xcc   |  0   |   0  |  1   |  0   |  0   |  0   | 0xb1   | 0x00   |
# | EXP      | 80    |  1  | 1  |  1  | 0  | 0  | 0x10   | 0xcc   |  0   |   0  |  1   |  0   |  0   |  0   | 0xb1   | 0x00   |
# +----------+-------+-----+----+-----+----+----+--------+--------+------+------+------+------+------+------+--------+--------+
# Result: PASS | pass_count=80 fail_count=0
# UVM_INFO ../tb/agent/read_monitor.sv(44) @ 795000: uvm_test_top.env_h.agent_h.monitor_h [FIFO_MON] Monitor transaction[80]
# +----------+-------+-----+----+-----+----+----+--------+--------+------+------+------+------+------+------+--------+--------+
# | SRC      | IDX   | RST | CS | REG | WR | RD | ADDR   | DATAIN | FULL | EMPTY| ALMF | ALME | OVFL | UDFL | DOUT   | RDATA  |
# +----------+-------+-----+----+-----+----+----+--------+--------+------+------+------+------+------+------+--------+--------+
# | MON      | 80    |  1  | 1  |  1  | 0  | 0  | 0x10   | 0xcc   |  0   |   0  |  1   |  0   |  0   |  0   | 0xb1   | 0x00   |
# +----------+-------+-----+----+-----+----+----+--------+--------+------+------+------+------+------+------+--------+--------+
# UVM_INFO ../tb/agent/write_drv.sv(33) @ 800000: uvm_test_top.env_h.agent_h.driver_h [FIFO_DRV] Driver transaction[81]
# +----------+-------+-----+----+-----+----+----+--------+--------+------+------+------+------+------+------+--------+--------+
# | SRC      | IDX   | RST | CS | REG | WR | RD | ADDR   | DATAIN | FULL | EMPTY| ALMF | ALME | OVFL | UDFL | DOUT   | RDATA  |
# +----------+-------+-----+----+-----+----+----+--------+--------+------+------+------+------+------+------+--------+--------+
# | DRV      | 81    |  1  | 0  |  0  | 1  | 0  | 0x00   | 0xa9   |  0   |   0  |  0   |  0   |  0   |  0   | 0x00   | 0x00   |
# +----------+-------+-----+----+-----+----+----+--------+--------+------+------+------+------+------+------+--------+--------+
# UVM_INFO ../tb/env/reference_model.sv(158) @ 805000: reporter [FIFO_REF] Reference model transaction[81]
# +----------+-------+-----+----+-----+----+----+--------+--------+------+------+------+------+------+------+--------+--------+
# | SRC      | IDX   | RST | CS | REG | WR | RD | ADDR   | DATAIN | FULL | EMPTY| ALMF | ALME | OVFL | UDFL | DOUT   | RDATA  |
# +----------+-------+-----+----+-----+----+----+--------+--------+------+------+------+------+------+------+--------+--------+
# | REF_IN   | 81    |  1  | 0  |  0  | 1  | 0  | 0x00   | 0xa9   |  0   |   0  |  1   |  0   |  0   |  0   | 0xb1   | 0x00   |
# | REF_OUT  | 81    |  1  | 0  |  0  | 1  | 0  | 0x00   | 0xa9   |  0   |   0  |  1   |  0   |  0   |  0   | 0xb1   | 0x00   |
# +----------+-------+-----+----+-----+----+----+--------+--------+------+------+------+------+------+------+--------+--------+
# State: old_occ=9 new_occ=9 af=8 ae=5 fill=9 clr_pulse=0
# UVM_INFO ../tb/env/scoreboard.sv(71) @ 805000: uvm_test_top.env_h.scoreboard_h [FIFO_SB_CMP] Scoreboard compare[81]
# +----------+-------+-----+----+-----+----+----+--------+--------+------+------+------+------+------+------+--------+--------+
# | SRC      | IDX   | RST | CS | REG | WR | RD | ADDR   | DATAIN | FULL | EMPTY| ALMF | ALME | OVFL | UDFL | DOUT   | RDATA  |
# +----------+-------+-----+----+-----+----+----+--------+--------+------+------+------+------+------+------+--------+--------+
# | OBS      | 81    |  1  | 0  |  0  | 1  | 0  | 0x00   | 0xa9   |  0   |   0  |  1   |  0   |  0   |  0   | 0xb1   | 0x00   |
# | EXP      | 81    |  1  | 0  |  0  | 1  | 0  | 0x00   | 0xa9   |  0   |   0  |  1   |  0   |  0   |  0   | 0xb1   | 0x00   |
# +----------+-------+-----+----+-----+----+----+--------+--------+------+------+------+------+------+------+--------+--------+
# Result: PASS | pass_count=81 fail_count=0
# UVM_INFO ../tb/agent/read_monitor.sv(44) @ 805000: uvm_test_top.env_h.agent_h.monitor_h [FIFO_MON] Monitor transaction[81]
# +----------+-------+-----+----+-----+----+----+--------+--------+------+------+------+------+------+------+--------+--------+
# | SRC      | IDX   | RST | CS | REG | WR | RD | ADDR   | DATAIN | FULL | EMPTY| ALMF | ALME | OVFL | UDFL | DOUT   | RDATA  |
# +----------+-------+-----+----+-----+----+----+--------+--------+------+------+------+------+------+------+--------+--------+
# | MON      | 81    |  1  | 0  |  0  | 1  | 0  | 0x00   | 0xa9   |  0   |   0  |  1   |  0   |  0   |  0   | 0xb1   | 0x00   |
# +----------+-------+-----+----+-----+----+----+--------+--------+------+------+------+------+------+------+--------+--------+
# UVM_INFO ../tb/agent/write_drv.sv(33) @ 810000: uvm_test_top.env_h.agent_h.driver_h [FIFO_DRV] Driver transaction[82]
# +----------+-------+-----+----+-----+----+----+--------+--------+------+------+------+------+------+------+--------+--------+
# | SRC      | IDX   | RST | CS | REG | WR | RD | ADDR   | DATAIN | FULL | EMPTY| ALMF | ALME | OVFL | UDFL | DOUT   | RDATA  |
# +----------+-------+-----+----+-----+----+----+--------+--------+------+------+------+------+------+------+--------+--------+
# | DRV      | 82    |  1  | 1  |  0  | 0  | 0  | 0x00   | 0x7b   |  0   |   0  |  0   |  0   |  0   |  0   | 0x00   | 0x00   |
# +----------+-------+-----+----+-----+----+----+--------+--------+------+------+------+------+------+------+--------+--------+
# UVM_INFO ../tb/env/reference_model.sv(158) @ 815000: reporter [FIFO_REF] Reference model transaction[82]
# +----------+-------+-----+----+-----+----+----+--------+--------+------+------+------+------+------+------+--------+--------+
# | SRC      | IDX   | RST | CS | REG | WR | RD | ADDR   | DATAIN | FULL | EMPTY| ALMF | ALME | OVFL | UDFL | DOUT   | RDATA  |
# +----------+-------+-----+----+-----+----+----+--------+--------+------+------+------+------+------+------+--------+--------+
# | REF_IN   | 82    |  1  | 1  |  0  | 0  | 0  | 0x00   | 0x7b   |  0   |   0  |  1   |  0   |  0   |  0   | 0xb1   | 0x00   |
# | REF_OUT  | 82    |  1  | 1  |  0  | 0  | 0  | 0x00   | 0x7b   |  0   |   0  |  1   |  0   |  0   |  0   | 0xb1   | 0x00   |
# +----------+-------+-----+----+-----+----+----+--------+--------+------+------+------+------+------+------+--------+--------+
# State: old_occ=9 new_occ=9 af=8 ae=5 fill=9 clr_pulse=0
# UVM_INFO ../tb/env/scoreboard.sv(71) @ 815000: uvm_test_top.env_h.scoreboard_h [FIFO_SB_CMP] Scoreboard compare[82]
# +----------+-------+-----+----+-----+----+----+--------+--------+------+------+------+------+------+------+--------+--------+
# | SRC      | IDX   | RST | CS | REG | WR | RD | ADDR   | DATAIN | FULL | EMPTY| ALMF | ALME | OVFL | UDFL | DOUT   | RDATA  |
# +----------+-------+-----+----+-----+----+----+--------+--------+------+------+------+------+------+------+--------+--------+
# | OBS      | 82    |  1  | 1  |  0  | 0  | 0  | 0x00   | 0x7b   |  0   |   0  |  1   |  0   |  0   |  0   | 0xb1   | 0x00   |
# | EXP      | 82    |  1  | 1  |  0  | 0  | 0  | 0x00   | 0x7b   |  0   |   0  |  1   |  0   |  0   |  0   | 0xb1   | 0x00   |
# +----------+-------+-----+----+-----+----+----+--------+--------+------+------+------+------+------+------+--------+--------+
# Result: PASS | pass_count=82 fail_count=0
# UVM_INFO ../tb/agent/read_monitor.sv(44) @ 815000: uvm_test_top.env_h.agent_h.monitor_h [FIFO_MON] Monitor transaction[82]
# +----------+-------+-----+----+-----+----+----+--------+--------+------+------+------+------+------+------+--------+--------+
# | SRC      | IDX   | RST | CS | REG | WR | RD | ADDR   | DATAIN | FULL | EMPTY| ALMF | ALME | OVFL | UDFL | DOUT   | RDATA  |
# +----------+-------+-----+----+-----+----+----+--------+--------+------+------+------+------+------+------+--------+--------+
# | MON      | 82    |  1  | 1  |  0  | 0  | 0  | 0x00   | 0x7b   |  0   |   0  |  1   |  0   |  0   |  0   | 0xb1   | 0x00   |
# +----------+-------+-----+----+-----+----+----+--------+--------+------+------+------+------+------+------+--------+--------+
# UVM_INFO ../tb/agent/write_drv.sv(33) @ 820000: uvm_test_top.env_h.agent_h.driver_h [FIFO_DRV] Driver transaction[83]
# +----------+-------+-----+----+-----+----+----+--------+--------+------+------+------+------+------+------+--------+--------+
# | SRC      | IDX   | RST | CS | REG | WR | RD | ADDR   | DATAIN | FULL | EMPTY| ALMF | ALME | OVFL | UDFL | DOUT   | RDATA  |
# +----------+-------+-----+----+-----+----+----+--------+--------+------+------+------+------+------+------+--------+--------+
# | DRV      | 83    |  1  | 1  |  0  | 0  | 1  | 0x00   | 0x60   |  0   |   0  |  0   |  0   |  0   |  0   | 0x00   | 0x00   |
# +----------+-------+-----+----+-----+----+----+--------+--------+------+------+------+------+------+------+--------+--------+
# UVM_INFO ../tb/env/reference_model.sv(158) @ 825000: reporter [FIFO_REF] Reference model transaction[83]
# +----------+-------+-----+----+-----+----+----+--------+--------+------+------+------+------+------+------+--------+--------+
# | SRC      | IDX   | RST | CS | REG | WR | RD | ADDR   | DATAIN | FULL | EMPTY| ALMF | ALME | OVFL | UDFL | DOUT   | RDATA  |
# +----------+-------+-----+----+-----+----+----+--------+--------+------+------+------+------+------+------+--------+--------+
# | REF_IN   | 83    |  1  | 1  |  0  | 0  | 1  | 0x00   | 0x60   |  0   |   0  |  1   |  0   |  0   |  0   | 0x35   | 0x00   |
# | REF_OUT  | 83    |  1  | 1  |  0  | 0  | 1  | 0x00   | 0x60   |  0   |   0  |  1   |  0   |  0   |  0   | 0x35   | 0x00   |
# +----------+-------+-----+----+-----+----+----+--------+--------+------+------+------+------+------+------+--------+--------+
# State: old_occ=9 new_occ=8 af=8 ae=5 fill=9 clr_pulse=0
# UVM_INFO ../tb/env/scoreboard.sv(71) @ 825000: uvm_test_top.env_h.scoreboard_h [FIFO_SB_CMP] Scoreboard compare[83]
# +----------+-------+-----+----+-----+----+----+--------+--------+------+------+------+------+------+------+--------+--------+
# | SRC      | IDX   | RST | CS | REG | WR | RD | ADDR   | DATAIN | FULL | EMPTY| ALMF | ALME | OVFL | UDFL | DOUT   | RDATA  |
# +----------+-------+-----+----+-----+----+----+--------+--------+------+------+------+------+------+------+--------+--------+
# | OBS      | 83    |  1  | 1  |  0  | 0  | 1  | 0x00   | 0x60   |  0   |   0  |  1   |  0   |  0   |  0   | 0x35   | 0x00   |
# | EXP      | 83    |  1  | 1  |  0  | 0  | 1  | 0x00   | 0x60   |  0   |   0  |  1   |  0   |  0   |  0   | 0x35   | 0x00   |
# +----------+-------+-----+----+-----+----+----+--------+--------+------+------+------+------+------+------+--------+--------+
# Result: PASS | pass_count=83 fail_count=0
# UVM_INFO ../tb/agent/read_monitor.sv(44) @ 825000: uvm_test_top.env_h.agent_h.monitor_h [FIFO_MON] Monitor transaction[83]
# +----------+-------+-----+----+-----+----+----+--------+--------+------+------+------+------+------+------+--------+--------+
# | SRC      | IDX   | RST | CS | REG | WR | RD | ADDR   | DATAIN | FULL | EMPTY| ALMF | ALME | OVFL | UDFL | DOUT   | RDATA  |
# +----------+-------+-----+----+-----+----+----+--------+--------+------+------+------+------+------+------+--------+--------+
# | MON      | 83    |  1  | 1  |  0  | 0  | 1  | 0x00   | 0x60   |  0   |   0  |  1   |  0   |  0   |  0   | 0x35   | 0x00   |
# +----------+-------+-----+----+-----+----+----+--------+--------+------+------+------+------+------+------+--------+--------+
# UVM_INFO ../tb/agent/write_drv.sv(33) @ 830000: uvm_test_top.env_h.agent_h.driver_h [FIFO_DRV] Driver transaction[84]
# +----------+-------+-----+----+-----+----+----+--------+--------+------+------+------+------+------+------+--------+--------+
# | SRC      | IDX   | RST | CS | REG | WR | RD | ADDR   | DATAIN | FULL | EMPTY| ALMF | ALME | OVFL | UDFL | DOUT   | RDATA  |
# +----------+-------+-----+----+-----+----+----+--------+--------+------+------+------+------+------+------+--------+--------+
# | DRV      | 84    |  1  | 1  |  0  | 1  | 0  | 0x00   | 0x52   |  0   |   0  |  0   |  0   |  0   |  0   | 0x00   | 0x00   |
# +----------+-------+-----+----+-----+----+----+--------+--------+------+------+------+------+------+------+--------+--------+
# UVM_INFO ../tb/env/reference_model.sv(158) @ 835000: reporter [FIFO_REF] Reference model transaction[84]
# +----------+-------+-----+----+-----+----+----+--------+--------+------+------+------+------+------+------+--------+--------+
# | SRC      | IDX   | RST | CS | REG | WR | RD | ADDR   | DATAIN | FULL | EMPTY| ALMF | ALME | OVFL | UDFL | DOUT   | RDATA  |
# +----------+-------+-----+----+-----+----+----+--------+--------+------+------+------+------+------+------+--------+--------+
# | REF_IN   | 84    |  1  | 1  |  0  | 1  | 0  | 0x00   | 0x52   |  0   |   0  |  1   |  0   |  0   |  0   | 0x35   | 0x00   |
# | REF_OUT  | 84    |  1  | 1  |  0  | 1  | 0  | 0x00   | 0x52   |  0   |   0  |  1   |  0   |  0   |  0   | 0x35   | 0x00   |
# +----------+-------+-----+----+-----+----+----+--------+--------+------+------+------+------+------+------+--------+--------+
# State: old_occ=8 new_occ=9 af=8 ae=5 fill=8 clr_pulse=0
# UVM_INFO ../tb/env/scoreboard.sv(71) @ 835000: uvm_test_top.env_h.scoreboard_h [FIFO_SB_CMP] Scoreboard compare[84]
# +----------+-------+-----+----+-----+----+----+--------+--------+------+------+------+------+------+------+--------+--------+
# | SRC      | IDX   | RST | CS | REG | WR | RD | ADDR   | DATAIN | FULL | EMPTY| ALMF | ALME | OVFL | UDFL | DOUT   | RDATA  |
# +----------+-------+-----+----+-----+----+----+--------+--------+------+------+------+------+------+------+--------+--------+
# | OBS      | 84    |  1  | 1  |  0  | 1  | 0  | 0x00   | 0x52   |  0   |   0  |  1   |  0   |  0   |  0   | 0x35   | 0x00   |
# | EXP      | 84    |  1  | 1  |  0  | 1  | 0  | 0x00   | 0x52   |  0   |   0  |  1   |  0   |  0   |  0   | 0x35   | 0x00   |
# +----------+-------+-----+----+-----+----+----+--------+--------+------+------+------+------+------+------+--------+--------+
# Result: PASS | pass_count=84 fail_count=0
# UVM_INFO ../tb/agent/read_monitor.sv(44) @ 835000: uvm_test_top.env_h.agent_h.monitor_h [FIFO_MON] Monitor transaction[84]
# +----------+-------+-----+----+-----+----+----+--------+--------+------+------+------+------+------+------+--------+--------+
# | SRC      | IDX   | RST | CS | REG | WR | RD | ADDR   | DATAIN | FULL | EMPTY| ALMF | ALME | OVFL | UDFL | DOUT   | RDATA  |
# +----------+-------+-----+----+-----+----+----+--------+--------+------+------+------+------+------+------+--------+--------+
# | MON      | 84    |  1  | 1  |  0  | 1  | 0  | 0x00   | 0x52   |  0   |   0  |  1   |  0   |  0   |  0   | 0x35   | 0x00   |
# +----------+-------+-----+----+-----+----+----+--------+--------+------+------+------+------+------+------+--------+--------+
# UVM_INFO ../tb/agent/write_drv.sv(33) @ 840000: uvm_test_top.env_h.agent_h.driver_h [FIFO_DRV] Driver transaction[85]
# +----------+-------+-----+----+-----+----+----+--------+--------+------+------+------+------+------+------+--------+--------+
# | SRC      | IDX   | RST | CS | REG | WR | RD | ADDR   | DATAIN | FULL | EMPTY| ALMF | ALME | OVFL | UDFL | DOUT   | RDATA  |
# +----------+-------+-----+----+-----+----+----+--------+--------+------+------+------+------+------+------+--------+--------+
# | DRV      | 85    |  1  | 1  |  0  | 1  | 0  | 0x00   | 0x3a   |  0   |   0  |  0   |  0   |  0   |  0   | 0x00   | 0x00   |
# +----------+-------+-----+----+-----+----+----+--------+--------+------+------+------+------+------+------+--------+--------+
# UVM_INFO ../tb/env/reference_model.sv(158) @ 845000: reporter [FIFO_REF] Reference model transaction[85]
# +----------+-------+-----+----+-----+----+----+--------+--------+------+------+------+------+------+------+--------+--------+
# | SRC      | IDX   | RST | CS | REG | WR | RD | ADDR   | DATAIN | FULL | EMPTY| ALMF | ALME | OVFL | UDFL | DOUT   | RDATA  |
# +----------+-------+-----+----+-----+----+----+--------+--------+------+------+------+------+------+------+--------+--------+
# | REF_IN   | 85    |  1  | 1  |  0  | 1  | 0  | 0x00   | 0x3a   |  0   |   0  |  1   |  0   |  0   |  0   | 0x35   | 0x00   |
# | REF_OUT  | 85    |  1  | 1  |  0  | 1  | 0  | 0x00   | 0x3a   |  0   |   0  |  1   |  0   |  0   |  0   | 0x35   | 0x00   |
# +----------+-------+-----+----+-----+----+----+--------+--------+------+------+------+------+------+------+--------+--------+
# State: old_occ=9 new_occ=10 af=8 ae=5 fill=9 clr_pulse=0
# UVM_INFO ../tb/env/scoreboard.sv(71) @ 845000: uvm_test_top.env_h.scoreboard_h [FIFO_SB_CMP] Scoreboard compare[85]
# +----------+-------+-----+----+-----+----+----+--------+--------+------+------+------+------+------+------+--------+--------+
# | SRC      | IDX   | RST | CS | REG | WR | RD | ADDR   | DATAIN | FULL | EMPTY| ALMF | ALME | OVFL | UDFL | DOUT   | RDATA  |
# +----------+-------+-----+----+-----+----+----+--------+--------+------+------+------+------+------+------+--------+--------+
# | OBS      | 85    |  1  | 1  |  0  | 1  | 0  | 0x00   | 0x3a   |  0   |   0  |  1   |  0   |  0   |  0   | 0x35   | 0x00   |
# | EXP      | 85    |  1  | 1  |  0  | 1  | 0  | 0x00   | 0x3a   |  0   |   0  |  1   |  0   |  0   |  0   | 0x35   | 0x00   |
# +----------+-------+-----+----+-----+----+----+--------+--------+------+------+------+------+------+------+--------+--------+
# Result: PASS | pass_count=85 fail_count=0
# UVM_INFO ../tb/agent/read_monitor.sv(44) @ 845000: uvm_test_top.env_h.agent_h.monitor_h [FIFO_MON] Monitor transaction[85]
# +----------+-------+-----+----+-----+----+----+--------+--------+------+------+------+------+------+------+--------+--------+
# | SRC      | IDX   | RST | CS | REG | WR | RD | ADDR   | DATAIN | FULL | EMPTY| ALMF | ALME | OVFL | UDFL | DOUT   | RDATA  |
# +----------+-------+-----+----+-----+----+----+--------+--------+------+------+------+------+------+------+--------+--------+
# | MON      | 85    |  1  | 1  |  0  | 1  | 0  | 0x00   | 0x3a   |  0   |   0  |  1   |  0   |  0   |  0   | 0x35   | 0x00   |
# +----------+-------+-----+----+-----+----+----+--------+--------+------+------+------+------+------+------+--------+--------+
# UVM_INFO ../tb/agent/write_drv.sv(33) @ 850000: uvm_test_top.env_h.agent_h.driver_h [FIFO_DRV] Driver transaction[86]
# +----------+-------+-----+----+-----+----+----+--------+--------+------+------+------+------+------+------+--------+--------+
# | SRC      | IDX   | RST | CS | REG | WR | RD | ADDR   | DATAIN | FULL | EMPTY| ALMF | ALME | OVFL | UDFL | DOUT   | RDATA  |
# +----------+-------+-----+----+-----+----+----+--------+--------+------+------+------+------+------+------+--------+--------+
# | DRV      | 86    |  1  | 1  |  0  | 0  | 1  | 0x00   | 0x37   |  0   |   0  |  0   |  0   |  0   |  0   | 0x00   | 0x00   |
# +----------+-------+-----+----+-----+----+----+--------+--------+------+------+------+------+------+------+--------+--------+
# UVM_INFO ../tb/env/reference_model.sv(158) @ 855000: reporter [FIFO_REF] Reference model transaction[86]
# +----------+-------+-----+----+-----+----+----+--------+--------+------+------+------+------+------+------+--------+--------+
# | SRC      | IDX   | RST | CS | REG | WR | RD | ADDR   | DATAIN | FULL | EMPTY| ALMF | ALME | OVFL | UDFL | DOUT   | RDATA  |
# +----------+-------+-----+----+-----+----+----+--------+--------+------+------+------+------+------+------+--------+--------+
# | REF_IN   | 86    |  1  | 1  |  0  | 0  | 1  | 0x00   | 0x37   |  0   |   0  |  1   |  0   |  0   |  0   | 0x3a   | 0x00   |
# | REF_OUT  | 86    |  1  | 1  |  0  | 0  | 1  | 0x00   | 0x37   |  0   |   0  |  1   |  0   |  0   |  0   | 0x3a   | 0x00   |
# +----------+-------+-----+----+-----+----+----+--------+--------+------+------+------+------+------+------+--------+--------+
# State: old_occ=10 new_occ=9 af=8 ae=5 fill=10 clr_pulse=0
# UVM_INFO ../tb/env/scoreboard.sv(71) @ 855000: uvm_test_top.env_h.scoreboard_h [FIFO_SB_CMP] Scoreboard compare[86]
# +----------+-------+-----+----+-----+----+----+--------+--------+------+------+------+------+------+------+--------+--------+
# | SRC      | IDX   | RST | CS | REG | WR | RD | ADDR   | DATAIN | FULL | EMPTY| ALMF | ALME | OVFL | UDFL | DOUT   | RDATA  |
# +----------+-------+-----+----+-----+----+----+--------+--------+------+------+------+------+------+------+--------+--------+
# | OBS      | 86    |  1  | 1  |  0  | 0  | 1  | 0x00   | 0x37   |  0   |   0  |  1   |  0   |  0   |  0   | 0x3a   | 0x00   |
# | EXP      | 86    |  1  | 1  |  0  | 0  | 1  | 0x00   | 0x37   |  0   |   0  |  1   |  0   |  0   |  0   | 0x3a   | 0x00   |
# +----------+-------+-----+----+-----+----+----+--------+--------+------+------+------+------+------+------+--------+--------+
# Result: PASS | pass_count=86 fail_count=0
# UVM_INFO ../tb/agent/read_monitor.sv(44) @ 855000: uvm_test_top.env_h.agent_h.monitor_h [FIFO_MON] Monitor transaction[86]
# +----------+-------+-----+----+-----+----+----+--------+--------+------+------+------+------+------+------+--------+--------+
# | SRC      | IDX   | RST | CS | REG | WR | RD | ADDR   | DATAIN | FULL | EMPTY| ALMF | ALME | OVFL | UDFL | DOUT   | RDATA  |
# +----------+-------+-----+----+-----+----+----+--------+--------+------+------+------+------+------+------+--------+--------+
# | MON      | 86    |  1  | 1  |  0  | 0  | 1  | 0x00   | 0x37   |  0   |   0  |  1   |  0   |  0   |  0   | 0x3a   | 0x00   |
# +----------+-------+-----+----+-----+----+----+--------+--------+------+------+------+------+------+------+--------+--------+
# UVM_INFO ../tb/agent/write_drv.sv(33) @ 860000: uvm_test_top.env_h.agent_h.driver_h [FIFO_DRV] Driver transaction[87]
# +----------+-------+-----+----+-----+----+----+--------+--------+------+------+------+------+------+------+--------+--------+
# | SRC      | IDX   | RST | CS | REG | WR | RD | ADDR   | DATAIN | FULL | EMPTY| ALMF | ALME | OVFL | UDFL | DOUT   | RDATA  |
# +----------+-------+-----+----+-----+----+----+--------+--------+------+------+------+------+------+------+--------+--------+
# | DRV      | 87    |  1  | 1  |  0  | 1  | 1  | 0x00   | 0x32   |  0   |   0  |  0   |  0   |  0   |  0   | 0x00   | 0x00   |
# +----------+-------+-----+----+-----+----+----+--------+--------+------+------+------+------+------+------+--------+--------+
# UVM_INFO ../tb/env/reference_model.sv(158) @ 865000: reporter [FIFO_REF] Reference model transaction[87]
# +----------+-------+-----+----+-----+----+----+--------+--------+------+------+------+------+------+------+--------+--------+
# | SRC      | IDX   | RST | CS | REG | WR | RD | ADDR   | DATAIN | FULL | EMPTY| ALMF | ALME | OVFL | UDFL | DOUT   | RDATA  |
# +----------+-------+-----+----+-----+----+----+--------+--------+------+------+------+------+------+------+--------+--------+
# | REF_IN   | 87    |  1  | 1  |  0  | 1  | 1  | 0x00   | 0x32   |  0   |   0  |  1   |  0   |  0   |  0   | 0x4e   | 0x00   |
# | REF_OUT  | 87    |  1  | 1  |  0  | 1  | 1  | 0x00   | 0x32   |  0   |   0  |  1   |  0   |  0   |  0   | 0x4e   | 0x00   |
# +----------+-------+-----+----+-----+----+----+--------+--------+------+------+------+------+------+------+--------+--------+
# State: old_occ=9 new_occ=9 af=8 ae=5 fill=9 clr_pulse=0
# UVM_INFO ../tb/env/scoreboard.sv(71) @ 865000: uvm_test_top.env_h.scoreboard_h [FIFO_SB_CMP] Scoreboard compare[87]
# +----------+-------+-----+----+-----+----+----+--------+--------+------+------+------+------+------+------+--------+--------+
# | SRC      | IDX   | RST | CS | REG | WR | RD | ADDR   | DATAIN | FULL | EMPTY| ALMF | ALME | OVFL | UDFL | DOUT   | RDATA  |
# +----------+-------+-----+----+-----+----+----+--------+--------+------+------+------+------+------+------+--------+--------+
# | OBS      | 87    |  1  | 1  |  0  | 1  | 1  | 0x00   | 0x32   |  0   |   0  |  1   |  0   |  0   |  0   | 0x4e   | 0x00   |
# | EXP      | 87    |  1  | 1  |  0  | 1  | 1  | 0x00   | 0x32   |  0   |   0  |  1   |  0   |  0   |  0   | 0x4e   | 0x00   |
# +----------+-------+-----+----+-----+----+----+--------+--------+------+------+------+------+------+------+--------+--------+
# Result: PASS | pass_count=87 fail_count=0
# UVM_INFO ../tb/agent/read_monitor.sv(44) @ 865000: uvm_test_top.env_h.agent_h.monitor_h [FIFO_MON] Monitor transaction[87]
# +----------+-------+-----+----+-----+----+----+--------+--------+------+------+------+------+------+------+--------+--------+
# | SRC      | IDX   | RST | CS | REG | WR | RD | ADDR   | DATAIN | FULL | EMPTY| ALMF | ALME | OVFL | UDFL | DOUT   | RDATA  |
# +----------+-------+-----+----+-----+----+----+--------+--------+------+------+------+------+------+------+--------+--------+
# | MON      | 87    |  1  | 1  |  0  | 1  | 1  | 0x00   | 0x32   |  0   |   0  |  1   |  0   |  0   |  0   | 0x4e   | 0x00   |
# +----------+-------+-----+----+-----+----+----+--------+--------+------+------+------+------+------+------+--------+--------+
# UVM_INFO ../tb/agent/write_drv.sv(33) @ 870000: uvm_test_top.env_h.agent_h.driver_h [FIFO_DRV] Driver transaction[88]
# +----------+-------+-----+----+-----+----+----+--------+--------+------+------+------+------+------+------+--------+--------+
# | SRC      | IDX   | RST | CS | REG | WR | RD | ADDR   | DATAIN | FULL | EMPTY| ALMF | ALME | OVFL | UDFL | DOUT   | RDATA  |
# +----------+-------+-----+----+-----+----+----+--------+--------+------+------+------+------+------+------+--------+--------+
# | DRV      | 88    |  1  | 1  |  1  | 0  | 1  | 0x04   | 0x56   |  0   |   0  |  0   |  0   |  0   |  0   | 0x00   | 0x00   |
# +----------+-------+-----+----+-----+----+----+--------+--------+------+------+------+------+------+------+--------+--------+
# UVM_INFO ../tb/env/reference_model.sv(158) @ 875000: reporter [FIFO_REF] Reference model transaction[88]
# +----------+-------+-----+----+-----+----+----+--------+--------+------+------+------+------+------+------+--------+--------+
# | SRC      | IDX   | RST | CS | REG | WR | RD | ADDR   | DATAIN | FULL | EMPTY| ALMF | ALME | OVFL | UDFL | DOUT   | RDATA  |
# +----------+-------+-----+----+-----+----+----+--------+--------+------+------+------+------+------+------+--------+--------+
# | REF_IN   | 88    |  1  | 1  |  1  | 0  | 1  | 0x04   | 0x56   |  0   |   0  |  1   |  0   |  0   |  0   | 0x4e   | 0x04   |
# | REF_OUT  | 88    |  1  | 1  |  1  | 0  | 1  | 0x04   | 0x56   |  0   |   0  |  1   |  0   |  0   |  0   | 0x4e   | 0x04   |
# +----------+-------+-----+----+-----+----+----+--------+--------+------+------+------+------+------+------+--------+--------+
# State: old_occ=9 new_occ=9 af=8 ae=5 fill=9 clr_pulse=0
# UVM_INFO ../tb/env/scoreboard.sv(71) @ 875000: uvm_test_top.env_h.scoreboard_h [FIFO_SB_CMP] Scoreboard compare[88]
# +----------+-------+-----+----+-----+----+----+--------+--------+------+------+------+------+------+------+--------+--------+
# | SRC      | IDX   | RST | CS | REG | WR | RD | ADDR   | DATAIN | FULL | EMPTY| ALMF | ALME | OVFL | UDFL | DOUT   | RDATA  |
# +----------+-------+-----+----+-----+----+----+--------+--------+------+------+------+------+------+------+--------+--------+
# | OBS      | 88    |  1  | 1  |  1  | 0  | 1  | 0x04   | 0x56   |  0   |   0  |  1   |  0   |  0   |  0   | 0x4e   | 0x04   |
# | EXP      | 88    |  1  | 1  |  1  | 0  | 1  | 0x04   | 0x56   |  0   |   0  |  1   |  0   |  0   |  0   | 0x4e   | 0x04   |
# +----------+-------+-----+----+-----+----+----+--------+--------+------+------+------+------+------+------+--------+--------+
# Result: PASS | pass_count=88 fail_count=0
# UVM_INFO ../tb/agent/read_monitor.sv(44) @ 875000: uvm_test_top.env_h.agent_h.monitor_h [FIFO_MON] Monitor transaction[88]
# +----------+-------+-----+----+-----+----+----+--------+--------+------+------+------+------+------+------+--------+--------+
# | SRC      | IDX   | RST | CS | REG | WR | RD | ADDR   | DATAIN | FULL | EMPTY| ALMF | ALME | OVFL | UDFL | DOUT   | RDATA  |
# +----------+-------+-----+----+-----+----+----+--------+--------+------+------+------+------+------+------+--------+--------+
# | MON      | 88    |  1  | 1  |  1  | 0  | 1  | 0x04   | 0x56   |  0   |   0  |  1   |  0   |  0   |  0   | 0x4e   | 0x04   |
# +----------+-------+-----+----+-----+----+----+--------+--------+------+------+------+------+------+------+--------+--------+
# UVM_INFO ../tb/agent/write_drv.sv(33) @ 880000: uvm_test_top.env_h.agent_h.driver_h [FIFO_DRV] Driver transaction[89]
# +----------+-------+-----+----+-----+----+----+--------+--------+------+------+------+------+------+------+--------+--------+
# | SRC      | IDX   | RST | CS | REG | WR | RD | ADDR   | DATAIN | FULL | EMPTY| ALMF | ALME | OVFL | UDFL | DOUT   | RDATA  |
# +----------+-------+-----+----+-----+----+----+--------+--------+------+------+------+------+------+------+--------+--------+
# | DRV      | 89    |  1  | 1  |  0  | 1  | 0  | 0x00   | 0xee   |  0   |   0  |  0   |  0   |  0   |  0   | 0x00   | 0x00   |
# +----------+-------+-----+----+-----+----+----+--------+--------+------+------+------+------+------+------+--------+--------+
# UVM_INFO ../tb/env/reference_model.sv(158) @ 885000: reporter [FIFO_REF] Reference model transaction[89]
# +----------+-------+-----+----+-----+----+----+--------+--------+------+------+------+------+------+------+--------+--------+
# | SRC      | IDX   | RST | CS | REG | WR | RD | ADDR   | DATAIN | FULL | EMPTY| ALMF | ALME | OVFL | UDFL | DOUT   | RDATA  |
# +----------+-------+-----+----+-----+----+----+--------+--------+------+------+------+------+------+------+--------+--------+
# | REF_IN   | 89    |  1  | 1  |  0  | 1  | 0  | 0x00   | 0xee   |  0   |   0  |  1   |  0   |  0   |  0   | 0x4e   | 0x00   |
# | REF_OUT  | 89    |  1  | 1  |  0  | 1  | 0  | 0x00   | 0xee   |  0   |   0  |  1   |  0   |  0   |  0   | 0x4e   | 0x00   |
# +----------+-------+-----+----+-----+----+----+--------+--------+------+------+------+------+------+------+--------+--------+
# State: old_occ=9 new_occ=10 af=8 ae=5 fill=9 clr_pulse=0
# UVM_INFO ../tb/env/scoreboard.sv(71) @ 885000: uvm_test_top.env_h.scoreboard_h [FIFO_SB_CMP] Scoreboard compare[89]
# +----------+-------+-----+----+-----+----+----+--------+--------+------+------+------+------+------+------+--------+--------+
# | SRC      | IDX   | RST | CS | REG | WR | RD | ADDR   | DATAIN | FULL | EMPTY| ALMF | ALME | OVFL | UDFL | DOUT   | RDATA  |
# +----------+-------+-----+----+-----+----+----+--------+--------+------+------+------+------+------+------+--------+--------+
# | OBS      | 89    |  1  | 1  |  0  | 1  | 0  | 0x00   | 0xee   |  0   |   0  |  1   |  0   |  0   |  0   | 0x4e   | 0x00   |
# | EXP      | 89    |  1  | 1  |  0  | 1  | 0  | 0x00   | 0xee   |  0   |   0  |  1   |  0   |  0   |  0   | 0x4e   | 0x00   |
# +----------+-------+-----+----+-----+----+----+--------+--------+------+------+------+------+------+------+--------+--------+
# Result: PASS | pass_count=89 fail_count=0
# UVM_INFO ../tb/agent/read_monitor.sv(44) @ 885000: uvm_test_top.env_h.agent_h.monitor_h [FIFO_MON] Monitor transaction[89]
# +----------+-------+-----+----+-----+----+----+--------+--------+------+------+------+------+------+------+--------+--------+
# | SRC      | IDX   | RST | CS | REG | WR | RD | ADDR   | DATAIN | FULL | EMPTY| ALMF | ALME | OVFL | UDFL | DOUT   | RDATA  |
# +----------+-------+-----+----+-----+----+----+--------+--------+------+------+------+------+------+------+--------+--------+
# | MON      | 89    |  1  | 1  |  0  | 1  | 0  | 0x00   | 0xee   |  0   |   0  |  1   |  0   |  0   |  0   | 0x4e   | 0x00   |
# +----------+-------+-----+----+-----+----+----+--------+--------+------+------+------+------+------+------+--------+--------+
# UVM_INFO ../tb/agent/write_drv.sv(33) @ 890000: uvm_test_top.env_h.agent_h.driver_h [FIFO_DRV] Driver transaction[90]
# +----------+-------+-----+----+-----+----+----+--------+--------+------+------+------+------+------+------+--------+--------+
# | SRC      | IDX   | RST | CS | REG | WR | RD | ADDR   | DATAIN | FULL | EMPTY| ALMF | ALME | OVFL | UDFL | DOUT   | RDATA  |
# +----------+-------+-----+----+-----+----+----+--------+--------+------+------+------+------+------+------+--------+--------+
# | DRV      | 90    |  1  | 1  |  1  | 1  | 1  | 0x08   | 0xa6   |  0   |   0  |  0   |  0   |  0   |  0   | 0x00   | 0x00   |
# +----------+-------+-----+----+-----+----+----+--------+--------+------+------+------+------+------+------+--------+--------+
# UVM_INFO ../tb/env/reference_model.sv(158) @ 895000: reporter [FIFO_REF] Reference model transaction[90]
# +----------+-------+-----+----+-----+----+----+--------+--------+------+------+------+------+------+------+--------+--------+
# | SRC      | IDX   | RST | CS | REG | WR | RD | ADDR   | DATAIN | FULL | EMPTY| ALMF | ALME | OVFL | UDFL | DOUT   | RDATA  |
# +----------+-------+-----+----+-----+----+----+--------+--------+------+------+------+------+------+------+--------+--------+
# | REF_IN   | 90    |  1  | 1  |  1  | 1  | 1  | 0x08   | 0xa6   |  0   |   0  |  1   |  0   |  0   |  0   | 0x4e   | 0x06   |
# | REF_OUT  | 90    |  1  | 1  |  1  | 1  | 1  | 0x08   | 0xa6   |  0   |   0  |  1   |  0   |  0   |  0   | 0x4e   | 0x06   |
# +----------+-------+-----+----+-----+----+----+--------+--------+------+------+------+------+------+------+--------+--------+
# State: old_occ=10 new_occ=10 af=6 ae=5 fill=10 clr_pulse=0
# UVM_INFO ../tb/env/scoreboard.sv(71) @ 895000: uvm_test_top.env_h.scoreboard_h [FIFO_SB_CMP] Scoreboard compare[90]
# +----------+-------+-----+----+-----+----+----+--------+--------+------+------+------+------+------+------+--------+--------+
# | SRC      | IDX   | RST | CS | REG | WR | RD | ADDR   | DATAIN | FULL | EMPTY| ALMF | ALME | OVFL | UDFL | DOUT   | RDATA  |
# +----------+-------+-----+----+-----+----+----+--------+--------+------+------+------+------+------+------+--------+--------+
# | OBS      | 90    |  1  | 1  |  1  | 1  | 1  | 0x08   | 0xa6   |  0   |   0  |  1   |  0   |  0   |  0   | 0x4e   | 0x06   |
# | EXP      | 90    |  1  | 1  |  1  | 1  | 1  | 0x08   | 0xa6   |  0   |   0  |  1   |  0   |  0   |  0   | 0x4e   | 0x06   |
# +----------+-------+-----+----+-----+----+----+--------+--------+------+------+------+------+------+------+--------+--------+
# Result: PASS | pass_count=90 fail_count=0
# UVM_INFO ../tb/agent/read_monitor.sv(44) @ 895000: uvm_test_top.env_h.agent_h.monitor_h [FIFO_MON] Monitor transaction[90]
# +----------+-------+-----+----+-----+----+----+--------+--------+------+------+------+------+------+------+--------+--------+
# | SRC      | IDX   | RST | CS | REG | WR | RD | ADDR   | DATAIN | FULL | EMPTY| ALMF | ALME | OVFL | UDFL | DOUT   | RDATA  |
# +----------+-------+-----+----+-----+----+----+--------+--------+------+------+------+------+------+------+--------+--------+
# | MON      | 90    |  1  | 1  |  1  | 1  | 1  | 0x08   | 0xa6   |  0   |   0  |  1   |  0   |  0   |  0   | 0x4e   | 0x06   |
# +----------+-------+-----+----+-----+----+----+--------+--------+------+------+------+------+------+------+--------+--------+
# UVM_INFO ../tb/agent/write_drv.sv(33) @ 900000: uvm_test_top.env_h.agent_h.driver_h [FIFO_DRV] Driver transaction[91]
# +----------+-------+-----+----+-----+----+----+--------+--------+------+------+------+------+------+------+--------+--------+
# | SRC      | IDX   | RST | CS | REG | WR | RD | ADDR   | DATAIN | FULL | EMPTY| ALMF | ALME | OVFL | UDFL | DOUT   | RDATA  |
# +----------+-------+-----+----+-----+----+----+--------+--------+------+------+------+------+------+------+--------+--------+
# | DRV      | 91    |  1  | 1  |  0  | 0  | 1  | 0x00   | 0xf0   |  0   |   0  |  0   |  0   |  0   |  0   | 0x00   | 0x00   |
# +----------+-------+-----+----+-----+----+----+--------+--------+------+------+------+------+------+------+--------+--------+
# UVM_INFO ../tb/env/reference_model.sv(158) @ 905000: reporter [FIFO_REF] Reference model transaction[91]
# +----------+-------+-----+----+-----+----+----+--------+--------+------+------+------+------+------+------+--------+--------+
# | SRC      | IDX   | RST | CS | REG | WR | RD | ADDR   | DATAIN | FULL | EMPTY| ALMF | ALME | OVFL | UDFL | DOUT   | RDATA  |
# +----------+-------+-----+----+-----+----+----+--------+--------+------+------+------+------+------+------+--------+--------+
# | REF_IN   | 91    |  1  | 1  |  0  | 0  | 1  | 0x00   | 0xf0   |  0   |   0  |  1   |  0   |  0   |  0   | 0x17   | 0x00   |
# | REF_OUT  | 91    |  1  | 1  |  0  | 0  | 1  | 0x00   | 0xf0   |  0   |   0  |  1   |  0   |  0   |  0   | 0x17   | 0x00   |
# +----------+-------+-----+----+-----+----+----+--------+--------+------+------+------+------+------+------+--------+--------+
# State: old_occ=10 new_occ=9 af=6 ae=5 fill=10 clr_pulse=0
# UVM_INFO ../tb/env/scoreboard.sv(71) @ 905000: uvm_test_top.env_h.scoreboard_h [FIFO_SB_CMP] Scoreboard compare[91]
# +----------+-------+-----+----+-----+----+----+--------+--------+------+------+------+------+------+------+--------+--------+
# | SRC      | IDX   | RST | CS | REG | WR | RD | ADDR   | DATAIN | FULL | EMPTY| ALMF | ALME | OVFL | UDFL | DOUT   | RDATA  |
# +----------+-------+-----+----+-----+----+----+--------+--------+------+------+------+------+------+------+--------+--------+
# | OBS      | 91    |  1  | 1  |  0  | 0  | 1  | 0x00   | 0xf0   |  0   |   0  |  1   |  0   |  0   |  0   | 0x17   | 0x00   |
# | EXP      | 91    |  1  | 1  |  0  | 0  | 1  | 0x00   | 0xf0   |  0   |   0  |  1   |  0   |  0   |  0   | 0x17   | 0x00   |
# +----------+-------+-----+----+-----+----+----+--------+--------+------+------+------+------+------+------+--------+--------+
# Result: PASS | pass_count=91 fail_count=0
# UVM_INFO ../tb/agent/read_monitor.sv(44) @ 905000: uvm_test_top.env_h.agent_h.monitor_h [FIFO_MON] Monitor transaction[91]
# +----------+-------+-----+----+-----+----+----+--------+--------+------+------+------+------+------+------+--------+--------+
# | SRC      | IDX   | RST | CS | REG | WR | RD | ADDR   | DATAIN | FULL | EMPTY| ALMF | ALME | OVFL | UDFL | DOUT   | RDATA  |
# +----------+-------+-----+----+-----+----+----+--------+--------+------+------+------+------+------+------+--------+--------+
# | MON      | 91    |  1  | 1  |  0  | 0  | 1  | 0x00   | 0xf0   |  0   |   0  |  1   |  0   |  0   |  0   | 0x17   | 0x00   |
# +----------+-------+-----+----+-----+----+----+--------+--------+------+------+------+------+------+------+--------+--------+
# UVM_INFO ../tb/agent/write_drv.sv(33) @ 910000: uvm_test_top.env_h.agent_h.driver_h [FIFO_DRV] Driver transaction[92]
# +----------+-------+-----+----+-----+----+----+--------+--------+------+------+------+------+------+------+--------+--------+
# | SRC      | IDX   | RST | CS | REG | WR | RD | ADDR   | DATAIN | FULL | EMPTY| ALMF | ALME | OVFL | UDFL | DOUT   | RDATA  |
# +----------+-------+-----+----+-----+----+----+--------+--------+------+------+------+------+------+------+--------+--------+
# | DRV      | 92    |  1  | 1  |  1  | 1  | 0  | 0x0c   | 0xd4   |  0   |   0  |  0   |  0   |  0   |  0   | 0x00   | 0x00   |
# +----------+-------+-----+----+-----+----+----+--------+--------+------+------+------+------+------+------+--------+--------+
# UVM_INFO ../tb/env/reference_model.sv(158) @ 915000: reporter [FIFO_REF] Reference model transaction[92]
# +----------+-------+-----+----+-----+----+----+--------+--------+------+------+------+------+------+------+--------+--------+
# | SRC      | IDX   | RST | CS | REG | WR | RD | ADDR   | DATAIN | FULL | EMPTY| ALMF | ALME | OVFL | UDFL | DOUT   | RDATA  |
# +----------+-------+-----+----+-----+----+----+--------+--------+------+------+------+------+------+------+--------+--------+
# | REF_IN   | 92    |  1  | 1  |  1  | 1  | 0  | 0x0c   | 0xd4   |  0   |   0  |  1   |  0   |  0   |  0   | 0x17   | 0x00   |
# | REF_OUT  | 92    |  1  | 1  |  1  | 1  | 0  | 0x0c   | 0xd4   |  0   |   0  |  1   |  0   |  0   |  0   | 0x17   | 0x00   |
# +----------+-------+-----+----+-----+----+----+--------+--------+------+------+------+------+------+------+--------+--------+
# State: old_occ=9 new_occ=9 af=6 ae=4 fill=9 clr_pulse=0
# UVM_INFO ../tb/env/scoreboard.sv(71) @ 915000: uvm_test_top.env_h.scoreboard_h [FIFO_SB_CMP] Scoreboard compare[92]
# +----------+-------+-----+----+-----+----+----+--------+--------+------+------+------+------+------+------+--------+--------+
# | SRC      | IDX   | RST | CS | REG | WR | RD | ADDR   | DATAIN | FULL | EMPTY| ALMF | ALME | OVFL | UDFL | DOUT   | RDATA  |
# +----------+-------+-----+----+-----+----+----+--------+--------+------+------+------+------+------+------+--------+--------+
# | OBS      | 92    |  1  | 1  |  1  | 1  | 0  | 0x0c   | 0xd4   |  0   |   0  |  1   |  0   |  0   |  0   | 0x17   | 0x00   |
# | EXP      | 92    |  1  | 1  |  1  | 1  | 0  | 0x0c   | 0xd4   |  0   |   0  |  1   |  0   |  0   |  0   | 0x17   | 0x00   |
# +----------+-------+-----+----+-----+----+----+--------+--------+------+------+------+------+------+------+--------+--------+
# Result: PASS | pass_count=92 fail_count=0
# UVM_INFO ../tb/agent/read_monitor.sv(44) @ 915000: uvm_test_top.env_h.agent_h.monitor_h [FIFO_MON] Monitor transaction[92]
# +----------+-------+-----+----+-----+----+----+--------+--------+------+------+------+------+------+------+--------+--------+
# | SRC      | IDX   | RST | CS | REG | WR | RD | ADDR   | DATAIN | FULL | EMPTY| ALMF | ALME | OVFL | UDFL | DOUT   | RDATA  |
# +----------+-------+-----+----+-----+----+----+--------+--------+------+------+------+------+------+------+--------+--------+
# | MON      | 92    |  1  | 1  |  1  | 1  | 0  | 0x0c   | 0xd4   |  0   |   0  |  1   |  0   |  0   |  0   | 0x17   | 0x00   |
# +----------+-------+-----+----+-----+----+----+--------+--------+------+------+------+------+------+------+--------+--------+
# UVM_INFO ../tb/agent/write_drv.sv(33) @ 920000: uvm_test_top.env_h.agent_h.driver_h [FIFO_DRV] Driver transaction[93]
# +----------+-------+-----+----+-----+----+----+--------+--------+------+------+------+------+------+------+--------+--------+
# | SRC      | IDX   | RST | CS | REG | WR | RD | ADDR   | DATAIN | FULL | EMPTY| ALMF | ALME | OVFL | UDFL | DOUT   | RDATA  |
# +----------+-------+-----+----+-----+----+----+--------+--------+------+------+------+------+------+------+--------+--------+
# | DRV      | 93    |  1  | 1  |  0  | 0  | 1  | 0x00   | 0x55   |  0   |   0  |  0   |  0   |  0   |  0   | 0x00   | 0x00   |
# +----------+-------+-----+----+-----+----+----+--------+--------+------+------+------+------+------+------+--------+--------+
# UVM_INFO ../tb/env/reference_model.sv(158) @ 925000: reporter [FIFO_REF] Reference model transaction[93]
# +----------+-------+-----+----+-----+----+----+--------+--------+------+------+------+------+------+------+--------+--------+
# | SRC      | IDX   | RST | CS | REG | WR | RD | ADDR   | DATAIN | FULL | EMPTY| ALMF | ALME | OVFL | UDFL | DOUT   | RDATA  |
# +----------+-------+-----+----+-----+----+----+--------+--------+------+------+------+------+------+------+--------+--------+
# | REF_IN   | 93    |  1  | 1  |  0  | 0  | 1  | 0x00   | 0x55   |  0   |   0  |  1   |  0   |  0   |  0   | 0xfc   | 0x00   |
# | REF_OUT  | 93    |  1  | 1  |  0  | 0  | 1  | 0x00   | 0x55   |  0   |   0  |  1   |  0   |  0   |  0   | 0xfc   | 0x00   |
# +----------+-------+-----+----+-----+----+----+--------+--------+------+------+------+------+------+------+--------+--------+
# State: old_occ=9 new_occ=8 af=6 ae=4 fill=9 clr_pulse=0
# UVM_INFO ../tb/env/scoreboard.sv(71) @ 925000: uvm_test_top.env_h.scoreboard_h [FIFO_SB_CMP] Scoreboard compare[93]
# +----------+-------+-----+----+-----+----+----+--------+--------+------+------+------+------+------+------+--------+--------+
# | SRC      | IDX   | RST | CS | REG | WR | RD | ADDR   | DATAIN | FULL | EMPTY| ALMF | ALME | OVFL | UDFL | DOUT   | RDATA  |
# +----------+-------+-----+----+-----+----+----+--------+--------+------+------+------+------+------+------+--------+--------+
# | OBS      | 93    |  1  | 1  |  0  | 0  | 1  | 0x00   | 0x55   |  0   |   0  |  1   |  0   |  0   |  0   | 0xfc   | 0x00   |
# | EXP      | 93    |  1  | 1  |  0  | 0  | 1  | 0x00   | 0x55   |  0   |   0  |  1   |  0   |  0   |  0   | 0xfc   | 0x00   |
# +----------+-------+-----+----+-----+----+----+--------+--------+------+------+------+------+------+------+--------+--------+
# Result: PASS | pass_count=93 fail_count=0
# UVM_INFO ../tb/agent/read_monitor.sv(44) @ 925000: uvm_test_top.env_h.agent_h.monitor_h [FIFO_MON] Monitor transaction[93]
# +----------+-------+-----+----+-----+----+----+--------+--------+------+------+------+------+------+------+--------+--------+
# | SRC      | IDX   | RST | CS | REG | WR | RD | ADDR   | DATAIN | FULL | EMPTY| ALMF | ALME | OVFL | UDFL | DOUT   | RDATA  |
# +----------+-------+-----+----+-----+----+----+--------+--------+------+------+------+------+------+------+--------+--------+
# | MON      | 93    |  1  | 1  |  0  | 0  | 1  | 0x00   | 0x55   |  0   |   0  |  1   |  0   |  0   |  0   | 0xfc   | 0x00   |
# +----------+-------+-----+----+-----+----+----+--------+--------+------+------+------+------+------+------+--------+--------+
# UVM_INFO ../tb/agent/write_drv.sv(33) @ 930000: uvm_test_top.env_h.agent_h.driver_h [FIFO_DRV] Driver transaction[94]
# +----------+-------+-----+----+-----+----+----+--------+--------+------+------+------+------+------+------+--------+--------+
# | SRC      | IDX   | RST | CS | REG | WR | RD | ADDR   | DATAIN | FULL | EMPTY| ALMF | ALME | OVFL | UDFL | DOUT   | RDATA  |
# +----------+-------+-----+----+-----+----+----+--------+--------+------+------+------+------+------+------+--------+--------+
# | DRV      | 94    |  1  | 1  |  0  | 0  | 1  | 0x00   | 0xca   |  0   |   0  |  0   |  0   |  0   |  0   | 0x00   | 0x00   |
# +----------+-------+-----+----+-----+----+----+--------+--------+------+------+------+------+------+------+--------+--------+
# UVM_INFO ../tb/env/reference_model.sv(158) @ 935000: reporter [FIFO_REF] Reference model transaction[94]
# +----------+-------+-----+----+-----+----+----+--------+--------+------+------+------+------+------+------+--------+--------+
# | SRC      | IDX   | RST | CS | REG | WR | RD | ADDR   | DATAIN | FULL | EMPTY| ALMF | ALME | OVFL | UDFL | DOUT   | RDATA  |
# +----------+-------+-----+----+-----+----+----+--------+--------+------+------+------+------+------+------+--------+--------+
# | REF_IN   | 94    |  1  | 1  |  0  | 0  | 1  | 0x00   | 0xca   |  0   |   0  |  1   |  0   |  0   |  0   | 0xad   | 0x00   |
# | REF_OUT  | 94    |  1  | 1  |  0  | 0  | 1  | 0x00   | 0xca   |  0   |   0  |  1   |  0   |  0   |  0   | 0xad   | 0x00   |
# +----------+-------+-----+----+-----+----+----+--------+--------+------+------+------+------+------+------+--------+--------+
# State: old_occ=8 new_occ=7 af=6 ae=4 fill=8 clr_pulse=0
# UVM_INFO ../tb/env/scoreboard.sv(71) @ 935000: uvm_test_top.env_h.scoreboard_h [FIFO_SB_CMP] Scoreboard compare[94]
# +----------+-------+-----+----+-----+----+----+--------+--------+------+------+------+------+------+------+--------+--------+
# | SRC      | IDX   | RST | CS | REG | WR | RD | ADDR   | DATAIN | FULL | EMPTY| ALMF | ALME | OVFL | UDFL | DOUT   | RDATA  |
# +----------+-------+-----+----+-----+----+----+--------+--------+------+------+------+------+------+------+--------+--------+
# | OBS      | 94    |  1  | 1  |  0  | 0  | 1  | 0x00   | 0xca   |  0   |   0  |  1   |  0   |  0   |  0   | 0xad   | 0x00   |
# | EXP      | 94    |  1  | 1  |  0  | 0  | 1  | 0x00   | 0xca   |  0   |   0  |  1   |  0   |  0   |  0   | 0xad   | 0x00   |
# +----------+-------+-----+----+-----+----+----+--------+--------+------+------+------+------+------+------+--------+--------+
# Result: PASS | pass_count=94 fail_count=0
# UVM_INFO ../tb/agent/read_monitor.sv(44) @ 935000: uvm_test_top.env_h.agent_h.monitor_h [FIFO_MON] Monitor transaction[94]
# +----------+-------+-----+----+-----+----+----+--------+--------+------+------+------+------+------+------+--------+--------+
# | SRC      | IDX   | RST | CS | REG | WR | RD | ADDR   | DATAIN | FULL | EMPTY| ALMF | ALME | OVFL | UDFL | DOUT   | RDATA  |
# +----------+-------+-----+----+-----+----+----+--------+--------+------+------+------+------+------+------+--------+--------+
# | MON      | 94    |  1  | 1  |  0  | 0  | 1  | 0x00   | 0xca   |  0   |   0  |  1   |  0   |  0   |  0   | 0xad   | 0x00   |
# +----------+-------+-----+----+-----+----+----+--------+--------+------+------+------+------+------+------+--------+--------+
# UVM_INFO ../tb/agent/write_drv.sv(33) @ 940000: uvm_test_top.env_h.agent_h.driver_h [FIFO_DRV] Driver transaction[95]
# +----------+-------+-----+----+-----+----+----+--------+--------+------+------+------+------+------+------+--------+--------+
# | SRC      | IDX   | RST | CS | REG | WR | RD | ADDR   | DATAIN | FULL | EMPTY| ALMF | ALME | OVFL | UDFL | DOUT   | RDATA  |
# +----------+-------+-----+----+-----+----+----+--------+--------+------+------+------+------+------+------+--------+--------+
# | DRV      | 95    |  1  | 1  |  1  | 0  | 1  | 0x00   | 0x3e   |  0   |   0  |  0   |  0   |  0   |  0   | 0x00   | 0x00   |
# +----------+-------+-----+----+-----+----+----+--------+--------+------+------+------+------+------+------+--------+--------+
# UVM_INFO ../tb/env/reference_model.sv(158) @ 945000: reporter [FIFO_REF] Reference model transaction[95]
# +----------+-------+-----+----+-----+----+----+--------+--------+------+------+------+------+------+------+--------+--------+
# | SRC      | IDX   | RST | CS | REG | WR | RD | ADDR   | DATAIN | FULL | EMPTY| ALMF | ALME | OVFL | UDFL | DOUT   | RDATA  |
# +----------+-------+-----+----+-----+----+----+--------+--------+------+------+------+------+------+------+--------+--------+
# | REF_IN   | 95    |  1  | 1  |  1  | 0  | 1  | 0x00   | 0x3e   |  0   |   0  |  1   |  0   |  0   |  0   | 0xad   | 0x00   |
# | REF_OUT  | 95    |  1  | 1  |  1  | 0  | 1  | 0x00   | 0x3e   |  0   |   0  |  1   |  0   |  0   |  0   | 0xad   | 0x00   |
# +----------+-------+-----+----+-----+----+----+--------+--------+------+------+------+------+------+------+--------+--------+
# State: old_occ=7 new_occ=7 af=6 ae=4 fill=7 clr_pulse=0
# UVM_INFO ../tb/env/scoreboard.sv(71) @ 945000: uvm_test_top.env_h.scoreboard_h [FIFO_SB_CMP] Scoreboard compare[95]
# +----------+-------+-----+----+-----+----+----+--------+--------+------+------+------+------+------+------+--------+--------+
# | SRC      | IDX   | RST | CS | REG | WR | RD | ADDR   | DATAIN | FULL | EMPTY| ALMF | ALME | OVFL | UDFL | DOUT   | RDATA  |
# +----------+-------+-----+----+-----+----+----+--------+--------+------+------+------+------+------+------+--------+--------+
# | OBS      | 95    |  1  | 1  |  1  | 0  | 1  | 0x00   | 0x3e   |  0   |   0  |  1   |  0   |  0   |  0   | 0xad   | 0x00   |
# | EXP      | 95    |  1  | 1  |  1  | 0  | 1  | 0x00   | 0x3e   |  0   |   0  |  1   |  0   |  0   |  0   | 0xad   | 0x00   |
# +----------+-------+-----+----+-----+----+----+--------+--------+------+------+------+------+------+------+--------+--------+
# Result: PASS | pass_count=95 fail_count=0
# UVM_INFO ../tb/agent/read_monitor.sv(44) @ 945000: uvm_test_top.env_h.agent_h.monitor_h [FIFO_MON] Monitor transaction[95]
# +----------+-------+-----+----+-----+----+----+--------+--------+------+------+------+------+------+------+--------+--------+
# | SRC      | IDX   | RST | CS | REG | WR | RD | ADDR   | DATAIN | FULL | EMPTY| ALMF | ALME | OVFL | UDFL | DOUT   | RDATA  |
# +----------+-------+-----+----+-----+----+----+--------+--------+------+------+------+------+------+------+--------+--------+
# | MON      | 95    |  1  | 1  |  1  | 0  | 1  | 0x00   | 0x3e   |  0   |   0  |  1   |  0   |  0   |  0   | 0xad   | 0x00   |
# +----------+-------+-----+----+-----+----+----+--------+--------+------+------+------+------+------+------+--------+--------+
# UVM_INFO ../tb/agent/write_drv.sv(33) @ 950000: uvm_test_top.env_h.agent_h.driver_h [FIFO_DRV] Driver transaction[96]
# +----------+-------+-----+----+-----+----+----+--------+--------+------+------+------+------+------+------+--------+--------+
# | SRC      | IDX   | RST | CS | REG | WR | RD | ADDR   | DATAIN | FULL | EMPTY| ALMF | ALME | OVFL | UDFL | DOUT   | RDATA  |
# +----------+-------+-----+----+-----+----+----+--------+--------+------+------+------+------+------+------+--------+--------+
# | DRV      | 96    |  1  | 0  |  0  | 1  | 0  | 0x00   | 0xaf   |  0   |   0  |  0   |  0   |  0   |  0   | 0x00   | 0x00   |
# +----------+-------+-----+----+-----+----+----+--------+--------+------+------+------+------+------+------+--------+--------+
# UVM_INFO ../tb/env/reference_model.sv(158) @ 955000: reporter [FIFO_REF] Reference model transaction[96]
# +----------+-------+-----+----+-----+----+----+--------+--------+------+------+------+------+------+------+--------+--------+
# | SRC      | IDX   | RST | CS | REG | WR | RD | ADDR   | DATAIN | FULL | EMPTY| ALMF | ALME | OVFL | UDFL | DOUT   | RDATA  |
# +----------+-------+-----+----+-----+----+----+--------+--------+------+------+------+------+------+------+--------+--------+
# | REF_IN   | 96    |  1  | 0  |  0  | 1  | 0  | 0x00   | 0xaf   |  0   |   0  |  1   |  0   |  0   |  0   | 0xad   | 0x00   |
# | REF_OUT  | 96    |  1  | 0  |  0  | 1  | 0  | 0x00   | 0xaf   |  0   |   0  |  1   |  0   |  0   |  0   | 0xad   | 0x00   |
# +----------+-------+-----+----+-----+----+----+--------+--------+------+------+------+------+------+------+--------+--------+
# State: old_occ=7 new_occ=7 af=6 ae=4 fill=7 clr_pulse=0
# UVM_INFO ../tb/env/scoreboard.sv(71) @ 955000: uvm_test_top.env_h.scoreboard_h [FIFO_SB_CMP] Scoreboard compare[96]
# +----------+-------+-----+----+-----+----+----+--------+--------+------+------+------+------+------+------+--------+--------+
# | SRC      | IDX   | RST | CS | REG | WR | RD | ADDR   | DATAIN | FULL | EMPTY| ALMF | ALME | OVFL | UDFL | DOUT   | RDATA  |
# +----------+-------+-----+----+-----+----+----+--------+--------+------+------+------+------+------+------+--------+--------+
# | OBS      | 96    |  1  | 0  |  0  | 1  | 0  | 0x00   | 0xaf   |  0   |   0  |  1   |  0   |  0   |  0   | 0xad   | 0x00   |
# | EXP      | 96    |  1  | 0  |  0  | 1  | 0  | 0x00   | 0xaf   |  0   |   0  |  1   |  0   |  0   |  0   | 0xad   | 0x00   |
# +----------+-------+-----+----+-----+----+----+--------+--------+------+------+------+------+------+------+--------+--------+
# Result: PASS | pass_count=96 fail_count=0
# UVM_INFO ../tb/agent/read_monitor.sv(44) @ 955000: uvm_test_top.env_h.agent_h.monitor_h [FIFO_MON] Monitor transaction[96]
# +----------+-------+-----+----+-----+----+----+--------+--------+------+------+------+------+------+------+--------+--------+
# | SRC      | IDX   | RST | CS | REG | WR | RD | ADDR   | DATAIN | FULL | EMPTY| ALMF | ALME | OVFL | UDFL | DOUT   | RDATA  |
# +----------+-------+-----+----+-----+----+----+--------+--------+------+------+------+------+------+------+--------+--------+
# | MON      | 96    |  1  | 0  |  0  | 1  | 0  | 0x00   | 0xaf   |  0   |   0  |  1   |  0   |  0   |  0   | 0xad   | 0x00   |
# +----------+-------+-----+----+-----+----+----+--------+--------+------+------+------+------+------+------+--------+--------+
# UVM_INFO ../tb/agent/write_drv.sv(33) @ 960000: uvm_test_top.env_h.agent_h.driver_h [FIFO_DRV] Driver transaction[97]
# +----------+-------+-----+----+-----+----+----+--------+--------+------+------+------+------+------+------+--------+--------+
# | SRC      | IDX   | RST | CS | REG | WR | RD | ADDR   | DATAIN | FULL | EMPTY| ALMF | ALME | OVFL | UDFL | DOUT   | RDATA  |
# +----------+-------+-----+----+-----+----+----+--------+--------+------+------+------+------+------+------+--------+--------+
# | DRV      | 97    |  1  | 1  |  1  | 0  | 0  | 0x04   | 0x5e   |  0   |   0  |  0   |  0   |  0   |  0   | 0x00   | 0x00   |
# +----------+-------+-----+----+-----+----+----+--------+--------+------+------+------+------+------+------+--------+--------+
# UVM_INFO ../tb/env/reference_model.sv(158) @ 965000: reporter [FIFO_REF] Reference model transaction[97]
# +----------+-------+-----+----+-----+----+----+--------+--------+------+------+------+------+------+------+--------+--------+
# | SRC      | IDX   | RST | CS | REG | WR | RD | ADDR   | DATAIN | FULL | EMPTY| ALMF | ALME | OVFL | UDFL | DOUT   | RDATA  |
# +----------+-------+-----+----+-----+----+----+--------+--------+------+------+------+------+------+------+--------+--------+
# | REF_IN   | 97    |  1  | 1  |  1  | 0  | 0  | 0x04   | 0x5e   |  0   |   0  |  1   |  0   |  0   |  0   | 0xad   | 0x00   |
# | REF_OUT  | 97    |  1  | 1  |  1  | 0  | 0  | 0x04   | 0x5e   |  0   |   0  |  1   |  0   |  0   |  0   | 0xad   | 0x00   |
# +----------+-------+-----+----+-----+----+----+--------+--------+------+------+------+------+------+------+--------+--------+
# State: old_occ=7 new_occ=7 af=6 ae=4 fill=7 clr_pulse=0
# UVM_INFO ../tb/env/scoreboard.sv(71) @ 965000: uvm_test_top.env_h.scoreboard_h [FIFO_SB_CMP] Scoreboard compare[97]
# +----------+-------+-----+----+-----+----+----+--------+--------+------+------+------+------+------+------+--------+--------+
# | SRC      | IDX   | RST | CS | REG | WR | RD | ADDR   | DATAIN | FULL | EMPTY| ALMF | ALME | OVFL | UDFL | DOUT   | RDATA  |
# +----------+-------+-----+----+-----+----+----+--------+--------+------+------+------+------+------+------+--------+--------+
# | OBS      | 97    |  1  | 1  |  1  | 0  | 0  | 0x04   | 0x5e   |  0   |   0  |  1   |  0   |  0   |  0   | 0xad   | 0x00   |
# | EXP      | 97    |  1  | 1  |  1  | 0  | 0  | 0x04   | 0x5e   |  0   |   0  |  1   |  0   |  0   |  0   | 0xad   | 0x00   |
# +----------+-------+-----+----+-----+----+----+--------+--------+------+------+------+------+------+------+--------+--------+
# Result: PASS | pass_count=97 fail_count=0
# UVM_INFO ../tb/agent/read_monitor.sv(44) @ 965000: uvm_test_top.env_h.agent_h.monitor_h [FIFO_MON] Monitor transaction[97]
# +----------+-------+-----+----+-----+----+----+--------+--------+------+------+------+------+------+------+--------+--------+
# | SRC      | IDX   | RST | CS | REG | WR | RD | ADDR   | DATAIN | FULL | EMPTY| ALMF | ALME | OVFL | UDFL | DOUT   | RDATA  |
# +----------+-------+-----+----+-----+----+----+--------+--------+------+------+------+------+------+------+--------+--------+
# | MON      | 97    |  1  | 1  |  1  | 0  | 0  | 0x04   | 0x5e   |  0   |   0  |  1   |  0   |  0   |  0   | 0xad   | 0x00   |
# +----------+-------+-----+----+-----+----+----+--------+--------+------+------+------+------+------+------+--------+--------+
# UVM_INFO ../tb/agent/write_drv.sv(33) @ 970000: uvm_test_top.env_h.agent_h.driver_h [FIFO_DRV] Driver transaction[98]
# +----------+-------+-----+----+-----+----+----+--------+--------+------+------+------+------+------+------+--------+--------+
# | SRC      | IDX   | RST | CS | REG | WR | RD | ADDR   | DATAIN | FULL | EMPTY| ALMF | ALME | OVFL | UDFL | DOUT   | RDATA  |
# +----------+-------+-----+----+-----+----+----+--------+--------+------+------+------+------+------+------+--------+--------+
# | DRV      | 98    |  1  | 1  |  1  | 0  | 1  | 0x08   | 0xd4   |  0   |   0  |  0   |  0   |  0   |  0   | 0x00   | 0x00   |
# +----------+-------+-----+----+-----+----+----+--------+--------+------+------+------+------+------+------+--------+--------+
# UVM_INFO ../tb/env/reference_model.sv(158) @ 975000: reporter [FIFO_REF] Reference model transaction[98]
# +----------+-------+-----+----+-----+----+----+--------+--------+------+------+------+------+------+------+--------+--------+
# | SRC      | IDX   | RST | CS | REG | WR | RD | ADDR   | DATAIN | FULL | EMPTY| ALMF | ALME | OVFL | UDFL | DOUT   | RDATA  |
# +----------+-------+-----+----+-----+----+----+--------+--------+------+------+------+------+------+------+--------+--------+
# | REF_IN   | 98    |  1  | 1  |  1  | 0  | 1  | 0x08   | 0xd4   |  0   |   0  |  1   |  0   |  0   |  0   | 0xad   | 0x06   |
# | REF_OUT  | 98    |  1  | 1  |  1  | 0  | 1  | 0x08   | 0xd4   |  0   |   0  |  1   |  0   |  0   |  0   | 0xad   | 0x06   |
# +----------+-------+-----+----+-----+----+----+--------+--------+------+------+------+------+------+------+--------+--------+
# State: old_occ=7 new_occ=7 af=6 ae=4 fill=7 clr_pulse=0
# UVM_INFO ../tb/env/scoreboard.sv(71) @ 975000: uvm_test_top.env_h.scoreboard_h [FIFO_SB_CMP] Scoreboard compare[98]
# +----------+-------+-----+----+-----+----+----+--------+--------+------+------+------+------+------+------+--------+--------+
# | SRC      | IDX   | RST | CS | REG | WR | RD | ADDR   | DATAIN | FULL | EMPTY| ALMF | ALME | OVFL | UDFL | DOUT   | RDATA  |
# +----------+-------+-----+----+-----+----+----+--------+--------+------+------+------+------+------+------+--------+--------+
# | OBS      | 98    |  1  | 1  |  1  | 0  | 1  | 0x08   | 0xd4   |  0   |   0  |  1   |  0   |  0   |  0   | 0xad   | 0x06   |
# | EXP      | 98    |  1  | 1  |  1  | 0  | 1  | 0x08   | 0xd4   |  0   |   0  |  1   |  0   |  0   |  0   | 0xad   | 0x06   |
# +----------+-------+-----+----+-----+----+----+--------+--------+------+------+------+------+------+------+--------+--------+
# Result: PASS | pass_count=98 fail_count=0
# UVM_INFO ../tb/agent/read_monitor.sv(44) @ 975000: uvm_test_top.env_h.agent_h.monitor_h [FIFO_MON] Monitor transaction[98]
# +----------+-------+-----+----+-----+----+----+--------+--------+------+------+------+------+------+------+--------+--------+
# | SRC      | IDX   | RST | CS | REG | WR | RD | ADDR   | DATAIN | FULL | EMPTY| ALMF | ALME | OVFL | UDFL | DOUT   | RDATA  |
# +----------+-------+-----+----+-----+----+----+--------+--------+------+------+------+------+------+------+--------+--------+
# | MON      | 98    |  1  | 1  |  1  | 0  | 1  | 0x08   | 0xd4   |  0   |   0  |  1   |  0   |  0   |  0   | 0xad   | 0x06   |
# +----------+-------+-----+----+-----+----+----+--------+--------+------+------+------+------+------+------+--------+--------+
# UVM_INFO ../tb/agent/write_drv.sv(33) @ 980000: uvm_test_top.env_h.agent_h.driver_h [FIFO_DRV] Driver transaction[99]
# +----------+-------+-----+----+-----+----+----+--------+--------+------+------+------+------+------+------+--------+--------+
# | SRC      | IDX   | RST | CS | REG | WR | RD | ADDR   | DATAIN | FULL | EMPTY| ALMF | ALME | OVFL | UDFL | DOUT   | RDATA  |
# +----------+-------+-----+----+-----+----+----+--------+--------+------+------+------+------+------+------+--------+--------+
# | DRV      | 99    |  1  | 0  |  0  | 0  | 0  | 0x00   | 0xee   |  0   |   0  |  0   |  0   |  0   |  0   | 0x00   | 0x00   |
# +----------+-------+-----+----+-----+----+----+--------+--------+------+------+------+------+------+------+--------+--------+
# UVM_INFO ../tb/env/reference_model.sv(158) @ 985000: reporter [FIFO_REF] Reference model transaction[99]
# +----------+-------+-----+----+-----+----+----+--------+--------+------+------+------+------+------+------+--------+--------+
# | SRC      | IDX   | RST | CS | REG | WR | RD | ADDR   | DATAIN | FULL | EMPTY| ALMF | ALME | OVFL | UDFL | DOUT   | RDATA  |
# +----------+-------+-----+----+-----+----+----+--------+--------+------+------+------+------+------+------+--------+--------+
# | REF_IN   | 99    |  1  | 0  |  0  | 0  | 0  | 0x00   | 0xee   |  0   |   0  |  1   |  0   |  0   |  0   | 0xad   | 0x00   |
# | REF_OUT  | 99    |  1  | 0  |  0  | 0  | 0  | 0x00   | 0xee   |  0   |   0  |  1   |  0   |  0   |  0   | 0xad   | 0x00   |
# +----------+-------+-----+----+-----+----+----+--------+--------+------+------+------+------+------+------+--------+--------+
# State: old_occ=7 new_occ=7 af=6 ae=4 fill=7 clr_pulse=0
# UVM_INFO ../tb/env/scoreboard.sv(71) @ 985000: uvm_test_top.env_h.scoreboard_h [FIFO_SB_CMP] Scoreboard compare[99]
# +----------+-------+-----+----+-----+----+----+--------+--------+------+------+------+------+------+------+--------+--------+
# | SRC      | IDX   | RST | CS | REG | WR | RD | ADDR   | DATAIN | FULL | EMPTY| ALMF | ALME | OVFL | UDFL | DOUT   | RDATA  |
# +----------+-------+-----+----+-----+----+----+--------+--------+------+------+------+------+------+------+--------+--------+
# | OBS      | 99    |  1  | 0  |  0  | 0  | 0  | 0x00   | 0xee   |  0   |   0  |  1   |  0   |  0   |  0   | 0xad   | 0x00   |
# | EXP      | 99    |  1  | 0  |  0  | 0  | 0  | 0x00   | 0xee   |  0   |   0  |  1   |  0   |  0   |  0   | 0xad   | 0x00   |
# +----------+-------+-----+----+-----+----+----+--------+--------+------+------+------+------+------+------+--------+--------+
# Result: PASS | pass_count=99 fail_count=0
# UVM_INFO ../tb/agent/read_monitor.sv(44) @ 985000: uvm_test_top.env_h.agent_h.monitor_h [FIFO_MON] Monitor transaction[99]
# +----------+-------+-----+----+-----+----+----+--------+--------+------+------+------+------+------+------+--------+--------+
# | SRC      | IDX   | RST | CS | REG | WR | RD | ADDR   | DATAIN | FULL | EMPTY| ALMF | ALME | OVFL | UDFL | DOUT   | RDATA  |
# +----------+-------+-----+----+-----+----+----+--------+--------+------+------+------+------+------+------+--------+--------+
# | MON      | 99    |  1  | 0  |  0  | 0  | 0  | 0x00   | 0xee   |  0   |   0  |  1   |  0   |  0   |  0   | 0xad   | 0x00   |
# +----------+-------+-----+----+-----+----+----+--------+--------+------+------+------+------+------+------+--------+--------+
# UVM_INFO ../tb/agent/write_drv.sv(33) @ 990000: uvm_test_top.env_h.agent_h.driver_h [FIFO_DRV] Driver transaction[100]
# +----------+-------+-----+----+-----+----+----+--------+--------+------+------+------+------+------+------+--------+--------+
# | SRC      | IDX   | RST | CS | REG | WR | RD | ADDR   | DATAIN | FULL | EMPTY| ALMF | ALME | OVFL | UDFL | DOUT   | RDATA  |
# +----------+-------+-----+----+-----+----+----+--------+--------+------+------+------+------+------+------+--------+--------+
# | DRV      | 100   |  1  | 0  |  1  | 1  | 0  | 0x00   | 0x46   |  0   |   0  |  0   |  0   |  0   |  0   | 0x00   | 0x00   |
# +----------+-------+-----+----+-----+----+----+--------+--------+------+------+------+------+------+------+--------+--------+
# UVM_INFO ../tb/env/reference_model.sv(158) @ 995000: reporter [FIFO_REF] Reference model transaction[100]
# +----------+-------+-----+----+-----+----+----+--------+--------+------+------+------+------+------+------+--------+--------+
# | SRC      | IDX   | RST | CS | REG | WR | RD | ADDR   | DATAIN | FULL | EMPTY| ALMF | ALME | OVFL | UDFL | DOUT   | RDATA  |
# +----------+-------+-----+----+-----+----+----+--------+--------+------+------+------+------+------+------+--------+--------+
# | REF_IN   | 100   |  1  | 0  |  1  | 1  | 0  | 0x00   | 0x46   |  0   |   0  |  1   |  0   |  0   |  0   | 0xad   | 0x00   |
# | REF_OUT  | 100   |  1  | 0  |  1  | 1  | 0  | 0x00   | 0x46   |  0   |   0  |  1   |  0   |  0   |  0   | 0xad   | 0x00   |
# +----------+-------+-----+----+-----+----+----+--------+--------+------+------+------+------+------+------+--------+--------+
# State: old_occ=7 new_occ=7 af=6 ae=4 fill=7 clr_pulse=0
# UVM_INFO ../tb/env/scoreboard.sv(71) @ 995000: uvm_test_top.env_h.scoreboard_h [FIFO_SB_CMP] Scoreboard compare[100]
# +----------+-------+-----+----+-----+----+----+--------+--------+------+------+------+------+------+------+--------+--------+
# | SRC      | IDX   | RST | CS | REG | WR | RD | ADDR   | DATAIN | FULL | EMPTY| ALMF | ALME | OVFL | UDFL | DOUT   | RDATA  |
# +----------+-------+-----+----+-----+----+----+--------+--------+------+------+------+------+------+------+--------+--------+
# | OBS      | 100   |  1  | 0  |  1  | 1  | 0  | 0x00   | 0x46   |  0   |   0  |  1   |  0   |  0   |  0   | 0xad   | 0x00   |
# | EXP      | 100   |  1  | 0  |  1  | 1  | 0  | 0x00   | 0x46   |  0   |   0  |  1   |  0   |  0   |  0   | 0xad   | 0x00   |
# +----------+-------+-----+----+-----+----+----+--------+--------+------+------+------+------+------+------+--------+--------+
# Result: PASS | pass_count=100 fail_count=0
# UVM_INFO ../tb/agent/read_monitor.sv(44) @ 995000: uvm_test_top.env_h.agent_h.monitor_h [FIFO_MON] Monitor transaction[100]
# +----------+-------+-----+----+-----+----+----+--------+--------+------+------+------+------+------+------+--------+--------+
# | SRC      | IDX   | RST | CS | REG | WR | RD | ADDR   | DATAIN | FULL | EMPTY| ALMF | ALME | OVFL | UDFL | DOUT   | RDATA  |
# +----------+-------+-----+----+-----+----+----+--------+--------+------+------+------+------+------+------+--------+--------+
# | MON      | 100   |  1  | 0  |  1  | 1  | 0  | 0x00   | 0x46   |  0   |   0  |  1   |  0   |  0   |  0   | 0xad   | 0x00   |
# +----------+-------+-----+----+-----+----+----+--------+--------+------+------+------+------+------+------+--------+--------+
# UVM_INFO ../tb/agent/write_drv.sv(33) @ 1000000: uvm_test_top.env_h.agent_h.driver_h [FIFO_DRV] Driver transaction[101]
# +----------+-------+-----+----+-----+----+----+--------+--------+------+------+------+------+------+------+--------+--------+
# | SRC      | IDX   | RST | CS | REG | WR | RD | ADDR   | DATAIN | FULL | EMPTY| ALMF | ALME | OVFL | UDFL | DOUT   | RDATA  |
# +----------+-------+-----+----+-----+----+----+--------+--------+------+------+------+------+------+------+--------+--------+
# | DRV      | 101   |  1  | 1  |  0  | 0  | 0  | 0x00   | 0x5f   |  0   |   0  |  0   |  0   |  0   |  0   | 0x00   | 0x00   |
# +----------+-------+-----+----+-----+----+----+--------+--------+------+------+------+------+------+------+--------+--------+
# UVM_INFO ../tb/env/reference_model.sv(158) @ 1005000: reporter [FIFO_REF] Reference model transaction[101]
# +----------+-------+-----+----+-----+----+----+--------+--------+------+------+------+------+------+------+--------+--------+
# | SRC      | IDX   | RST | CS | REG | WR | RD | ADDR   | DATAIN | FULL | EMPTY| ALMF | ALME | OVFL | UDFL | DOUT   | RDATA  |
# +----------+-------+-----+----+-----+----+----+--------+--------+------+------+------+------+------+------+--------+--------+
# | REF_IN   | 101   |  1  | 1  |  0  | 0  | 0  | 0x00   | 0x5f   |  0   |   0  |  1   |  0   |  0   |  0   | 0xad   | 0x00   |
# | REF_OUT  | 101   |  1  | 1  |  0  | 0  | 0  | 0x00   | 0x5f   |  0   |   0  |  1   |  0   |  0   |  0   | 0xad   | 0x00   |
# +----------+-------+-----+----+-----+----+----+--------+--------+------+------+------+------+------+------+--------+--------+
# State: old_occ=7 new_occ=7 af=6 ae=4 fill=7 clr_pulse=0
# UVM_INFO ../tb/env/scoreboard.sv(71) @ 1005000: uvm_test_top.env_h.scoreboard_h [FIFO_SB_CMP] Scoreboard compare[101]
# +----------+-------+-----+----+-----+----+----+--------+--------+------+------+------+------+------+------+--------+--------+
# | SRC      | IDX   | RST | CS | REG | WR | RD | ADDR   | DATAIN | FULL | EMPTY| ALMF | ALME | OVFL | UDFL | DOUT   | RDATA  |
# +----------+-------+-----+----+-----+----+----+--------+--------+------+------+------+------+------+------+--------+--------+
# | OBS      | 101   |  1  | 1  |  0  | 0  | 0  | 0x00   | 0x5f   |  0   |   0  |  1   |  0   |  0   |  0   | 0xad   | 0x00   |
# | EXP      | 101   |  1  | 1  |  0  | 0  | 0  | 0x00   | 0x5f   |  0   |   0  |  1   |  0   |  0   |  0   | 0xad   | 0x00   |
# +----------+-------+-----+----+-----+----+----+--------+--------+------+------+------+------+------+------+--------+--------+
# Result: PASS | pass_count=101 fail_count=0
# UVM_INFO ../tb/agent/read_monitor.sv(44) @ 1005000: uvm_test_top.env_h.agent_h.monitor_h [FIFO_MON] Monitor transaction[101]
# +----------+-------+-----+----+-----+----+----+--------+--------+------+------+------+------+------+------+--------+--------+
# | SRC      | IDX   | RST | CS | REG | WR | RD | ADDR   | DATAIN | FULL | EMPTY| ALMF | ALME | OVFL | UDFL | DOUT   | RDATA  |
# +----------+-------+-----+----+-----+----+----+--------+--------+------+------+------+------+------+------+--------+--------+
# | MON      | 101   |  1  | 1  |  0  | 0  | 0  | 0x00   | 0x5f   |  0   |   0  |  1   |  0   |  0   |  0   | 0xad   | 0x00   |
# +----------+-------+-----+----+-----+----+----+--------+--------+------+------+------+------+------+------+--------+--------+
# UVM_INFO ../tb/agent/write_drv.sv(33) @ 1010000: uvm_test_top.env_h.agent_h.driver_h [FIFO_DRV] Driver transaction[102]
# +----------+-------+-----+----+-----+----+----+--------+--------+------+------+------+------+------+------+--------+--------+
# | SRC      | IDX   | RST | CS | REG | WR | RD | ADDR   | DATAIN | FULL | EMPTY| ALMF | ALME | OVFL | UDFL | DOUT   | RDATA  |
# +----------+-------+-----+----+-----+----+----+--------+--------+------+------+------+------+------+------+--------+--------+
# | DRV      | 102   |  1  | 1  |  0  | 0  | 1  | 0x00   | 0x91   |  0   |   0  |  0   |  0   |  0   |  0   | 0x00   | 0x00   |
# +----------+-------+-----+----+-----+----+----+--------+--------+------+------+------+------+------+------+--------+--------+
# UVM_INFO ../tb/env/reference_model.sv(158) @ 1015000: reporter [FIFO_REF] Reference model transaction[102]
# +----------+-------+-----+----+-----+----+----+--------+--------+------+------+------+------+------+------+--------+--------+
# | SRC      | IDX   | RST | CS | REG | WR | RD | ADDR   | DATAIN | FULL | EMPTY| ALMF | ALME | OVFL | UDFL | DOUT   | RDATA  |
# +----------+-------+-----+----+-----+----+----+--------+--------+------+------+------+------+------+------+--------+--------+
# | REF_IN   | 102   |  1  | 1  |  0  | 0  | 1  | 0x00   | 0x91   |  0   |   0  |  1   |  0   |  0   |  0   | 0x68   | 0x00   |
# | REF_OUT  | 102   |  1  | 1  |  0  | 0  | 1  | 0x00   | 0x91   |  0   |   0  |  1   |  0   |  0   |  0   | 0x68   | 0x00   |
# +----------+-------+-----+----+-----+----+----+--------+--------+------+------+------+------+------+------+--------+--------+
# State: old_occ=7 new_occ=6 af=6 ae=4 fill=7 clr_pulse=0
# UVM_INFO ../tb/env/scoreboard.sv(71) @ 1015000: uvm_test_top.env_h.scoreboard_h [FIFO_SB_CMP] Scoreboard compare[102]
# +----------+-------+-----+----+-----+----+----+--------+--------+------+------+------+------+------+------+--------+--------+
# | SRC      | IDX   | RST | CS | REG | WR | RD | ADDR   | DATAIN | FULL | EMPTY| ALMF | ALME | OVFL | UDFL | DOUT   | RDATA  |
# +----------+-------+-----+----+-----+----+----+--------+--------+------+------+------+------+------+------+--------+--------+
# | OBS      | 102   |  1  | 1  |  0  | 0  | 1  | 0x00   | 0x91   |  0   |   0  |  1   |  0   |  0   |  0   | 0x68   | 0x00   |
# | EXP      | 102   |  1  | 1  |  0  | 0  | 1  | 0x00   | 0x91   |  0   |   0  |  1   |  0   |  0   |  0   | 0x68   | 0x00   |
# +----------+-------+-----+----+-----+----+----+--------+--------+------+------+------+------+------+------+--------+--------+
# Result: PASS | pass_count=102 fail_count=0
# UVM_INFO ../tb/agent/read_monitor.sv(44) @ 1015000: uvm_test_top.env_h.agent_h.monitor_h [FIFO_MON] Monitor transaction[102]
# +----------+-------+-----+----+-----+----+----+--------+--------+------+------+------+------+------+------+--------+--------+
# | SRC      | IDX   | RST | CS | REG | WR | RD | ADDR   | DATAIN | FULL | EMPTY| ALMF | ALME | OVFL | UDFL | DOUT   | RDATA  |
# +----------+-------+-----+----+-----+----+----+--------+--------+------+------+------+------+------+------+--------+--------+
# | MON      | 102   |  1  | 1  |  0  | 0  | 1  | 0x00   | 0x91   |  0   |   0  |  1   |  0   |  0   |  0   | 0x68   | 0x00   |
# +----------+-------+-----+----+-----+----+----+--------+--------+------+------+------+------+------+------+--------+--------+
# UVM_INFO ../tb/agent/write_drv.sv(33) @ 1020000: uvm_test_top.env_h.agent_h.driver_h [FIFO_DRV] Driver transaction[103]
# +----------+-------+-----+----+-----+----+----+--------+--------+------+------+------+------+------+------+--------+--------+
# | SRC      | IDX   | RST | CS | REG | WR | RD | ADDR   | DATAIN | FULL | EMPTY| ALMF | ALME | OVFL | UDFL | DOUT   | RDATA  |
# +----------+-------+-----+----+-----+----+----+--------+--------+------+------+------+------+------+------+--------+--------+
# | DRV      | 103   |  1  | 1  |  0  | 1  | 0  | 0x00   | 0x0a   |  0   |   0  |  0   |  0   |  0   |  0   | 0x00   | 0x00   |
# +----------+-------+-----+----+-----+----+----+--------+--------+------+------+------+------+------+------+--------+--------+
# UVM_INFO ../tb/env/reference_model.sv(158) @ 1025000: reporter [FIFO_REF] Reference model transaction[103]
# +----------+-------+-----+----+-----+----+----+--------+--------+------+------+------+------+------+------+--------+--------+
# | SRC      | IDX   | RST | CS | REG | WR | RD | ADDR   | DATAIN | FULL | EMPTY| ALMF | ALME | OVFL | UDFL | DOUT   | RDATA  |
# +----------+-------+-----+----+-----+----+----+--------+--------+------+------+------+------+------+------+--------+--------+
# | REF_IN   | 103   |  1  | 1  |  0  | 1  | 0  | 0x00   | 0x0a   |  0   |   0  |  1   |  0   |  0   |  0   | 0x68   | 0x00   |
# | REF_OUT  | 103   |  1  | 1  |  0  | 1  | 0  | 0x00   | 0x0a   |  0   |   0  |  1   |  0   |  0   |  0   | 0x68   | 0x00   |
# +----------+-------+-----+----+-----+----+----+--------+--------+------+------+------+------+------+------+--------+--------+
# State: old_occ=6 new_occ=7 af=6 ae=4 fill=6 clr_pulse=0
# UVM_INFO ../tb/env/scoreboard.sv(71) @ 1025000: uvm_test_top.env_h.scoreboard_h [FIFO_SB_CMP] Scoreboard compare[103]
# +----------+-------+-----+----+-----+----+----+--------+--------+------+------+------+------+------+------+--------+--------+
# | SRC      | IDX   | RST | CS | REG | WR | RD | ADDR   | DATAIN | FULL | EMPTY| ALMF | ALME | OVFL | UDFL | DOUT   | RDATA  |
# +----------+-------+-----+----+-----+----+----+--------+--------+------+------+------+------+------+------+--------+--------+
# | OBS      | 103   |  1  | 1  |  0  | 1  | 0  | 0x00   | 0x0a   |  0   |   0  |  1   |  0   |  0   |  0   | 0x68   | 0x00   |
# | EXP      | 103   |  1  | 1  |  0  | 1  | 0  | 0x00   | 0x0a   |  0   |   0  |  1   |  0   |  0   |  0   | 0x68   | 0x00   |
# +----------+-------+-----+----+-----+----+----+--------+--------+------+------+------+------+------+------+--------+--------+
# Result: PASS | pass_count=103 fail_count=0
# UVM_INFO ../tb/agent/read_monitor.sv(44) @ 1025000: uvm_test_top.env_h.agent_h.monitor_h [FIFO_MON] Monitor transaction[103]
# +----------+-------+-----+----+-----+----+----+--------+--------+------+------+------+------+------+------+--------+--------+
# | SRC      | IDX   | RST | CS | REG | WR | RD | ADDR   | DATAIN | FULL | EMPTY| ALMF | ALME | OVFL | UDFL | DOUT   | RDATA  |
# +----------+-------+-----+----+-----+----+----+--------+--------+------+------+------+------+------+------+--------+--------+
# | MON      | 103   |  1  | 1  |  0  | 1  | 0  | 0x00   | 0x0a   |  0   |   0  |  1   |  0   |  0   |  0   | 0x68   | 0x00   |
# +----------+-------+-----+----+-----+----+----+--------+--------+------+------+------+------+------+------+--------+--------+
# UVM_INFO ../tb/agent/write_drv.sv(33) @ 1030000: uvm_test_top.env_h.agent_h.driver_h [FIFO_DRV] Driver transaction[104]
# +----------+-------+-----+----+-----+----+----+--------+--------+------+------+------+------+------+------+--------+--------+
# | SRC      | IDX   | RST | CS | REG | WR | RD | ADDR   | DATAIN | FULL | EMPTY| ALMF | ALME | OVFL | UDFL | DOUT   | RDATA  |
# +----------+-------+-----+----+-----+----+----+--------+--------+------+------+------+------+------+------+--------+--------+
# | DRV      | 104   |  1  | 1  |  0  | 0  | 1  | 0x00   | 0xc4   |  0   |   0  |  0   |  0   |  0   |  0   | 0x00   | 0x00   |
# +----------+-------+-----+----+-----+----+----+--------+--------+------+------+------+------+------+------+--------+--------+
# UVM_INFO ../tb/env/reference_model.sv(158) @ 1035000: reporter [FIFO_REF] Reference model transaction[104]
# +----------+-------+-----+----+-----+----+----+--------+--------+------+------+------+------+------+------+--------+--------+
# | SRC      | IDX   | RST | CS | REG | WR | RD | ADDR   | DATAIN | FULL | EMPTY| ALMF | ALME | OVFL | UDFL | DOUT   | RDATA  |
# +----------+-------+-----+----+-----+----+----+--------+--------+------+------+------+------+------+------+--------+--------+
# | REF_IN   | 104   |  1  | 1  |  0  | 0  | 1  | 0x00   | 0xc4   |  0   |   0  |  1   |  0   |  0   |  0   | 0x02   | 0x00   |
# | REF_OUT  | 104   |  1  | 1  |  0  | 0  | 1  | 0x00   | 0xc4   |  0   |   0  |  1   |  0   |  0   |  0   | 0x02   | 0x00   |
# +----------+-------+-----+----+-----+----+----+--------+--------+------+------+------+------+------+------+--------+--------+
# State: old_occ=7 new_occ=6 af=6 ae=4 fill=7 clr_pulse=0
# UVM_INFO ../tb/env/scoreboard.sv(71) @ 1035000: uvm_test_top.env_h.scoreboard_h [FIFO_SB_CMP] Scoreboard compare[104]
# +----------+-------+-----+----+-----+----+----+--------+--------+------+------+------+------+------+------+--------+--------+
# | SRC      | IDX   | RST | CS | REG | WR | RD | ADDR   | DATAIN | FULL | EMPTY| ALMF | ALME | OVFL | UDFL | DOUT   | RDATA  |
# +----------+-------+-----+----+-----+----+----+--------+--------+------+------+------+------+------+------+--------+--------+
# | OBS      | 104   |  1  | 1  |  0  | 0  | 1  | 0x00   | 0xc4   |  0   |   0  |  1   |  0   |  0   |  0   | 0x02   | 0x00   |
# | EXP      | 104   |  1  | 1  |  0  | 0  | 1  | 0x00   | 0xc4   |  0   |   0  |  1   |  0   |  0   |  0   | 0x02   | 0x00   |
# +----------+-------+-----+----+-----+----+----+--------+--------+------+------+------+------+------+------+--------+--------+
# Result: PASS | pass_count=104 fail_count=0
# UVM_INFO ../tb/agent/read_monitor.sv(44) @ 1035000: uvm_test_top.env_h.agent_h.monitor_h [FIFO_MON] Monitor transaction[104]
# +----------+-------+-----+----+-----+----+----+--------+--------+------+------+------+------+------+------+--------+--------+
# | SRC      | IDX   | RST | CS | REG | WR | RD | ADDR   | DATAIN | FULL | EMPTY| ALMF | ALME | OVFL | UDFL | DOUT   | RDATA  |
# +----------+-------+-----+----+-----+----+----+--------+--------+------+------+------+------+------+------+--------+--------+
# | MON      | 104   |  1  | 1  |  0  | 0  | 1  | 0x00   | 0xc4   |  0   |   0  |  1   |  0   |  0   |  0   | 0x02   | 0x00   |
# +----------+-------+-----+----+-----+----+----+--------+--------+------+------+------+------+------+------+--------+--------+
# UVM_INFO ../tb/agent/write_drv.sv(33) @ 1040000: uvm_test_top.env_h.agent_h.driver_h [FIFO_DRV] Driver transaction[105]
# +----------+-------+-----+----+-----+----+----+--------+--------+------+------+------+------+------+------+--------+--------+
# | SRC      | IDX   | RST | CS | REG | WR | RD | ADDR   | DATAIN | FULL | EMPTY| ALMF | ALME | OVFL | UDFL | DOUT   | RDATA  |
# +----------+-------+-----+----+-----+----+----+--------+--------+------+------+------+------+------+------+--------+--------+
# | DRV      | 105   |  1  | 0  |  0  | 0  | 1  | 0x00   | 0xca   |  0   |   0  |  0   |  0   |  0   |  0   | 0x00   | 0x00   |
# +----------+-------+-----+----+-----+----+----+--------+--------+------+------+------+------+------+------+--------+--------+
# UVM_INFO ../tb/env/reference_model.sv(158) @ 1045000: reporter [FIFO_REF] Reference model transaction[105]
# +----------+-------+-----+----+-----+----+----+--------+--------+------+------+------+------+------+------+--------+--------+
# | SRC      | IDX   | RST | CS | REG | WR | RD | ADDR   | DATAIN | FULL | EMPTY| ALMF | ALME | OVFL | UDFL | DOUT   | RDATA  |
# +----------+-------+-----+----+-----+----+----+--------+--------+------+------+------+------+------+------+--------+--------+
# | REF_IN   | 105   |  1  | 0  |  0  | 0  | 1  | 0x00   | 0xca   |  0   |   0  |  1   |  0   |  0   |  0   | 0x02   | 0x00   |
# | REF_OUT  | 105   |  1  | 0  |  0  | 0  | 1  | 0x00   | 0xca   |  0   |   0  |  1   |  0   |  0   |  0   | 0x02   | 0x00   |
# +----------+-------+-----+----+-----+----+----+--------+--------+------+------+------+------+------+------+--------+--------+
# State: old_occ=6 new_occ=6 af=6 ae=4 fill=7 clr_pulse=0
# UVM_INFO ../tb/env/scoreboard.sv(71) @ 1045000: uvm_test_top.env_h.scoreboard_h [FIFO_SB_CMP] Scoreboard compare[105]
# +----------+-------+-----+----+-----+----+----+--------+--------+------+------+------+------+------+------+--------+--------+
# | SRC      | IDX   | RST | CS | REG | WR | RD | ADDR   | DATAIN | FULL | EMPTY| ALMF | ALME | OVFL | UDFL | DOUT   | RDATA  |
# +----------+-------+-----+----+-----+----+----+--------+--------+------+------+------+------+------+------+--------+--------+
# | OBS      | 105   |  1  | 0  |  0  | 0  | 1  | 0x00   | 0xca   |  0   |   0  |  1   |  0   |  0   |  0   | 0x02   | 0x00   |
# | EXP      | 105   |  1  | 0  |  0  | 0  | 1  | 0x00   | 0xca   |  0   |   0  |  1   |  0   |  0   |  0   | 0x02   | 0x00   |
# +----------+-------+-----+----+-----+----+----+--------+--------+------+------+------+------+------+------+--------+--------+
# Result: PASS | pass_count=105 fail_count=0
# UVM_INFO ../tb/agent/read_monitor.sv(44) @ 1045000: uvm_test_top.env_h.agent_h.monitor_h [FIFO_MON] Monitor transaction[105]
# +----------+-------+-----+----+-----+----+----+--------+--------+------+------+------+------+------+------+--------+--------+
# | SRC      | IDX   | RST | CS | REG | WR | RD | ADDR   | DATAIN | FULL | EMPTY| ALMF | ALME | OVFL | UDFL | DOUT   | RDATA  |
# +----------+-------+-----+----+-----+----+----+--------+--------+------+------+------+------+------+------+--------+--------+
# | MON      | 105   |  1  | 0  |  0  | 0  | 1  | 0x00   | 0xca   |  0   |   0  |  1   |  0   |  0   |  0   | 0x02   | 0x00   |
# +----------+-------+-----+----+-----+----+----+--------+--------+------+------+------+------+------+------+--------+--------+
# UVM_INFO ../tb/agent/write_drv.sv(33) @ 1050000: uvm_test_top.env_h.agent_h.driver_h [FIFO_DRV] Driver transaction[106]
# +----------+-------+-----+----+-----+----+----+--------+--------+------+------+------+------+------+------+--------+--------+
# | SRC      | IDX   | RST | CS | REG | WR | RD | ADDR   | DATAIN | FULL | EMPTY| ALMF | ALME | OVFL | UDFL | DOUT   | RDATA  |
# +----------+-------+-----+----+-----+----+----+--------+--------+------+------+------+------+------+------+--------+--------+
# | DRV      | 106   |  1  | 1  |  0  | 1  | 0  | 0x00   | 0xa3   |  0   |   0  |  0   |  0   |  0   |  0   | 0x00   | 0x00   |
# +----------+-------+-----+----+-----+----+----+--------+--------+------+------+------+------+------+------+--------+--------+
# UVM_INFO ../tb/env/reference_model.sv(158) @ 1055000: reporter [FIFO_REF] Reference model transaction[106]
# +----------+-------+-----+----+-----+----+----+--------+--------+------+------+------+------+------+------+--------+--------+
# | SRC      | IDX   | RST | CS | REG | WR | RD | ADDR   | DATAIN | FULL | EMPTY| ALMF | ALME | OVFL | UDFL | DOUT   | RDATA  |
# +----------+-------+-----+----+-----+----+----+--------+--------+------+------+------+------+------+------+--------+--------+
# | REF_IN   | 106   |  1  | 1  |  0  | 1  | 0  | 0x00   | 0xa3   |  0   |   0  |  1   |  0   |  0   |  0   | 0x02   | 0x00   |
# | REF_OUT  | 106   |  1  | 1  |  0  | 1  | 0  | 0x00   | 0xa3   |  0   |   0  |  1   |  0   |  0   |  0   | 0x02   | 0x00   |
# +----------+-------+-----+----+-----+----+----+--------+--------+------+------+------+------+------+------+--------+--------+
# State: old_occ=6 new_occ=7 af=6 ae=4 fill=6 clr_pulse=0
# UVM_INFO ../tb/env/scoreboard.sv(71) @ 1055000: uvm_test_top.env_h.scoreboard_h [FIFO_SB_CMP] Scoreboard compare[106]
# +----------+-------+-----+----+-----+----+----+--------+--------+------+------+------+------+------+------+--------+--------+
# | SRC      | IDX   | RST | CS | REG | WR | RD | ADDR   | DATAIN | FULL | EMPTY| ALMF | ALME | OVFL | UDFL | DOUT   | RDATA  |
# +----------+-------+-----+----+-----+----+----+--------+--------+------+------+------+------+------+------+--------+--------+
# | OBS      | 106   |  1  | 1  |  0  | 1  | 0  | 0x00   | 0xa3   |  0   |   0  |  1   |  0   |  0   |  0   | 0x02   | 0x00   |
# | EXP      | 106   |  1  | 1  |  0  | 1  | 0  | 0x00   | 0xa3   |  0   |   0  |  1   |  0   |  0   |  0   | 0x02   | 0x00   |
# +----------+-------+-----+----+-----+----+----+--------+--------+------+------+------+------+------+------+--------+--------+
# Result: PASS | pass_count=106 fail_count=0
# UVM_INFO ../tb/agent/read_monitor.sv(44) @ 1055000: uvm_test_top.env_h.agent_h.monitor_h [FIFO_MON] Monitor transaction[106]
# +----------+-------+-----+----+-----+----+----+--------+--------+------+------+------+------+------+------+--------+--------+
# | SRC      | IDX   | RST | CS | REG | WR | RD | ADDR   | DATAIN | FULL | EMPTY| ALMF | ALME | OVFL | UDFL | DOUT   | RDATA  |
# +----------+-------+-----+----+-----+----+----+--------+--------+------+------+------+------+------+------+--------+--------+
# | MON      | 106   |  1  | 1  |  0  | 1  | 0  | 0x00   | 0xa3   |  0   |   0  |  1   |  0   |  0   |  0   | 0x02   | 0x00   |
# +----------+-------+-----+----+-----+----+----+--------+--------+------+------+------+------+------+------+--------+--------+
# UVM_INFO ../tb/agent/write_drv.sv(33) @ 1060000: uvm_test_top.env_h.agent_h.driver_h [FIFO_DRV] Driver transaction[107]
# +----------+-------+-----+----+-----+----+----+--------+--------+------+------+------+------+------+------+--------+--------+
# | SRC      | IDX   | RST | CS | REG | WR | RD | ADDR   | DATAIN | FULL | EMPTY| ALMF | ALME | OVFL | UDFL | DOUT   | RDATA  |
# +----------+-------+-----+----+-----+----+----+--------+--------+------+------+------+------+------+------+--------+--------+
# | DRV      | 107   |  1  | 1  |  0  | 0  | 0  | 0x00   | 0x06   |  0   |   0  |  0   |  0   |  0   |  0   | 0x00   | 0x00   |
# +----------+-------+-----+----+-----+----+----+--------+--------+------+------+------+------+------+------+--------+--------+
# UVM_INFO ../tb/env/reference_model.sv(158) @ 1065000: reporter [FIFO_REF] Reference model transaction[107]
# +----------+-------+-----+----+-----+----+----+--------+--------+------+------+------+------+------+------+--------+--------+
# | SRC      | IDX   | RST | CS | REG | WR | RD | ADDR   | DATAIN | FULL | EMPTY| ALMF | ALME | OVFL | UDFL | DOUT   | RDATA  |
# +----------+-------+-----+----+-----+----+----+--------+--------+------+------+------+------+------+------+--------+--------+
# | REF_IN   | 107   |  1  | 1  |  0  | 0  | 0  | 0x00   | 0x06   |  0   |   0  |  1   |  0   |  0   |  0   | 0x02   | 0x00   |
# | REF_OUT  | 107   |  1  | 1  |  0  | 0  | 0  | 0x00   | 0x06   |  0   |   0  |  1   |  0   |  0   |  0   | 0x02   | 0x00   |
# +----------+-------+-----+----+-----+----+----+--------+--------+------+------+------+------+------+------+--------+--------+
# State: old_occ=7 new_occ=7 af=6 ae=4 fill=7 clr_pulse=0
# UVM_INFO ../tb/env/scoreboard.sv(71) @ 1065000: uvm_test_top.env_h.scoreboard_h [FIFO_SB_CMP] Scoreboard compare[107]
# +----------+-------+-----+----+-----+----+----+--------+--------+------+------+------+------+------+------+--------+--------+
# | SRC      | IDX   | RST | CS | REG | WR | RD | ADDR   | DATAIN | FULL | EMPTY| ALMF | ALME | OVFL | UDFL | DOUT   | RDATA  |
# +----------+-------+-----+----+-----+----+----+--------+--------+------+------+------+------+------+------+--------+--------+
# | OBS      | 107   |  1  | 1  |  0  | 0  | 0  | 0x00   | 0x06   |  0   |   0  |  1   |  0   |  0   |  0   | 0x02   | 0x00   |
# | EXP      | 107   |  1  | 1  |  0  | 0  | 0  | 0x00   | 0x06   |  0   |   0  |  1   |  0   |  0   |  0   | 0x02   | 0x00   |
# +----------+-------+-----+----+-----+----+----+--------+--------+------+------+------+------+------+------+--------+--------+
# Result: PASS | pass_count=107 fail_count=0
# UVM_INFO ../tb/agent/read_monitor.sv(44) @ 1065000: uvm_test_top.env_h.agent_h.monitor_h [FIFO_MON] Monitor transaction[107]
# +----------+-------+-----+----+-----+----+----+--------+--------+------+------+------+------+------+------+--------+--------+
# | SRC      | IDX   | RST | CS | REG | WR | RD | ADDR   | DATAIN | FULL | EMPTY| ALMF | ALME | OVFL | UDFL | DOUT   | RDATA  |
# +----------+-------+-----+----+-----+----+----+--------+--------+------+------+------+------+------+------+--------+--------+
# | MON      | 107   |  1  | 1  |  0  | 0  | 0  | 0x00   | 0x06   |  0   |   0  |  1   |  0   |  0   |  0   | 0x02   | 0x00   |
# +----------+-------+-----+----+-----+----+----+--------+--------+------+------+------+------+------+------+--------+--------+
# UVM_INFO ../tb/agent/write_drv.sv(33) @ 1070000: uvm_test_top.env_h.agent_h.driver_h [FIFO_DRV] Driver transaction[108]
# +----------+-------+-----+----+-----+----+----+--------+--------+------+------+------+------+------+------+--------+--------+
# | SRC      | IDX   | RST | CS | REG | WR | RD | ADDR   | DATAIN | FULL | EMPTY| ALMF | ALME | OVFL | UDFL | DOUT   | RDATA  |
# +----------+-------+-----+----+-----+----+----+--------+--------+------+------+------+------+------+------+--------+--------+
# | DRV      | 108   |  1  | 1  |  0  | 1  | 0  | 0x00   | 0x7a   |  0   |   0  |  0   |  0   |  0   |  0   | 0x00   | 0x00   |
# +----------+-------+-----+----+-----+----+----+--------+--------+------+------+------+------+------+------+--------+--------+
# UVM_INFO ../tb/env/reference_model.sv(158) @ 1075000: reporter [FIFO_REF] Reference model transaction[108]
# +----------+-------+-----+----+-----+----+----+--------+--------+------+------+------+------+------+------+--------+--------+
# | SRC      | IDX   | RST | CS | REG | WR | RD | ADDR   | DATAIN | FULL | EMPTY| ALMF | ALME | OVFL | UDFL | DOUT   | RDATA  |
# +----------+-------+-----+----+-----+----+----+--------+--------+------+------+------+------+------+------+--------+--------+
# | REF_IN   | 108   |  1  | 1  |  0  | 1  | 0  | 0x00   | 0x7a   |  0   |   0  |  1   |  0   |  0   |  0   | 0x02   | 0x00   |
# | REF_OUT  | 108   |  1  | 1  |  0  | 1  | 0  | 0x00   | 0x7a   |  0   |   0  |  1   |  0   |  0   |  0   | 0x02   | 0x00   |
# +----------+-------+-----+----+-----+----+----+--------+--------+------+------+------+------+------+------+--------+--------+
# State: old_occ=7 new_occ=8 af=6 ae=4 fill=7 clr_pulse=0
# UVM_INFO ../tb/env/scoreboard.sv(71) @ 1075000: uvm_test_top.env_h.scoreboard_h [FIFO_SB_CMP] Scoreboard compare[108]
# +----------+-------+-----+----+-----+----+----+--------+--------+------+------+------+------+------+------+--------+--------+
# | SRC      | IDX   | RST | CS | REG | WR | RD | ADDR   | DATAIN | FULL | EMPTY| ALMF | ALME | OVFL | UDFL | DOUT   | RDATA  |
# +----------+-------+-----+----+-----+----+----+--------+--------+------+------+------+------+------+------+--------+--------+
# | OBS      | 108   |  1  | 1  |  0  | 1  | 0  | 0x00   | 0x7a   |  0   |   0  |  1   |  0   |  0   |  0   | 0x02   | 0x00   |
# | EXP      | 108   |  1  | 1  |  0  | 1  | 0  | 0x00   | 0x7a   |  0   |   0  |  1   |  0   |  0   |  0   | 0x02   | 0x00   |
# +----------+-------+-----+----+-----+----+----+--------+--------+------+------+------+------+------+------+--------+--------+
# Result: PASS | pass_count=108 fail_count=0
# UVM_INFO ../tb/agent/read_monitor.sv(44) @ 1075000: uvm_test_top.env_h.agent_h.monitor_h [FIFO_MON] Monitor transaction[108]
# +----------+-------+-----+----+-----+----+----+--------+--------+------+------+------+------+------+------+--------+--------+
# | SRC      | IDX   | RST | CS | REG | WR | RD | ADDR   | DATAIN | FULL | EMPTY| ALMF | ALME | OVFL | UDFL | DOUT   | RDATA  |
# +----------+-------+-----+----+-----+----+----+--------+--------+------+------+------+------+------+------+--------+--------+
# | MON      | 108   |  1  | 1  |  0  | 1  | 0  | 0x00   | 0x7a   |  0   |   0  |  1   |  0   |  0   |  0   | 0x02   | 0x00   |
# +----------+-------+-----+----+-----+----+----+--------+--------+------+------+------+------+------+------+--------+--------+
# UVM_INFO ../tb/agent/write_drv.sv(33) @ 1080000: uvm_test_top.env_h.agent_h.driver_h [FIFO_DRV] Driver transaction[109]
# +----------+-------+-----+----+-----+----+----+--------+--------+------+------+------+------+------+------+--------+--------+
# | SRC      | IDX   | RST | CS | REG | WR | RD | ADDR   | DATAIN | FULL | EMPTY| ALMF | ALME | OVFL | UDFL | DOUT   | RDATA  |
# +----------+-------+-----+----+-----+----+----+--------+--------+------+------+------+------+------+------+--------+--------+
# | DRV      | 109   |  1  | 1  |  0  | 1  | 0  | 0x00   | 0x58   |  0   |   0  |  0   |  0   |  0   |  0   | 0x00   | 0x00   |
# +----------+-------+-----+----+-----+----+----+--------+--------+------+------+------+------+------+------+--------+--------+
# UVM_INFO ../tb/env/reference_model.sv(158) @ 1085000: reporter [FIFO_REF] Reference model transaction[109]
# +----------+-------+-----+----+-----+----+----+--------+--------+------+------+------+------+------+------+--------+--------+
# | SRC      | IDX   | RST | CS | REG | WR | RD | ADDR   | DATAIN | FULL | EMPTY| ALMF | ALME | OVFL | UDFL | DOUT   | RDATA  |
# +----------+-------+-----+----+-----+----+----+--------+--------+------+------+------+------+------+------+--------+--------+
# | REF_IN   | 109   |  1  | 1  |  0  | 1  | 0  | 0x00   | 0x58   |  0   |   0  |  1   |  0   |  0   |  0   | 0x02   | 0x00   |
# | REF_OUT  | 109   |  1  | 1  |  0  | 1  | 0  | 0x00   | 0x58   |  0   |   0  |  1   |  0   |  0   |  0   | 0x02   | 0x00   |
# +----------+-------+-----+----+-----+----+----+--------+--------+------+------+------+------+------+------+--------+--------+
# State: old_occ=8 new_occ=9 af=6 ae=4 fill=8 clr_pulse=0
# UVM_INFO ../tb/env/scoreboard.sv(71) @ 1085000: uvm_test_top.env_h.scoreboard_h [FIFO_SB_CMP] Scoreboard compare[109]
# +----------+-------+-----+----+-----+----+----+--------+--------+------+------+------+------+------+------+--------+--------+
# | SRC      | IDX   | RST | CS | REG | WR | RD | ADDR   | DATAIN | FULL | EMPTY| ALMF | ALME | OVFL | UDFL | DOUT   | RDATA  |
# +----------+-------+-----+----+-----+----+----+--------+--------+------+------+------+------+------+------+--------+--------+
# | OBS      | 109   |  1  | 1  |  0  | 1  | 0  | 0x00   | 0x58   |  0   |   0  |  1   |  0   |  0   |  0   | 0x02   | 0x00   |
# | EXP      | 109   |  1  | 1  |  0  | 1  | 0  | 0x00   | 0x58   |  0   |   0  |  1   |  0   |  0   |  0   | 0x02   | 0x00   |
# +----------+-------+-----+----+-----+----+----+--------+--------+------+------+------+------+------+------+--------+--------+
# Result: PASS | pass_count=109 fail_count=0
# UVM_INFO ../tb/agent/read_monitor.sv(44) @ 1085000: uvm_test_top.env_h.agent_h.monitor_h [FIFO_MON] Monitor transaction[109]
# +----------+-------+-----+----+-----+----+----+--------+--------+------+------+------+------+------+------+--------+--------+
# | SRC      | IDX   | RST | CS | REG | WR | RD | ADDR   | DATAIN | FULL | EMPTY| ALMF | ALME | OVFL | UDFL | DOUT   | RDATA  |
# +----------+-------+-----+----+-----+----+----+--------+--------+------+------+------+------+------+------+--------+--------+
# | MON      | 109   |  1  | 1  |  0  | 1  | 0  | 0x00   | 0x58   |  0   |   0  |  1   |  0   |  0   |  0   | 0x02   | 0x00   |
# +----------+-------+-----+----+-----+----+----+--------+--------+------+------+------+------+------+------+--------+--------+
# UVM_INFO ../tb/agent/write_drv.sv(33) @ 1090000: uvm_test_top.env_h.agent_h.driver_h [FIFO_DRV] Driver transaction[110]
# +----------+-------+-----+----+-----+----+----+--------+--------+------+------+------+------+------+------+--------+--------+
# | SRC      | IDX   | RST | CS | REG | WR | RD | ADDR   | DATAIN | FULL | EMPTY| ALMF | ALME | OVFL | UDFL | DOUT   | RDATA  |
# +----------+-------+-----+----+-----+----+----+--------+--------+------+------+------+------+------+------+--------+--------+
# | DRV      | 110   |  1  | 0  |  0  | 0  | 0  | 0x00   | 0x05   |  0   |   0  |  0   |  0   |  0   |  0   | 0x00   | 0x00   |
# +----------+-------+-----+----+-----+----+----+--------+--------+------+------+------+------+------+------+--------+--------+
# UVM_INFO ../tb/env/reference_model.sv(158) @ 1095000: reporter [FIFO_REF] Reference model transaction[110]
# +----------+-------+-----+----+-----+----+----+--------+--------+------+------+------+------+------+------+--------+--------+
# | SRC      | IDX   | RST | CS | REG | WR | RD | ADDR   | DATAIN | FULL | EMPTY| ALMF | ALME | OVFL | UDFL | DOUT   | RDATA  |
# +----------+-------+-----+----+-----+----+----+--------+--------+------+------+------+------+------+------+--------+--------+
# | REF_IN   | 110   |  1  | 0  |  0  | 0  | 0  | 0x00   | 0x05   |  0   |   0  |  1   |  0   |  0   |  0   | 0x02   | 0x00   |
# | REF_OUT  | 110   |  1  | 0  |  0  | 0  | 0  | 0x00   | 0x05   |  0   |   0  |  1   |  0   |  0   |  0   | 0x02   | 0x00   |
# +----------+-------+-----+----+-----+----+----+--------+--------+------+------+------+------+------+------+--------+--------+
# State: old_occ=9 new_occ=9 af=6 ae=4 fill=8 clr_pulse=0
# UVM_INFO ../tb/env/scoreboard.sv(71) @ 1095000: uvm_test_top.env_h.scoreboard_h [FIFO_SB_CMP] Scoreboard compare[110]
# +----------+-------+-----+----+-----+----+----+--------+--------+------+------+------+------+------+------+--------+--------+
# | SRC      | IDX   | RST | CS | REG | WR | RD | ADDR   | DATAIN | FULL | EMPTY| ALMF | ALME | OVFL | UDFL | DOUT   | RDATA  |
# +----------+-------+-----+----+-----+----+----+--------+--------+------+------+------+------+------+------+--------+--------+
# | OBS      | 110   |  1  | 0  |  0  | 0  | 0  | 0x00   | 0x05   |  0   |   0  |  1   |  0   |  0   |  0   | 0x02   | 0x00   |
# | EXP      | 110   |  1  | 0  |  0  | 0  | 0  | 0x00   | 0x05   |  0   |   0  |  1   |  0   |  0   |  0   | 0x02   | 0x00   |
# +----------+-------+-----+----+-----+----+----+--------+--------+------+------+------+------+------+------+--------+--------+
# Result: PASS | pass_count=110 fail_count=0
# UVM_INFO ../tb/agent/read_monitor.sv(44) @ 1095000: uvm_test_top.env_h.agent_h.monitor_h [FIFO_MON] Monitor transaction[110]
# +----------+-------+-----+----+-----+----+----+--------+--------+------+------+------+------+------+------+--------+--------+
# | SRC      | IDX   | RST | CS | REG | WR | RD | ADDR   | DATAIN | FULL | EMPTY| ALMF | ALME | OVFL | UDFL | DOUT   | RDATA  |
# +----------+-------+-----+----+-----+----+----+--------+--------+------+------+------+------+------+------+--------+--------+
# | MON      | 110   |  1  | 0  |  0  | 0  | 0  | 0x00   | 0x05   |  0   |   0  |  1   |  0   |  0   |  0   | 0x02   | 0x00   |
# +----------+-------+-----+----+-----+----+----+--------+--------+------+------+------+------+------+------+--------+--------+
# UVM_INFO ../tb/agent/write_drv.sv(33) @ 1100000: uvm_test_top.env_h.agent_h.driver_h [FIFO_DRV] Driver transaction[111]
# +----------+-------+-----+----+-----+----+----+--------+--------+------+------+------+------+------+------+--------+--------+
# | SRC      | IDX   | RST | CS | REG | WR | RD | ADDR   | DATAIN | FULL | EMPTY| ALMF | ALME | OVFL | UDFL | DOUT   | RDATA  |
# +----------+-------+-----+----+-----+----+----+--------+--------+------+------+------+------+------+------+--------+--------+
# | DRV      | 111   |  1  | 1  |  0  | 0  | 1  | 0x00   | 0x9d   |  0   |   0  |  0   |  0   |  0   |  0   | 0x00   | 0x00   |
# +----------+-------+-----+----+-----+----+----+--------+--------+------+------+------+------+------+------+--------+--------+
# UVM_INFO ../tb/env/reference_model.sv(158) @ 1105000: reporter [FIFO_REF] Reference model transaction[111]
# +----------+-------+-----+----+-----+----+----+--------+--------+------+------+------+------+------+------+--------+--------+
# | SRC      | IDX   | RST | CS | REG | WR | RD | ADDR   | DATAIN | FULL | EMPTY| ALMF | ALME | OVFL | UDFL | DOUT   | RDATA  |
# +----------+-------+-----+----+-----+----+----+--------+--------+------+------+------+------+------+------+--------+--------+
# | REF_IN   | 111   |  1  | 1  |  0  | 0  | 1  | 0x00   | 0x9d   |  0   |   0  |  1   |  0   |  0   |  0   | 0xbe   | 0x00   |
# | REF_OUT  | 111   |  1  | 1  |  0  | 0  | 1  | 0x00   | 0x9d   |  0   |   0  |  1   |  0   |  0   |  0   | 0xbe   | 0x00   |
# +----------+-------+-----+----+-----+----+----+--------+--------+------+------+------+------+------+------+--------+--------+
# State: old_occ=9 new_occ=8 af=6 ae=4 fill=9 clr_pulse=0
# UVM_INFO ../tb/env/scoreboard.sv(71) @ 1105000: uvm_test_top.env_h.scoreboard_h [FIFO_SB_CMP] Scoreboard compare[111]
# +----------+-------+-----+----+-----+----+----+--------+--------+------+------+------+------+------+------+--------+--------+
# | SRC      | IDX   | RST | CS | REG | WR | RD | ADDR   | DATAIN | FULL | EMPTY| ALMF | ALME | OVFL | UDFL | DOUT   | RDATA  |
# +----------+-------+-----+----+-----+----+----+--------+--------+------+------+------+------+------+------+--------+--------+
# | OBS      | 111   |  1  | 1  |  0  | 0  | 1  | 0x00   | 0x9d   |  0   |   0  |  1   |  0   |  0   |  0   | 0xbe   | 0x00   |
# | EXP      | 111   |  1  | 1  |  0  | 0  | 1  | 0x00   | 0x9d   |  0   |   0  |  1   |  0   |  0   |  0   | 0xbe   | 0x00   |
# +----------+-------+-----+----+-----+----+----+--------+--------+------+------+------+------+------+------+--------+--------+
# Result: PASS | pass_count=111 fail_count=0
# UVM_INFO ../tb/agent/read_monitor.sv(44) @ 1105000: uvm_test_top.env_h.agent_h.monitor_h [FIFO_MON] Monitor transaction[111]
# +----------+-------+-----+----+-----+----+----+--------+--------+------+------+------+------+------+------+--------+--------+
# | SRC      | IDX   | RST | CS | REG | WR | RD | ADDR   | DATAIN | FULL | EMPTY| ALMF | ALME | OVFL | UDFL | DOUT   | RDATA  |
# +----------+-------+-----+----+-----+----+----+--------+--------+------+------+------+------+------+------+--------+--------+
# | MON      | 111   |  1  | 1  |  0  | 0  | 1  | 0x00   | 0x9d   |  0   |   0  |  1   |  0   |  0   |  0   | 0xbe   | 0x00   |
# +----------+-------+-----+----+-----+----+----+--------+--------+------+------+------+------+------+------+--------+--------+
# UVM_INFO ../tb/agent/write_drv.sv(33) @ 1110000: uvm_test_top.env_h.agent_h.driver_h [FIFO_DRV] Driver transaction[112]
# +----------+-------+-----+----+-----+----+----+--------+--------+------+------+------+------+------+------+--------+--------+
# | SRC      | IDX   | RST | CS | REG | WR | RD | ADDR   | DATAIN | FULL | EMPTY| ALMF | ALME | OVFL | UDFL | DOUT   | RDATA  |
# +----------+-------+-----+----+-----+----+----+--------+--------+------+------+------+------+------+------+--------+--------+
# | DRV      | 112   |  1  | 1  |  0  | 0  | 0  | 0x00   | 0xb0   |  0   |   0  |  0   |  0   |  0   |  0   | 0x00   | 0x00   |
# +----------+-------+-----+----+-----+----+----+--------+--------+------+------+------+------+------+------+--------+--------+
# UVM_INFO ../tb/env/reference_model.sv(158) @ 1115000: reporter [FIFO_REF] Reference model transaction[112]
# +----------+-------+-----+----+-----+----+----+--------+--------+------+------+------+------+------+------+--------+--------+
# | SRC      | IDX   | RST | CS | REG | WR | RD | ADDR   | DATAIN | FULL | EMPTY| ALMF | ALME | OVFL | UDFL | DOUT   | RDATA  |
# +----------+-------+-----+----+-----+----+----+--------+--------+------+------+------+------+------+------+--------+--------+
# | REF_IN   | 112   |  1  | 1  |  0  | 0  | 0  | 0x00   | 0xb0   |  0   |   0  |  1   |  0   |  0   |  0   | 0xbe   | 0x00   |
# | REF_OUT  | 112   |  1  | 1  |  0  | 0  | 0  | 0x00   | 0xb0   |  0   |   0  |  1   |  0   |  0   |  0   | 0xbe   | 0x00   |
# +----------+-------+-----+----+-----+----+----+--------+--------+------+------+------+------+------+------+--------+--------+
# State: old_occ=8 new_occ=8 af=6 ae=4 fill=8 clr_pulse=0
# UVM_INFO ../tb/env/scoreboard.sv(71) @ 1115000: uvm_test_top.env_h.scoreboard_h [FIFO_SB_CMP] Scoreboard compare[112]
# +----------+-------+-----+----+-----+----+----+--------+--------+------+------+------+------+------+------+--------+--------+
# | SRC      | IDX   | RST | CS | REG | WR | RD | ADDR   | DATAIN | FULL | EMPTY| ALMF | ALME | OVFL | UDFL | DOUT   | RDATA  |
# +----------+-------+-----+----+-----+----+----+--------+--------+------+------+------+------+------+------+--------+--------+
# | OBS      | 112   |  1  | 1  |  0  | 0  | 0  | 0x00   | 0xb0   |  0   |   0  |  1   |  0   |  0   |  0   | 0xbe   | 0x00   |
# | EXP      | 112   |  1  | 1  |  0  | 0  | 0  | 0x00   | 0xb0   |  0   |   0  |  1   |  0   |  0   |  0   | 0xbe   | 0x00   |
# +----------+-------+-----+----+-----+----+----+--------+--------+------+------+------+------+------+------+--------+--------+
# Result: PASS | pass_count=112 fail_count=0
# UVM_INFO ../tb/agent/read_monitor.sv(44) @ 1115000: uvm_test_top.env_h.agent_h.monitor_h [FIFO_MON] Monitor transaction[112]
# +----------+-------+-----+----+-----+----+----+--------+--------+------+------+------+------+------+------+--------+--------+
# | SRC      | IDX   | RST | CS | REG | WR | RD | ADDR   | DATAIN | FULL | EMPTY| ALMF | ALME | OVFL | UDFL | DOUT   | RDATA  |
# +----------+-------+-----+----+-----+----+----+--------+--------+------+------+------+------+------+------+--------+--------+
# | MON      | 112   |  1  | 1  |  0  | 0  | 0  | 0x00   | 0xb0   |  0   |   0  |  1   |  0   |  0   |  0   | 0xbe   | 0x00   |
# +----------+-------+-----+----+-----+----+----+--------+--------+------+------+------+------+------+------+--------+--------+
# UVM_INFO ../tb/agent/write_drv.sv(33) @ 1120000: uvm_test_top.env_h.agent_h.driver_h [FIFO_DRV] Driver transaction[113]
# +----------+-------+-----+----+-----+----+----+--------+--------+------+------+------+------+------+------+--------+--------+
# | SRC      | IDX   | RST | CS | REG | WR | RD | ADDR   | DATAIN | FULL | EMPTY| ALMF | ALME | OVFL | UDFL | DOUT   | RDATA  |
# +----------+-------+-----+----+-----+----+----+--------+--------+------+------+------+------+------+------+--------+--------+
# | DRV      | 113   |  1  | 1  |  0  | 0  | 1  | 0x00   | 0x91   |  0   |   0  |  0   |  0   |  0   |  0   | 0x00   | 0x00   |
# +----------+-------+-----+----+-----+----+----+--------+--------+------+------+------+------+------+------+--------+--------+
# UVM_INFO ../tb/env/reference_model.sv(158) @ 1125000: reporter [FIFO_REF] Reference model transaction[113]
# +----------+-------+-----+----+-----+----+----+--------+--------+------+------+------+------+------+------+--------+--------+
# | SRC      | IDX   | RST | CS | REG | WR | RD | ADDR   | DATAIN | FULL | EMPTY| ALMF | ALME | OVFL | UDFL | DOUT   | RDATA  |
# +----------+-------+-----+----+-----+----+----+--------+--------+------+------+------+------+------+------+--------+--------+
# | REF_IN   | 113   |  1  | 1  |  0  | 0  | 1  | 0x00   | 0x91   |  0   |   0  |  1   |  0   |  0   |  0   | 0x52   | 0x00   |
# | REF_OUT  | 113   |  1  | 1  |  0  | 0  | 1  | 0x00   | 0x91   |  0   |   0  |  1   |  0   |  0   |  0   | 0x52   | 0x00   |
# +----------+-------+-----+----+-----+----+----+--------+--------+------+------+------+------+------+------+--------+--------+
# State: old_occ=8 new_occ=7 af=6 ae=4 fill=8 clr_pulse=0
# UVM_INFO ../tb/env/scoreboard.sv(71) @ 1125000: uvm_test_top.env_h.scoreboard_h [FIFO_SB_CMP] Scoreboard compare[113]
# +----------+-------+-----+----+-----+----+----+--------+--------+------+------+------+------+------+------+--------+--------+
# | SRC      | IDX   | RST | CS | REG | WR | RD | ADDR   | DATAIN | FULL | EMPTY| ALMF | ALME | OVFL | UDFL | DOUT   | RDATA  |
# +----------+-------+-----+----+-----+----+----+--------+--------+------+------+------+------+------+------+--------+--------+
# | OBS      | 113   |  1  | 1  |  0  | 0  | 1  | 0x00   | 0x91   |  0   |   0  |  1   |  0   |  0   |  0   | 0x52   | 0x00   |
# | EXP      | 113   |  1  | 1  |  0  | 0  | 1  | 0x00   | 0x91   |  0   |   0  |  1   |  0   |  0   |  0   | 0x52   | 0x00   |
# +----------+-------+-----+----+-----+----+----+--------+--------+------+------+------+------+------+------+--------+--------+
# Result: PASS | pass_count=113 fail_count=0
# UVM_INFO ../tb/agent/read_monitor.sv(44) @ 1125000: uvm_test_top.env_h.agent_h.monitor_h [FIFO_MON] Monitor transaction[113]
# +----------+-------+-----+----+-----+----+----+--------+--------+------+------+------+------+------+------+--------+--------+
# | SRC      | IDX   | RST | CS | REG | WR | RD | ADDR   | DATAIN | FULL | EMPTY| ALMF | ALME | OVFL | UDFL | DOUT   | RDATA  |
# +----------+-------+-----+----+-----+----+----+--------+--------+------+------+------+------+------+------+--------+--------+
# | MON      | 113   |  1  | 1  |  0  | 0  | 1  | 0x00   | 0x91   |  0   |   0  |  1   |  0   |  0   |  0   | 0x52   | 0x00   |
# +----------+-------+-----+----+-----+----+----+--------+--------+------+------+------+------+------+------+--------+--------+
# UVM_INFO ../tb/agent/write_drv.sv(33) @ 1130000: uvm_test_top.env_h.agent_h.driver_h [FIFO_DRV] Driver transaction[114]
# +----------+-------+-----+----+-----+----+----+--------+--------+------+------+------+------+------+------+--------+--------+
# | SRC      | IDX   | RST | CS | REG | WR | RD | ADDR   | DATAIN | FULL | EMPTY| ALMF | ALME | OVFL | UDFL | DOUT   | RDATA  |
# +----------+-------+-----+----+-----+----+----+--------+--------+------+------+------+------+------+------+--------+--------+
# | DRV      | 114   |  1  | 1  |  1  | 0  | 0  | 0x20   | 0x50   |  0   |   0  |  0   |  0   |  0   |  0   | 0x00   | 0x00   |
# +----------+-------+-----+----+-----+----+----+--------+--------+------+------+------+------+------+------+--------+--------+
# UVM_INFO ../tb/env/reference_model.sv(158) @ 1135000: reporter [FIFO_REF] Reference model transaction[114]
# +----------+-------+-----+----+-----+----+----+--------+--------+------+------+------+------+------+------+--------+--------+
# | SRC      | IDX   | RST | CS | REG | WR | RD | ADDR   | DATAIN | FULL | EMPTY| ALMF | ALME | OVFL | UDFL | DOUT   | RDATA  |
# +----------+-------+-----+----+-----+----+----+--------+--------+------+------+------+------+------+------+--------+--------+
# | REF_IN   | 114   |  1  | 1  |  1  | 0  | 0  | 0x20   | 0x50   |  0   |   0  |  1   |  0   |  0   |  0   | 0x52   | 0x00   |
# | REF_OUT  | 114   |  1  | 1  |  1  | 0  | 0  | 0x20   | 0x50   |  0   |   0  |  1   |  0   |  0   |  0   | 0x52   | 0x00   |
# +----------+-------+-----+----+-----+----+----+--------+--------+------+------+------+------+------+------+--------+--------+
# State: old_occ=7 new_occ=7 af=6 ae=4 fill=7 clr_pulse=0
# UVM_INFO ../tb/env/scoreboard.sv(71) @ 1135000: uvm_test_top.env_h.scoreboard_h [FIFO_SB_CMP] Scoreboard compare[114]
# +----------+-------+-----+----+-----+----+----+--------+--------+------+------+------+------+------+------+--------+--------+
# | SRC      | IDX   | RST | CS | REG | WR | RD | ADDR   | DATAIN | FULL | EMPTY| ALMF | ALME | OVFL | UDFL | DOUT   | RDATA  |
# +----------+-------+-----+----+-----+----+----+--------+--------+------+------+------+------+------+------+--------+--------+
# | OBS      | 114   |  1  | 1  |  1  | 0  | 0  | 0x20   | 0x50   |  0   |   0  |  1   |  0   |  0   |  0   | 0x52   | 0x00   |
# | EXP      | 114   |  1  | 1  |  1  | 0  | 0  | 0x20   | 0x50   |  0   |   0  |  1   |  0   |  0   |  0   | 0x52   | 0x00   |
# +----------+-------+-----+----+-----+----+----+--------+--------+------+------+------+------+------+------+--------+--------+
# Result: PASS | pass_count=114 fail_count=0
# UVM_INFO ../tb/agent/read_monitor.sv(44) @ 1135000: uvm_test_top.env_h.agent_h.monitor_h [FIFO_MON] Monitor transaction[114]
# +----------+-------+-----+----+-----+----+----+--------+--------+------+------+------+------+------+------+--------+--------+
# | SRC      | IDX   | RST | CS | REG | WR | RD | ADDR   | DATAIN | FULL | EMPTY| ALMF | ALME | OVFL | UDFL | DOUT   | RDATA  |
# +----------+-------+-----+----+-----+----+----+--------+--------+------+------+------+------+------+------+--------+--------+
# | MON      | 114   |  1  | 1  |  1  | 0  | 0  | 0x20   | 0x50   |  0   |   0  |  1   |  0   |  0   |  0   | 0x52   | 0x00   |
# +----------+-------+-----+----+-----+----+----+--------+--------+------+------+------+------+------+------+--------+--------+
# UVM_INFO ../tb/agent/write_drv.sv(33) @ 1140000: uvm_test_top.env_h.agent_h.driver_h [FIFO_DRV] Driver transaction[115]
# +----------+-------+-----+----+-----+----+----+--------+--------+------+------+------+------+------+------+--------+--------+
# | SRC      | IDX   | RST | CS | REG | WR | RD | ADDR   | DATAIN | FULL | EMPTY| ALMF | ALME | OVFL | UDFL | DOUT   | RDATA  |
# +----------+-------+-----+----+-----+----+----+--------+--------+------+------+------+------+------+------+--------+--------+
# | DRV      | 115   |  1  | 1  |  1  | 0  | 0  | 0x14   | 0x03   |  0   |   0  |  0   |  0   |  0   |  0   | 0x00   | 0x00   |
# +----------+-------+-----+----+-----+----+----+--------+--------+------+------+------+------+------+------+--------+--------+
# UVM_INFO ../tb/env/reference_model.sv(158) @ 1145000: reporter [FIFO_REF] Reference model transaction[115]
# +----------+-------+-----+----+-----+----+----+--------+--------+------+------+------+------+------+------+--------+--------+
# | SRC      | IDX   | RST | CS | REG | WR | RD | ADDR   | DATAIN | FULL | EMPTY| ALMF | ALME | OVFL | UDFL | DOUT   | RDATA  |
# +----------+-------+-----+----+-----+----+----+--------+--------+------+------+------+------+------+------+--------+--------+
# | REF_IN   | 115   |  1  | 1  |  1  | 0  | 0  | 0x14   | 0x03   |  0   |   0  |  1   |  0   |  0   |  0   | 0x52   | 0x00   |
# | REF_OUT  | 115   |  1  | 1  |  1  | 0  | 0  | 0x14   | 0x03   |  0   |   0  |  1   |  0   |  0   |  0   | 0x52   | 0x00   |
# +----------+-------+-----+----+-----+----+----+--------+--------+------+------+------+------+------+------+--------+--------+
# State: old_occ=7 new_occ=7 af=6 ae=4 fill=7 clr_pulse=0
# UVM_INFO ../tb/env/scoreboard.sv(71) @ 1145000: uvm_test_top.env_h.scoreboard_h [FIFO_SB_CMP] Scoreboard compare[115]
# +----------+-------+-----+----+-----+----+----+--------+--------+------+------+------+------+------+------+--------+--------+
# | SRC      | IDX   | RST | CS | REG | WR | RD | ADDR   | DATAIN | FULL | EMPTY| ALMF | ALME | OVFL | UDFL | DOUT   | RDATA  |
# +----------+-------+-----+----+-----+----+----+--------+--------+------+------+------+------+------+------+--------+--------+
# | OBS      | 115   |  1  | 1  |  1  | 0  | 0  | 0x14   | 0x03   |  0   |   0  |  1   |  0   |  0   |  0   | 0x52   | 0x00   |
# | EXP      | 115   |  1  | 1  |  1  | 0  | 0  | 0x14   | 0x03   |  0   |   0  |  1   |  0   |  0   |  0   | 0x52   | 0x00   |
# +----------+-------+-----+----+-----+----+----+--------+--------+------+------+------+------+------+------+--------+--------+
# Result: PASS | pass_count=115 fail_count=0
# UVM_INFO ../tb/agent/read_monitor.sv(44) @ 1145000: uvm_test_top.env_h.agent_h.monitor_h [FIFO_MON] Monitor transaction[115]
# +----------+-------+-----+----+-----+----+----+--------+--------+------+------+------+------+------+------+--------+--------+
# | SRC      | IDX   | RST | CS | REG | WR | RD | ADDR   | DATAIN | FULL | EMPTY| ALMF | ALME | OVFL | UDFL | DOUT   | RDATA  |
# +----------+-------+-----+----+-----+----+----+--------+--------+------+------+------+------+------+------+--------+--------+
# | MON      | 115   |  1  | 1  |  1  | 0  | 0  | 0x14   | 0x03   |  0   |   0  |  1   |  0   |  0   |  0   | 0x52   | 0x00   |
# +----------+-------+-----+----+-----+----+----+--------+--------+------+------+------+------+------+------+--------+--------+
# UVM_INFO ../tb/agent/write_drv.sv(33) @ 1150000: uvm_test_top.env_h.agent_h.driver_h [FIFO_DRV] Driver transaction[116]
# +----------+-------+-----+----+-----+----+----+--------+--------+------+------+------+------+------+------+--------+--------+
# | SRC      | IDX   | RST | CS | REG | WR | RD | ADDR   | DATAIN | FULL | EMPTY| ALMF | ALME | OVFL | UDFL | DOUT   | RDATA  |
# +----------+-------+-----+----+-----+----+----+--------+--------+------+------+------+------+------+------+--------+--------+
# | DRV      | 116   |  1  | 1  |  0  | 1  | 1  | 0x00   | 0xc4   |  0   |   0  |  0   |  0   |  0   |  0   | 0x00   | 0x00   |
# +----------+-------+-----+----+-----+----+----+--------+--------+------+------+------+------+------+------+--------+--------+
# UVM_INFO ../tb/env/reference_model.sv(158) @ 1155000: reporter [FIFO_REF] Reference model transaction[116]
# +----------+-------+-----+----+-----+----+----+--------+--------+------+------+------+------+------+------+--------+--------+
# | SRC      | IDX   | RST | CS | REG | WR | RD | ADDR   | DATAIN | FULL | EMPTY| ALMF | ALME | OVFL | UDFL | DOUT   | RDATA  |
# +----------+-------+-----+----+-----+----+----+--------+--------+------+------+------+------+------+------+--------+--------+
# | REF_IN   | 116   |  1  | 1  |  0  | 1  | 1  | 0x00   | 0xc4   |  0   |   0  |  1   |  0   |  0   |  0   | 0x3a   | 0x00   |
# | REF_OUT  | 116   |  1  | 1  |  0  | 1  | 1  | 0x00   | 0xc4   |  0   |   0  |  1   |  0   |  0   |  0   | 0x3a   | 0x00   |
# +----------+-------+-----+----+-----+----+----+--------+--------+------+------+------+------+------+------+--------+--------+
# State: old_occ=7 new_occ=7 af=6 ae=4 fill=7 clr_pulse=0
# UVM_INFO ../tb/env/scoreboard.sv(71) @ 1155000: uvm_test_top.env_h.scoreboard_h [FIFO_SB_CMP] Scoreboard compare[116]
# +----------+-------+-----+----+-----+----+----+--------+--------+------+------+------+------+------+------+--------+--------+
# | SRC      | IDX   | RST | CS | REG | WR | RD | ADDR   | DATAIN | FULL | EMPTY| ALMF | ALME | OVFL | UDFL | DOUT   | RDATA  |
# +----------+-------+-----+----+-----+----+----+--------+--------+------+------+------+------+------+------+--------+--------+
# | OBS      | 116   |  1  | 1  |  0  | 1  | 1  | 0x00   | 0xc4   |  0   |   0  |  1   |  0   |  0   |  0   | 0x3a   | 0x00   |
# | EXP      | 116   |  1  | 1  |  0  | 1  | 1  | 0x00   | 0xc4   |  0   |   0  |  1   |  0   |  0   |  0   | 0x3a   | 0x00   |
# +----------+-------+-----+----+-----+----+----+--------+--------+------+------+------+------+------+------+--------+--------+
# Result: PASS | pass_count=116 fail_count=0
# UVM_INFO ../tb/agent/read_monitor.sv(44) @ 1155000: uvm_test_top.env_h.agent_h.monitor_h [FIFO_MON] Monitor transaction[116]
# +----------+-------+-----+----+-----+----+----+--------+--------+------+------+------+------+------+------+--------+--------+
# | SRC      | IDX   | RST | CS | REG | WR | RD | ADDR   | DATAIN | FULL | EMPTY| ALMF | ALME | OVFL | UDFL | DOUT   | RDATA  |
# +----------+-------+-----+----+-----+----+----+--------+--------+------+------+------+------+------+------+--------+--------+
# | MON      | 116   |  1  | 1  |  0  | 1  | 1  | 0x00   | 0xc4   |  0   |   0  |  1   |  0   |  0   |  0   | 0x3a   | 0x00   |
# +----------+-------+-----+----+-----+----+----+--------+--------+------+------+------+------+------+------+--------+--------+
# UVM_INFO ../tb/agent/write_drv.sv(33) @ 1160000: uvm_test_top.env_h.agent_h.driver_h [FIFO_DRV] Driver transaction[117]
# +----------+-------+-----+----+-----+----+----+--------+--------+------+------+------+------+------+------+--------+--------+
# | SRC      | IDX   | RST | CS | REG | WR | RD | ADDR   | DATAIN | FULL | EMPTY| ALMF | ALME | OVFL | UDFL | DOUT   | RDATA  |
# +----------+-------+-----+----+-----+----+----+--------+--------+------+------+------+------+------+------+--------+--------+
# | DRV      | 117   |  1  | 1  |  0  | 0  | 1  | 0x00   | 0x6e   |  0   |   0  |  0   |  0   |  0   |  0   | 0x00   | 0x00   |
# +----------+-------+-----+----+-----+----+----+--------+--------+------+------+------+------+------+------+--------+--------+
# UVM_INFO ../tb/env/reference_model.sv(158) @ 1165000: reporter [FIFO_REF] Reference model transaction[117]
# +----------+-------+-----+----+-----+----+----+--------+--------+------+------+------+------+------+------+--------+--------+
# | SRC      | IDX   | RST | CS | REG | WR | RD | ADDR   | DATAIN | FULL | EMPTY| ALMF | ALME | OVFL | UDFL | DOUT   | RDATA  |
# +----------+-------+-----+----+-----+----+----+--------+--------+------+------+------+------+------+------+--------+--------+
# | REF_IN   | 117   |  1  | 1  |  0  | 0  | 1  | 0x00   | 0x6e   |  0   |   0  |  1   |  0   |  0   |  0   | 0x32   | 0x00   |
# | REF_OUT  | 117   |  1  | 1  |  0  | 0  | 1  | 0x00   | 0x6e   |  0   |   0  |  1   |  0   |  0   |  0   | 0x32   | 0x00   |
# +----------+-------+-----+----+-----+----+----+--------+--------+------+------+------+------+------+------+--------+--------+
# State: old_occ=7 new_occ=6 af=6 ae=4 fill=7 clr_pulse=0
# UVM_INFO ../tb/env/scoreboard.sv(71) @ 1165000: uvm_test_top.env_h.scoreboard_h [FIFO_SB_CMP] Scoreboard compare[117]
# +----------+-------+-----+----+-----+----+----+--------+--------+------+------+------+------+------+------+--------+--------+
# | SRC      | IDX   | RST | CS | REG | WR | RD | ADDR   | DATAIN | FULL | EMPTY| ALMF | ALME | OVFL | UDFL | DOUT   | RDATA  |
# +----------+-------+-----+----+-----+----+----+--------+--------+------+------+------+------+------+------+--------+--------+
# | OBS      | 117   |  1  | 1  |  0  | 0  | 1  | 0x00   | 0x6e   |  0   |   0  |  1   |  0   |  0   |  0   | 0x32   | 0x00   |
# | EXP      | 117   |  1  | 1  |  0  | 0  | 1  | 0x00   | 0x6e   |  0   |   0  |  1   |  0   |  0   |  0   | 0x32   | 0x00   |
# +----------+-------+-----+----+-----+----+----+--------+--------+------+------+------+------+------+------+--------+--------+
# Result: PASS | pass_count=117 fail_count=0
# UVM_INFO ../tb/agent/read_monitor.sv(44) @ 1165000: uvm_test_top.env_h.agent_h.monitor_h [FIFO_MON] Monitor transaction[117]
# +----------+-------+-----+----+-----+----+----+--------+--------+------+------+------+------+------+------+--------+--------+
# | SRC      | IDX   | RST | CS | REG | WR | RD | ADDR   | DATAIN | FULL | EMPTY| ALMF | ALME | OVFL | UDFL | DOUT   | RDATA  |
# +----------+-------+-----+----+-----+----+----+--------+--------+------+------+------+------+------+------+--------+--------+
# | MON      | 117   |  1  | 1  |  0  | 0  | 1  | 0x00   | 0x6e   |  0   |   0  |  1   |  0   |  0   |  0   | 0x32   | 0x00   |
# +----------+-------+-----+----+-----+----+----+--------+--------+------+------+------+------+------+------+--------+--------+
# UVM_INFO ../tb/agent/write_drv.sv(33) @ 1170000: uvm_test_top.env_h.agent_h.driver_h [FIFO_DRV] Driver transaction[118]
# +----------+-------+-----+----+-----+----+----+--------+--------+------+------+------+------+------+------+--------+--------+
# | SRC      | IDX   | RST | CS | REG | WR | RD | ADDR   | DATAIN | FULL | EMPTY| ALMF | ALME | OVFL | UDFL | DOUT   | RDATA  |
# +----------+-------+-----+----+-----+----+----+--------+--------+------+------+------+------+------+------+--------+--------+
# | DRV      | 118   |  1  | 1  |  1  | 0  | 0  | 0x08   | 0xa3   |  0   |   0  |  0   |  0   |  0   |  0   | 0x00   | 0x00   |
# +----------+-------+-----+----+-----+----+----+--------+--------+------+------+------+------+------+------+--------+--------+
# UVM_INFO ../tb/env/reference_model.sv(158) @ 1175000: reporter [FIFO_REF] Reference model transaction[118]
# +----------+-------+-----+----+-----+----+----+--------+--------+------+------+------+------+------+------+--------+--------+
# | SRC      | IDX   | RST | CS | REG | WR | RD | ADDR   | DATAIN | FULL | EMPTY| ALMF | ALME | OVFL | UDFL | DOUT   | RDATA  |
# +----------+-------+-----+----+-----+----+----+--------+--------+------+------+------+------+------+------+--------+--------+
# | REF_IN   | 118   |  1  | 1  |  1  | 0  | 0  | 0x08   | 0xa3   |  0   |   0  |  1   |  0   |  0   |  0   | 0x32   | 0x00   |
# | REF_OUT  | 118   |  1  | 1  |  1  | 0  | 0  | 0x08   | 0xa3   |  0   |   0  |  1   |  0   |  0   |  0   | 0x32   | 0x00   |
# +----------+-------+-----+----+-----+----+----+--------+--------+------+------+------+------+------+------+--------+--------+
# State: old_occ=6 new_occ=6 af=6 ae=4 fill=6 clr_pulse=0
# UVM_INFO ../tb/env/scoreboard.sv(71) @ 1175000: uvm_test_top.env_h.scoreboard_h [FIFO_SB_CMP] Scoreboard compare[118]
# +----------+-------+-----+----+-----+----+----+--------+--------+------+------+------+------+------+------+--------+--------+
# | SRC      | IDX   | RST | CS | REG | WR | RD | ADDR   | DATAIN | FULL | EMPTY| ALMF | ALME | OVFL | UDFL | DOUT   | RDATA  |
# +----------+-------+-----+----+-----+----+----+--------+--------+------+------+------+------+------+------+--------+--------+
# | OBS      | 118   |  1  | 1  |  1  | 0  | 0  | 0x08   | 0xa3   |  0   |   0  |  1   |  0   |  0   |  0   | 0x32   | 0x00   |
# | EXP      | 118   |  1  | 1  |  1  | 0  | 0  | 0x08   | 0xa3   |  0   |   0  |  1   |  0   |  0   |  0   | 0x32   | 0x00   |
# +----------+-------+-----+----+-----+----+----+--------+--------+------+------+------+------+------+------+--------+--------+
# Result: PASS | pass_count=118 fail_count=0
# UVM_INFO ../tb/agent/read_monitor.sv(44) @ 1175000: uvm_test_top.env_h.agent_h.monitor_h [FIFO_MON] Monitor transaction[118]
# +----------+-------+-----+----+-----+----+----+--------+--------+------+------+------+------+------+------+--------+--------+
# | SRC      | IDX   | RST | CS | REG | WR | RD | ADDR   | DATAIN | FULL | EMPTY| ALMF | ALME | OVFL | UDFL | DOUT   | RDATA  |
# +----------+-------+-----+----+-----+----+----+--------+--------+------+------+------+------+------+------+--------+--------+
# | MON      | 118   |  1  | 1  |  1  | 0  | 0  | 0x08   | 0xa3   |  0   |   0  |  1   |  0   |  0   |  0   | 0x32   | 0x00   |
# +----------+-------+-----+----+-----+----+----+--------+--------+------+------+------+------+------+------+--------+--------+
# UVM_INFO ../tb/agent/write_drv.sv(33) @ 1180000: uvm_test_top.env_h.agent_h.driver_h [FIFO_DRV] Driver transaction[119]
# +----------+-------+-----+----+-----+----+----+--------+--------+------+------+------+------+------+------+--------+--------+
# | SRC      | IDX   | RST | CS | REG | WR | RD | ADDR   | DATAIN | FULL | EMPTY| ALMF | ALME | OVFL | UDFL | DOUT   | RDATA  |
# +----------+-------+-----+----+-----+----+----+--------+--------+------+------+------+------+------+------+--------+--------+
# | DRV      | 119   |  1  | 1  |  1  | 0  | 0  | 0x10   | 0x25   |  0   |   0  |  0   |  0   |  0   |  0   | 0x00   | 0x00   |
# +----------+-------+-----+----+-----+----+----+--------+--------+------+------+------+------+------+------+--------+--------+
# UVM_INFO ../tb/env/reference_model.sv(158) @ 1185000: reporter [FIFO_REF] Reference model transaction[119]
# +----------+-------+-----+----+-----+----+----+--------+--------+------+------+------+------+------+------+--------+--------+
# | SRC      | IDX   | RST | CS | REG | WR | RD | ADDR   | DATAIN | FULL | EMPTY| ALMF | ALME | OVFL | UDFL | DOUT   | RDATA  |
# +----------+-------+-----+----+-----+----+----+--------+--------+------+------+------+------+------+------+--------+--------+
# | REF_IN   | 119   |  1  | 1  |  1  | 0  | 0  | 0x10   | 0x25   |  0   |   0  |  1   |  0   |  0   |  0   | 0x32   | 0x00   |
# | REF_OUT  | 119   |  1  | 1  |  1  | 0  | 0  | 0x10   | 0x25   |  0   |   0  |  1   |  0   |  0   |  0   | 0x32   | 0x00   |
# +----------+-------+-----+----+-----+----+----+--------+--------+------+------+------+------+------+------+--------+--------+
# State: old_occ=6 new_occ=6 af=6 ae=4 fill=6 clr_pulse=0
# UVM_INFO ../tb/env/scoreboard.sv(71) @ 1185000: uvm_test_top.env_h.scoreboard_h [FIFO_SB_CMP] Scoreboard compare[119]
# +----------+-------+-----+----+-----+----+----+--------+--------+------+------+------+------+------+------+--------+--------+
# | SRC      | IDX   | RST | CS | REG | WR | RD | ADDR   | DATAIN | FULL | EMPTY| ALMF | ALME | OVFL | UDFL | DOUT   | RDATA  |
# +----------+-------+-----+----+-----+----+----+--------+--------+------+------+------+------+------+------+--------+--------+
# | OBS      | 119   |  1  | 1  |  1  | 0  | 0  | 0x10   | 0x25   |  0   |   0  |  1   |  0   |  0   |  0   | 0x32   | 0x00   |
# | EXP      | 119   |  1  | 1  |  1  | 0  | 0  | 0x10   | 0x25   |  0   |   0  |  1   |  0   |  0   |  0   | 0x32   | 0x00   |
# +----------+-------+-----+----+-----+----+----+--------+--------+------+------+------+------+------+------+--------+--------+
# Result: PASS | pass_count=119 fail_count=0
# UVM_INFO ../tb/agent/read_monitor.sv(44) @ 1185000: uvm_test_top.env_h.agent_h.monitor_h [FIFO_MON] Monitor transaction[119]
# +----------+-------+-----+----+-----+----+----+--------+--------+------+------+------+------+------+------+--------+--------+
# | SRC      | IDX   | RST | CS | REG | WR | RD | ADDR   | DATAIN | FULL | EMPTY| ALMF | ALME | OVFL | UDFL | DOUT   | RDATA  |
# +----------+-------+-----+----+-----+----+----+--------+--------+------+------+------+------+------+------+--------+--------+
# | MON      | 119   |  1  | 1  |  1  | 0  | 0  | 0x10   | 0x25   |  0   |   0  |  1   |  0   |  0   |  0   | 0x32   | 0x00   |
# +----------+-------+-----+----+-----+----+----+--------+--------+------+------+------+------+------+------+--------+--------+
# UVM_INFO ../tb/agent/write_drv.sv(33) @ 1190000: uvm_test_top.env_h.agent_h.driver_h [FIFO_DRV] Driver transaction[120]
# +----------+-------+-----+----+-----+----+----+--------+--------+------+------+------+------+------+------+--------+--------+
# | SRC      | IDX   | RST | CS | REG | WR | RD | ADDR   | DATAIN | FULL | EMPTY| ALMF | ALME | OVFL | UDFL | DOUT   | RDATA  |
# +----------+-------+-----+----+-----+----+----+--------+--------+------+------+------+------+------+------+--------+--------+
# | DRV      | 120   |  1  | 1  |  0  | 1  | 0  | 0x00   | 0x97   |  0   |   0  |  0   |  0   |  0   |  0   | 0x00   | 0x00   |
# +----------+-------+-----+----+-----+----+----+--------+--------+------+------+------+------+------+------+--------+--------+
# UVM_INFO ../tb/env/reference_model.sv(158) @ 1195000: reporter [FIFO_REF] Reference model transaction[120]
# +----------+-------+-----+----+-----+----+----+--------+--------+------+------+------+------+------+------+--------+--------+
# | SRC      | IDX   | RST | CS | REG | WR | RD | ADDR   | DATAIN | FULL | EMPTY| ALMF | ALME | OVFL | UDFL | DOUT   | RDATA  |
# +----------+-------+-----+----+-----+----+----+--------+--------+------+------+------+------+------+------+--------+--------+
# | REF_IN   | 120   |  1  | 1  |  0  | 1  | 0  | 0x00   | 0x97   |  0   |   0  |  1   |  0   |  0   |  0   | 0x32   | 0x00   |
# | REF_OUT  | 120   |  1  | 1  |  0  | 1  | 0  | 0x00   | 0x97   |  0   |   0  |  1   |  0   |  0   |  0   | 0x32   | 0x00   |
# +----------+-------+-----+----+-----+----+----+--------+--------+------+------+------+------+------+------+--------+--------+
# State: old_occ=6 new_occ=7 af=6 ae=4 fill=6 clr_pulse=0
# UVM_INFO ../tb/env/scoreboard.sv(71) @ 1195000: uvm_test_top.env_h.scoreboard_h [FIFO_SB_CMP] Scoreboard compare[120]
# +----------+-------+-----+----+-----+----+----+--------+--------+------+------+------+------+------+------+--------+--------+
# | SRC      | IDX   | RST | CS | REG | WR | RD | ADDR   | DATAIN | FULL | EMPTY| ALMF | ALME | OVFL | UDFL | DOUT   | RDATA  |
# +----------+-------+-----+----+-----+----+----+--------+--------+------+------+------+------+------+------+--------+--------+
# | OBS      | 120   |  1  | 1  |  0  | 1  | 0  | 0x00   | 0x97   |  0   |   0  |  1   |  0   |  0   |  0   | 0x32   | 0x00   |
# | EXP      | 120   |  1  | 1  |  0  | 1  | 0  | 0x00   | 0x97   |  0   |   0  |  1   |  0   |  0   |  0   | 0x32   | 0x00   |
# +----------+-------+-----+----+-----+----+----+--------+--------+------+------+------+------+------+------+--------+--------+
# Result: PASS | pass_count=120 fail_count=0
# UVM_INFO ../tb/agent/read_monitor.sv(44) @ 1195000: uvm_test_top.env_h.agent_h.monitor_h [FIFO_MON] Monitor transaction[120]
# +----------+-------+-----+----+-----+----+----+--------+--------+------+------+------+------+------+------+--------+--------+
# | SRC      | IDX   | RST | CS | REG | WR | RD | ADDR   | DATAIN | FULL | EMPTY| ALMF | ALME | OVFL | UDFL | DOUT   | RDATA  |
# +----------+-------+-----+----+-----+----+----+--------+--------+------+------+------+------+------+------+--------+--------+
# | MON      | 120   |  1  | 1  |  0  | 1  | 0  | 0x00   | 0x97   |  0   |   0  |  1   |  0   |  0   |  0   | 0x32   | 0x00   |
# +----------+-------+-----+----+-----+----+----+--------+--------+------+------+------+------+------+------+--------+--------+
# UVM_INFO ../tb/agent/write_drv.sv(33) @ 1200000: uvm_test_top.env_h.agent_h.driver_h [FIFO_DRV] Driver transaction[121]
# +----------+-------+-----+----+-----+----+----+--------+--------+------+------+------+------+------+------+--------+--------+
# | SRC      | IDX   | RST | CS | REG | WR | RD | ADDR   | DATAIN | FULL | EMPTY| ALMF | ALME | OVFL | UDFL | DOUT   | RDATA  |
# +----------+-------+-----+----+-----+----+----+--------+--------+------+------+------+------+------+------+--------+--------+
# | DRV      | 121   |  1  | 1  |  0  | 1  | 1  | 0x00   | 0x81   |  0   |   0  |  0   |  0   |  0   |  0   | 0x00   | 0x00   |
# +----------+-------+-----+----+-----+----+----+--------+--------+------+------+------+------+------+------+--------+--------+
# UVM_INFO ../tb/env/reference_model.sv(158) @ 1205000: reporter [FIFO_REF] Reference model transaction[121]
# +----------+-------+-----+----+-----+----+----+--------+--------+------+------+------+------+------+------+--------+--------+
# | SRC      | IDX   | RST | CS | REG | WR | RD | ADDR   | DATAIN | FULL | EMPTY| ALMF | ALME | OVFL | UDFL | DOUT   | RDATA  |
# +----------+-------+-----+----+-----+----+----+--------+--------+------+------+------+------+------+------+--------+--------+
# | REF_IN   | 121   |  1  | 1  |  0  | 1  | 1  | 0x00   | 0x81   |  0   |   0  |  1   |  0   |  0   |  0   | 0xee   | 0x00   |
# | REF_OUT  | 121   |  1  | 1  |  0  | 1  | 1  | 0x00   | 0x81   |  0   |   0  |  1   |  0   |  0   |  0   | 0xee   | 0x00   |
# +----------+-------+-----+----+-----+----+----+--------+--------+------+------+------+------+------+------+--------+--------+
# State: old_occ=7 new_occ=7 af=6 ae=4 fill=7 clr_pulse=0
# UVM_INFO ../tb/env/scoreboard.sv(71) @ 1205000: uvm_test_top.env_h.scoreboard_h [FIFO_SB_CMP] Scoreboard compare[121]
# +----------+-------+-----+----+-----+----+----+--------+--------+------+------+------+------+------+------+--------+--------+
# | SRC      | IDX   | RST | CS | REG | WR | RD | ADDR   | DATAIN | FULL | EMPTY| ALMF | ALME | OVFL | UDFL | DOUT   | RDATA  |
# +----------+-------+-----+----+-----+----+----+--------+--------+------+------+------+------+------+------+--------+--------+
# | OBS      | 121   |  1  | 1  |  0  | 1  | 1  | 0x00   | 0x81   |  0   |   0  |  1   |  0   |  0   |  0   | 0xee   | 0x00   |
# | EXP      | 121   |  1  | 1  |  0  | 1  | 1  | 0x00   | 0x81   |  0   |   0  |  1   |  0   |  0   |  0   | 0xee   | 0x00   |
# +----------+-------+-----+----+-----+----+----+--------+--------+------+------+------+------+------+------+--------+--------+
# Result: PASS | pass_count=121 fail_count=0
# UVM_INFO ../tb/agent/read_monitor.sv(44) @ 1205000: uvm_test_top.env_h.agent_h.monitor_h [FIFO_MON] Monitor transaction[121]
# +----------+-------+-----+----+-----+----+----+--------+--------+------+------+------+------+------+------+--------+--------+
# | SRC      | IDX   | RST | CS | REG | WR | RD | ADDR   | DATAIN | FULL | EMPTY| ALMF | ALME | OVFL | UDFL | DOUT   | RDATA  |
# +----------+-------+-----+----+-----+----+----+--------+--------+------+------+------+------+------+------+--------+--------+
# | MON      | 121   |  1  | 1  |  0  | 1  | 1  | 0x00   | 0x81   |  0   |   0  |  1   |  0   |  0   |  0   | 0xee   | 0x00   |
# +----------+-------+-----+----+-----+----+----+--------+--------+------+------+------+------+------+------+--------+--------+
# UVM_INFO ../tb/agent/write_drv.sv(33) @ 1210000: uvm_test_top.env_h.agent_h.driver_h [FIFO_DRV] Driver transaction[122]
# +----------+-------+-----+----+-----+----+----+--------+--------+------+------+------+------+------+------+--------+--------+
# | SRC      | IDX   | RST | CS | REG | WR | RD | ADDR   | DATAIN | FULL | EMPTY| ALMF | ALME | OVFL | UDFL | DOUT   | RDATA  |
# +----------+-------+-----+----+-----+----+----+--------+--------+------+------+------+------+------+------+--------+--------+
# | DRV      | 122   |  1  | 1  |  0  | 1  | 1  | 0x00   | 0x19   |  0   |   0  |  0   |  0   |  0   |  0   | 0x00   | 0x00   |
# +----------+-------+-----+----+-----+----+----+--------+--------+------+------+------+------+------+------+--------+--------+
# UVM_INFO ../tb/env/reference_model.sv(158) @ 1215000: reporter [FIFO_REF] Reference model transaction[122]
# +----------+-------+-----+----+-----+----+----+--------+--------+------+------+------+------+------+------+--------+--------+
# | SRC      | IDX   | RST | CS | REG | WR | RD | ADDR   | DATAIN | FULL | EMPTY| ALMF | ALME | OVFL | UDFL | DOUT   | RDATA  |
# +----------+-------+-----+----+-----+----+----+--------+--------+------+------+------+------+------+------+--------+--------+
# | REF_IN   | 122   |  1  | 1  |  0  | 1  | 1  | 0x00   | 0x19   |  0   |   0  |  1   |  0   |  0   |  0   | 0x0a   | 0x00   |
# | REF_OUT  | 122   |  1  | 1  |  0  | 1  | 1  | 0x00   | 0x19   |  0   |   0  |  1   |  0   |  0   |  0   | 0x0a   | 0x00   |
# +----------+-------+-----+----+-----+----+----+--------+--------+------+------+------+------+------+------+--------+--------+
# State: old_occ=7 new_occ=7 af=6 ae=4 fill=7 clr_pulse=0
# UVM_INFO ../tb/env/scoreboard.sv(71) @ 1215000: uvm_test_top.env_h.scoreboard_h [FIFO_SB_CMP] Scoreboard compare[122]
# +----------+-------+-----+----+-----+----+----+--------+--------+------+------+------+------+------+------+--------+--------+
# | SRC      | IDX   | RST | CS | REG | WR | RD | ADDR   | DATAIN | FULL | EMPTY| ALMF | ALME | OVFL | UDFL | DOUT   | RDATA  |
# +----------+-------+-----+----+-----+----+----+--------+--------+------+------+------+------+------+------+--------+--------+
# | OBS      | 122   |  1  | 1  |  0  | 1  | 1  | 0x00   | 0x19   |  0   |   0  |  1   |  0   |  0   |  0   | 0x0a   | 0x00   |
# | EXP      | 122   |  1  | 1  |  0  | 1  | 1  | 0x00   | 0x19   |  0   |   0  |  1   |  0   |  0   |  0   | 0x0a   | 0x00   |
# +----------+-------+-----+----+-----+----+----+--------+--------+------+------+------+------+------+------+--------+--------+
# Result: PASS | pass_count=122 fail_count=0
# UVM_INFO ../tb/agent/read_monitor.sv(44) @ 1215000: uvm_test_top.env_h.agent_h.monitor_h [FIFO_MON] Monitor transaction[122]
# +----------+-------+-----+----+-----+----+----+--------+--------+------+------+------+------+------+------+--------+--------+
# | SRC      | IDX   | RST | CS | REG | WR | RD | ADDR   | DATAIN | FULL | EMPTY| ALMF | ALME | OVFL | UDFL | DOUT   | RDATA  |
# +----------+-------+-----+----+-----+----+----+--------+--------+------+------+------+------+------+------+--------+--------+
# | MON      | 122   |  1  | 1  |  0  | 1  | 1  | 0x00   | 0x19   |  0   |   0  |  1   |  0   |  0   |  0   | 0x0a   | 0x00   |
# +----------+-------+-----+----+-----+----+----+--------+--------+------+------+------+------+------+------+--------+--------+
# UVM_INFO ../tb/agent/write_drv.sv(33) @ 1220000: uvm_test_top.env_h.agent_h.driver_h [FIFO_DRV] Driver transaction[123]
# +----------+-------+-----+----+-----+----+----+--------+--------+------+------+------+------+------+------+--------+--------+
# | SRC      | IDX   | RST | CS | REG | WR | RD | ADDR   | DATAIN | FULL | EMPTY| ALMF | ALME | OVFL | UDFL | DOUT   | RDATA  |
# +----------+-------+-----+----+-----+----+----+--------+--------+------+------+------+------+------+------+--------+--------+
# | DRV      | 123   |  1  | 0  |  0  | 1  | 1  | 0x00   | 0xe1   |  0   |   0  |  0   |  0   |  0   |  0   | 0x00   | 0x00   |
# +----------+-------+-----+----+-----+----+----+--------+--------+------+------+------+------+------+------+--------+--------+
# UVM_INFO ../tb/env/reference_model.sv(158) @ 1225000: reporter [FIFO_REF] Reference model transaction[123]
# +----------+-------+-----+----+-----+----+----+--------+--------+------+------+------+------+------+------+--------+--------+
# | SRC      | IDX   | RST | CS | REG | WR | RD | ADDR   | DATAIN | FULL | EMPTY| ALMF | ALME | OVFL | UDFL | DOUT   | RDATA  |
# +----------+-------+-----+----+-----+----+----+--------+--------+------+------+------+------+------+------+--------+--------+
# | REF_IN   | 123   |  1  | 0  |  0  | 1  | 1  | 0x00   | 0xe1   |  0   |   0  |  1   |  0   |  0   |  0   | 0x0a   | 0x00   |
# | REF_OUT  | 123   |  1  | 0  |  0  | 1  | 1  | 0x00   | 0xe1   |  0   |   0  |  1   |  0   |  0   |  0   | 0x0a   | 0x00   |
# +----------+-------+-----+----+-----+----+----+--------+--------+------+------+------+------+------+------+--------+--------+
# State: old_occ=7 new_occ=7 af=6 ae=4 fill=7 clr_pulse=0
# UVM_INFO ../tb/env/scoreboard.sv(71) @ 1225000: uvm_test_top.env_h.scoreboard_h [FIFO_SB_CMP] Scoreboard compare[123]
# +----------+-------+-----+----+-----+----+----+--------+--------+------+------+------+------+------+------+--------+--------+
# | SRC      | IDX   | RST | CS | REG | WR | RD | ADDR   | DATAIN | FULL | EMPTY| ALMF | ALME | OVFL | UDFL | DOUT   | RDATA  |
# +----------+-------+-----+----+-----+----+----+--------+--------+------+------+------+------+------+------+--------+--------+
# | OBS      | 123   |  1  | 0  |  0  | 1  | 1  | 0x00   | 0xe1   |  0   |   0  |  1   |  0   |  0   |  0   | 0x0a   | 0x00   |
# | EXP      | 123   |  1  | 0  |  0  | 1  | 1  | 0x00   | 0xe1   |  0   |   0  |  1   |  0   |  0   |  0   | 0x0a   | 0x00   |
# +----------+-------+-----+----+-----+----+----+--------+--------+------+------+------+------+------+------+--------+--------+
# Result: PASS | pass_count=123 fail_count=0
# UVM_INFO ../tb/agent/read_monitor.sv(44) @ 1225000: uvm_test_top.env_h.agent_h.monitor_h [FIFO_MON] Monitor transaction[123]
# +----------+-------+-----+----+-----+----+----+--------+--------+------+------+------+------+------+------+--------+--------+
# | SRC      | IDX   | RST | CS | REG | WR | RD | ADDR   | DATAIN | FULL | EMPTY| ALMF | ALME | OVFL | UDFL | DOUT   | RDATA  |
# +----------+-------+-----+----+-----+----+----+--------+--------+------+------+------+------+------+------+--------+--------+
# | MON      | 123   |  1  | 0  |  0  | 1  | 1  | 0x00   | 0xe1   |  0   |   0  |  1   |  0   |  0   |  0   | 0x0a   | 0x00   |
# +----------+-------+-----+----+-----+----+----+--------+--------+------+------+------+------+------+------+--------+--------+
# UVM_INFO ../tb/agent/write_drv.sv(33) @ 1230000: uvm_test_top.env_h.agent_h.driver_h [FIFO_DRV] Driver transaction[124]
# +----------+-------+-----+----+-----+----+----+--------+--------+------+------+------+------+------+------+--------+--------+
# | SRC      | IDX   | RST | CS | REG | WR | RD | ADDR   | DATAIN | FULL | EMPTY| ALMF | ALME | OVFL | UDFL | DOUT   | RDATA  |
# +----------+-------+-----+----+-----+----+----+--------+--------+------+------+------+------+------+------+--------+--------+
# | DRV      | 124   |  1  | 1  |  0  | 0  | 0  | 0x00   | 0xb4   |  0   |   0  |  0   |  0   |  0   |  0   | 0x00   | 0x00   |
# +----------+-------+-----+----+-----+----+----+--------+--------+------+------+------+------+------+------+--------+--------+
# UVM_INFO ../tb/env/reference_model.sv(158) @ 1235000: reporter [FIFO_REF] Reference model transaction[124]
# +----------+-------+-----+----+-----+----+----+--------+--------+------+------+------+------+------+------+--------+--------+
# | SRC      | IDX   | RST | CS | REG | WR | RD | ADDR   | DATAIN | FULL | EMPTY| ALMF | ALME | OVFL | UDFL | DOUT   | RDATA  |
# +----------+-------+-----+----+-----+----+----+--------+--------+------+------+------+------+------+------+--------+--------+
# | REF_IN   | 124   |  1  | 1  |  0  | 0  | 0  | 0x00   | 0xb4   |  0   |   0  |  1   |  0   |  0   |  0   | 0x0a   | 0x00   |
# | REF_OUT  | 124   |  1  | 1  |  0  | 0  | 0  | 0x00   | 0xb4   |  0   |   0  |  1   |  0   |  0   |  0   | 0x0a   | 0x00   |
# +----------+-------+-----+----+-----+----+----+--------+--------+------+------+------+------+------+------+--------+--------+
# State: old_occ=7 new_occ=7 af=6 ae=4 fill=7 clr_pulse=0
# UVM_INFO ../tb/env/scoreboard.sv(71) @ 1235000: uvm_test_top.env_h.scoreboard_h [FIFO_SB_CMP] Scoreboard compare[124]
# +----------+-------+-----+----+-----+----+----+--------+--------+------+------+------+------+------+------+--------+--------+
# | SRC      | IDX   | RST | CS | REG | WR | RD | ADDR   | DATAIN | FULL | EMPTY| ALMF | ALME | OVFL | UDFL | DOUT   | RDATA  |
# +----------+-------+-----+----+-----+----+----+--------+--------+------+------+------+------+------+------+--------+--------+
# | OBS      | 124   |  1  | 1  |  0  | 0  | 0  | 0x00   | 0xb4   |  0   |   0  |  1   |  0   |  0   |  0   | 0x0a   | 0x00   |
# | EXP      | 124   |  1  | 1  |  0  | 0  | 0  | 0x00   | 0xb4   |  0   |   0  |  1   |  0   |  0   |  0   | 0x0a   | 0x00   |
# +----------+-------+-----+----+-----+----+----+--------+--------+------+------+------+------+------+------+--------+--------+
# Result: PASS | pass_count=124 fail_count=0
# UVM_INFO ../tb/agent/read_monitor.sv(44) @ 1235000: uvm_test_top.env_h.agent_h.monitor_h [FIFO_MON] Monitor transaction[124]
# +----------+-------+-----+----+-----+----+----+--------+--------+------+------+------+------+------+------+--------+--------+
# | SRC      | IDX   | RST | CS | REG | WR | RD | ADDR   | DATAIN | FULL | EMPTY| ALMF | ALME | OVFL | UDFL | DOUT   | RDATA  |
# +----------+-------+-----+----+-----+----+----+--------+--------+------+------+------+------+------+------+--------+--------+
# | MON      | 124   |  1  | 1  |  0  | 0  | 0  | 0x00   | 0xb4   |  0   |   0  |  1   |  0   |  0   |  0   | 0x0a   | 0x00   |
# +----------+-------+-----+----+-----+----+----+--------+--------+------+------+------+------+------+------+--------+--------+
# UVM_INFO ../tb/agent/write_drv.sv(33) @ 1240000: uvm_test_top.env_h.agent_h.driver_h [FIFO_DRV] Driver transaction[125]
# +----------+-------+-----+----+-----+----+----+--------+--------+------+------+------+------+------+------+--------+--------+
# | SRC      | IDX   | RST | CS | REG | WR | RD | ADDR   | DATAIN | FULL | EMPTY| ALMF | ALME | OVFL | UDFL | DOUT   | RDATA  |
# +----------+-------+-----+----+-----+----+----+--------+--------+------+------+------+------+------+------+--------+--------+
# | DRV      | 125   |  1  | 0  |  1  | 0  | 0  | 0x00   | 0x00   |  0   |   0  |  0   |  0   |  0   |  0   | 0x00   | 0x00   |
# +----------+-------+-----+----+-----+----+----+--------+--------+------+------+------+------+------+------+--------+--------+
# UVM_INFO ../tb/env/reference_model.sv(158) @ 1245000: reporter [FIFO_REF] Reference model transaction[125]
# +----------+-------+-----+----+-----+----+----+--------+--------+------+------+------+------+------+------+--------+--------+
# | SRC      | IDX   | RST | CS | REG | WR | RD | ADDR   | DATAIN | FULL | EMPTY| ALMF | ALME | OVFL | UDFL | DOUT   | RDATA  |
# +----------+-------+-----+----+-----+----+----+--------+--------+------+------+------+------+------+------+--------+--------+
# | REF_IN   | 125   |  1  | 0  |  1  | 0  | 0  | 0x00   | 0x00   |  0   |   0  |  1   |  0   |  0   |  0   | 0x0a   | 0x00   |
# | REF_OUT  | 125   |  1  | 0  |  1  | 0  | 0  | 0x00   | 0x00   |  0   |   0  |  1   |  0   |  0   |  0   | 0x0a   | 0x00   |
# +----------+-------+-----+----+-----+----+----+--------+--------+------+------+------+------+------+------+--------+--------+
# State: old_occ=7 new_occ=7 af=6 ae=4 fill=7 clr_pulse=0
# UVM_INFO ../tb/env/scoreboard.sv(71) @ 1245000: uvm_test_top.env_h.scoreboard_h [FIFO_SB_CMP] Scoreboard compare[125]
# +----------+-------+-----+----+-----+----+----+--------+--------+------+------+------+------+------+------+--------+--------+
# | SRC      | IDX   | RST | CS | REG | WR | RD | ADDR   | DATAIN | FULL | EMPTY| ALMF | ALME | OVFL | UDFL | DOUT   | RDATA  |
# +----------+-------+-----+----+-----+----+----+--------+--------+------+------+------+------+------+------+--------+--------+
# | OBS      | 125   |  1  | 0  |  1  | 0  | 0  | 0x00   | 0x00   |  0   |   0  |  1   |  0   |  0   |  0   | 0x0a   | 0x00   |
# | EXP      | 125   |  1  | 0  |  1  | 0  | 0  | 0x00   | 0x00   |  0   |   0  |  1   |  0   |  0   |  0   | 0x0a   | 0x00   |
# +----------+-------+-----+----+-----+----+----+--------+--------+------+------+------+------+------+------+--------+--------+
# Result: PASS | pass_count=125 fail_count=0
# UVM_INFO ../tb/agent/read_monitor.sv(44) @ 1245000: uvm_test_top.env_h.agent_h.monitor_h [FIFO_MON] Monitor transaction[125]
# +----------+-------+-----+----+-----+----+----+--------+--------+------+------+------+------+------+------+--------+--------+
# | SRC      | IDX   | RST | CS | REG | WR | RD | ADDR   | DATAIN | FULL | EMPTY| ALMF | ALME | OVFL | UDFL | DOUT   | RDATA  |
# +----------+-------+-----+----+-----+----+----+--------+--------+------+------+------+------+------+------+--------+--------+
# | MON      | 125   |  1  | 0  |  1  | 0  | 0  | 0x00   | 0x00   |  0   |   0  |  1   |  0   |  0   |  0   | 0x0a   | 0x00   |
# +----------+-------+-----+----+-----+----+----+--------+--------+------+------+------+------+------+------+--------+--------+
# UVM_INFO ../tb/agent/write_drv.sv(33) @ 1250000: uvm_test_top.env_h.agent_h.driver_h [FIFO_DRV] Driver transaction[126]
# +----------+-------+-----+----+-----+----+----+--------+--------+------+------+------+------+------+------+--------+--------+
# | SRC      | IDX   | RST | CS | REG | WR | RD | ADDR   | DATAIN | FULL | EMPTY| ALMF | ALME | OVFL | UDFL | DOUT   | RDATA  |
# +----------+-------+-----+----+-----+----+----+--------+--------+------+------+------+------+------+------+--------+--------+
# | DRV      | 126   |  1  | 1  |  0  | 0  | 0  | 0x00   | 0xd5   |  0   |   0  |  0   |  0   |  0   |  0   | 0x00   | 0x00   |
# +----------+-------+-----+----+-----+----+----+--------+--------+------+------+------+------+------+------+--------+--------+
# UVM_INFO ../tb/env/reference_model.sv(158) @ 1255000: reporter [FIFO_REF] Reference model transaction[126]
# +----------+-------+-----+----+-----+----+----+--------+--------+------+------+------+------+------+------+--------+--------+
# | SRC      | IDX   | RST | CS | REG | WR | RD | ADDR   | DATAIN | FULL | EMPTY| ALMF | ALME | OVFL | UDFL | DOUT   | RDATA  |
# +----------+-------+-----+----+-----+----+----+--------+--------+------+------+------+------+------+------+--------+--------+
# | REF_IN   | 126   |  1  | 1  |  0  | 0  | 0  | 0x00   | 0xd5   |  0   |   0  |  1   |  0   |  0   |  0   | 0x0a   | 0x00   |
# | REF_OUT  | 126   |  1  | 1  |  0  | 0  | 0  | 0x00   | 0xd5   |  0   |   0  |  1   |  0   |  0   |  0   | 0x0a   | 0x00   |
# +----------+-------+-----+----+-----+----+----+--------+--------+------+------+------+------+------+------+--------+--------+
# State: old_occ=7 new_occ=7 af=6 ae=4 fill=7 clr_pulse=0
# UVM_INFO ../tb/env/scoreboard.sv(71) @ 1255000: uvm_test_top.env_h.scoreboard_h [FIFO_SB_CMP] Scoreboard compare[126]
# +----------+-------+-----+----+-----+----+----+--------+--------+------+------+------+------+------+------+--------+--------+
# | SRC      | IDX   | RST | CS | REG | WR | RD | ADDR   | DATAIN | FULL | EMPTY| ALMF | ALME | OVFL | UDFL | DOUT   | RDATA  |
# +----------+-------+-----+----+-----+----+----+--------+--------+------+------+------+------+------+------+--------+--------+
# | OBS      | 126   |  1  | 1  |  0  | 0  | 0  | 0x00   | 0xd5   |  0   |   0  |  1   |  0   |  0   |  0   | 0x0a   | 0x00   |
# | EXP      | 126   |  1  | 1  |  0  | 0  | 0  | 0x00   | 0xd5   |  0   |   0  |  1   |  0   |  0   |  0   | 0x0a   | 0x00   |
# +----------+-------+-----+----+-----+----+----+--------+--------+------+------+------+------+------+------+--------+--------+
# Result: PASS | pass_count=126 fail_count=0
# UVM_INFO ../tb/agent/read_monitor.sv(44) @ 1255000: uvm_test_top.env_h.agent_h.monitor_h [FIFO_MON] Monitor transaction[126]
# +----------+-------+-----+----+-----+----+----+--------+--------+------+------+------+------+------+------+--------+--------+
# | SRC      | IDX   | RST | CS | REG | WR | RD | ADDR   | DATAIN | FULL | EMPTY| ALMF | ALME | OVFL | UDFL | DOUT   | RDATA  |
# +----------+-------+-----+----+-----+----+----+--------+--------+------+------+------+------+------+------+--------+--------+
# | MON      | 126   |  1  | 1  |  0  | 0  | 0  | 0x00   | 0xd5   |  0   |   0  |  1   |  0   |  0   |  0   | 0x0a   | 0x00   |
# +----------+-------+-----+----+-----+----+----+--------+--------+------+------+------+------+------+------+--------+--------+
# UVM_INFO ../tb/agent/write_drv.sv(33) @ 1260000: uvm_test_top.env_h.agent_h.driver_h [FIFO_DRV] Driver transaction[127]
# +----------+-------+-----+----+-----+----+----+--------+--------+------+------+------+------+------+------+--------+--------+
# | SRC      | IDX   | RST | CS | REG | WR | RD | ADDR   | DATAIN | FULL | EMPTY| ALMF | ALME | OVFL | UDFL | DOUT   | RDATA  |
# +----------+-------+-----+----+-----+----+----+--------+--------+------+------+------+------+------+------+--------+--------+
# | DRV      | 127   |  1  | 1  |  0  | 0  | 1  | 0x00   | 0xb4   |  0   |   0  |  0   |  0   |  0   |  0   | 0x00   | 0x00   |
# +----------+-------+-----+----+-----+----+----+--------+--------+------+------+------+------+------+------+--------+--------+
# UVM_INFO ../tb/env/reference_model.sv(158) @ 1265000: reporter [FIFO_REF] Reference model transaction[127]
# +----------+-------+-----+----+-----+----+----+--------+--------+------+------+------+------+------+------+--------+--------+
# | SRC      | IDX   | RST | CS | REG | WR | RD | ADDR   | DATAIN | FULL | EMPTY| ALMF | ALME | OVFL | UDFL | DOUT   | RDATA  |
# +----------+-------+-----+----+-----+----+----+--------+--------+------+------+------+------+------+------+--------+--------+
# | REF_IN   | 127   |  1  | 1  |  0  | 0  | 1  | 0x00   | 0xb4   |  0   |   0  |  1   |  0   |  0   |  0   | 0xa3   | 0x00   |
# | REF_OUT  | 127   |  1  | 1  |  0  | 0  | 1  | 0x00   | 0xb4   |  0   |   0  |  1   |  0   |  0   |  0   | 0xa3   | 0x00   |
# +----------+-------+-----+----+-----+----+----+--------+--------+------+------+------+------+------+------+--------+--------+
# State: old_occ=7 new_occ=6 af=6 ae=4 fill=7 clr_pulse=0
# UVM_INFO ../tb/env/scoreboard.sv(71) @ 1265000: uvm_test_top.env_h.scoreboard_h [FIFO_SB_CMP] Scoreboard compare[127]
# +----------+-------+-----+----+-----+----+----+--------+--------+------+------+------+------+------+------+--------+--------+
# | SRC      | IDX   | RST | CS | REG | WR | RD | ADDR   | DATAIN | FULL | EMPTY| ALMF | ALME | OVFL | UDFL | DOUT   | RDATA  |
# +----------+-------+-----+----+-----+----+----+--------+--------+------+------+------+------+------+------+--------+--------+
# | OBS      | 127   |  1  | 1  |  0  | 0  | 1  | 0x00   | 0xb4   |  0   |   0  |  1   |  0   |  0   |  0   | 0xa3   | 0x00   |
# | EXP      | 127   |  1  | 1  |  0  | 0  | 1  | 0x00   | 0xb4   |  0   |   0  |  1   |  0   |  0   |  0   | 0xa3   | 0x00   |
# +----------+-------+-----+----+-----+----+----+--------+--------+------+------+------+------+------+------+--------+--------+
# Result: PASS | pass_count=127 fail_count=0
# UVM_INFO ../tb/agent/read_monitor.sv(44) @ 1265000: uvm_test_top.env_h.agent_h.monitor_h [FIFO_MON] Monitor transaction[127]
# +----------+-------+-----+----+-----+----+----+--------+--------+------+------+------+------+------+------+--------+--------+
# | SRC      | IDX   | RST | CS | REG | WR | RD | ADDR   | DATAIN | FULL | EMPTY| ALMF | ALME | OVFL | UDFL | DOUT   | RDATA  |
# +----------+-------+-----+----+-----+----+----+--------+--------+------+------+------+------+------+------+--------+--------+
# | MON      | 127   |  1  | 1  |  0  | 0  | 1  | 0x00   | 0xb4   |  0   |   0  |  1   |  0   |  0   |  0   | 0xa3   | 0x00   |
# +----------+-------+-----+----+-----+----+----+--------+--------+------+------+------+------+------+------+--------+--------+
# UVM_INFO ../tb/agent/write_drv.sv(33) @ 1270000: uvm_test_top.env_h.agent_h.driver_h [FIFO_DRV] Driver transaction[128]
# +----------+-------+-----+----+-----+----+----+--------+--------+------+------+------+------+------+------+--------+--------+
# | SRC      | IDX   | RST | CS | REG | WR | RD | ADDR   | DATAIN | FULL | EMPTY| ALMF | ALME | OVFL | UDFL | DOUT   | RDATA  |
# +----------+-------+-----+----+-----+----+----+--------+--------+------+------+------+------+------+------+--------+--------+
# | DRV      | 128   |  1  | 1  |  0  | 1  | 0  | 0x00   | 0x52   |  0   |   0  |  0   |  0   |  0   |  0   | 0x00   | 0x00   |
# +----------+-------+-----+----+-----+----+----+--------+--------+------+------+------+------+------+------+--------+--------+
# UVM_INFO ../tb/env/reference_model.sv(158) @ 1275000: reporter [FIFO_REF] Reference model transaction[128]
# +----------+-------+-----+----+-----+----+----+--------+--------+------+------+------+------+------+------+--------+--------+
# | SRC      | IDX   | RST | CS | REG | WR | RD | ADDR   | DATAIN | FULL | EMPTY| ALMF | ALME | OVFL | UDFL | DOUT   | RDATA  |
# +----------+-------+-----+----+-----+----+----+--------+--------+------+------+------+------+------+------+--------+--------+
# | REF_IN   | 128   |  1  | 1  |  0  | 1  | 0  | 0x00   | 0x52   |  0   |   0  |  1   |  0   |  0   |  0   | 0xa3   | 0x00   |
# | REF_OUT  | 128   |  1  | 1  |  0  | 1  | 0  | 0x00   | 0x52   |  0   |   0  |  1   |  0   |  0   |  0   | 0xa3   | 0x00   |
# +----------+-------+-----+----+-----+----+----+--------+--------+------+------+------+------+------+------+--------+--------+
# State: old_occ=6 new_occ=7 af=6 ae=4 fill=6 clr_pulse=0
# UVM_INFO ../tb/env/scoreboard.sv(71) @ 1275000: uvm_test_top.env_h.scoreboard_h [FIFO_SB_CMP] Scoreboard compare[128]
# +----------+-------+-----+----+-----+----+----+--------+--------+------+------+------+------+------+------+--------+--------+
# | SRC      | IDX   | RST | CS | REG | WR | RD | ADDR   | DATAIN | FULL | EMPTY| ALMF | ALME | OVFL | UDFL | DOUT   | RDATA  |
# +----------+-------+-----+----+-----+----+----+--------+--------+------+------+------+------+------+------+--------+--------+
# | OBS      | 128   |  1  | 1  |  0  | 1  | 0  | 0x00   | 0x52   |  0   |   0  |  1   |  0   |  0   |  0   | 0xa3   | 0x00   |
# | EXP      | 128   |  1  | 1  |  0  | 1  | 0  | 0x00   | 0x52   |  0   |   0  |  1   |  0   |  0   |  0   | 0xa3   | 0x00   |
# +----------+-------+-----+----+-----+----+----+--------+--------+------+------+------+------+------+------+--------+--------+
# Result: PASS | pass_count=128 fail_count=0
# UVM_INFO ../tb/agent/read_monitor.sv(44) @ 1275000: uvm_test_top.env_h.agent_h.monitor_h [FIFO_MON] Monitor transaction[128]
# +----------+-------+-----+----+-----+----+----+--------+--------+------+------+------+------+------+------+--------+--------+
# | SRC      | IDX   | RST | CS | REG | WR | RD | ADDR   | DATAIN | FULL | EMPTY| ALMF | ALME | OVFL | UDFL | DOUT   | RDATA  |
# +----------+-------+-----+----+-----+----+----+--------+--------+------+------+------+------+------+------+--------+--------+
# | MON      | 128   |  1  | 1  |  0  | 1  | 0  | 0x00   | 0x52   |  0   |   0  |  1   |  0   |  0   |  0   | 0xa3   | 0x00   |
# +----------+-------+-----+----+-----+----+----+--------+--------+------+------+------+------+------+------+--------+--------+
# UVM_INFO ../tb/agent/write_drv.sv(33) @ 1280000: uvm_test_top.env_h.agent_h.driver_h [FIFO_DRV] Driver transaction[129]
# +----------+-------+-----+----+-----+----+----+--------+--------+------+------+------+------+------+------+--------+--------+
# | SRC      | IDX   | RST | CS | REG | WR | RD | ADDR   | DATAIN | FULL | EMPTY| ALMF | ALME | OVFL | UDFL | DOUT   | RDATA  |
# +----------+-------+-----+----+-----+----+----+--------+--------+------+------+------+------+------+------+--------+--------+
# | DRV      | 129   |  1  | 1  |  0  | 1  | 1  | 0x00   | 0x63   |  0   |   0  |  0   |  0   |  0   |  0   | 0x00   | 0x00   |
# +----------+-------+-----+----+-----+----+----+--------+--------+------+------+------+------+------+------+--------+--------+
# UVM_INFO ../tb/env/reference_model.sv(158) @ 1285000: reporter [FIFO_REF] Reference model transaction[129]
# +----------+-------+-----+----+-----+----+----+--------+--------+------+------+------+------+------+------+--------+--------+
# | SRC      | IDX   | RST | CS | REG | WR | RD | ADDR   | DATAIN | FULL | EMPTY| ALMF | ALME | OVFL | UDFL | DOUT   | RDATA  |
# +----------+-------+-----+----+-----+----+----+--------+--------+------+------+------+------+------+------+--------+--------+
# | REF_IN   | 129   |  1  | 1  |  0  | 1  | 1  | 0x00   | 0x63   |  0   |   0  |  1   |  0   |  0   |  0   | 0x7a   | 0x00   |
# | REF_OUT  | 129   |  1  | 1  |  0  | 1  | 1  | 0x00   | 0x63   |  0   |   0  |  1   |  0   |  0   |  0   | 0x7a   | 0x00   |
# +----------+-------+-----+----+-----+----+----+--------+--------+------+------+------+------+------+------+--------+--------+
# State: old_occ=7 new_occ=7 af=6 ae=4 fill=7 clr_pulse=0
# UVM_INFO ../tb/env/scoreboard.sv(71) @ 1285000: uvm_test_top.env_h.scoreboard_h [FIFO_SB_CMP] Scoreboard compare[129]
# +----------+-------+-----+----+-----+----+----+--------+--------+------+------+------+------+------+------+--------+--------+
# | SRC      | IDX   | RST | CS | REG | WR | RD | ADDR   | DATAIN | FULL | EMPTY| ALMF | ALME | OVFL | UDFL | DOUT   | RDATA  |
# +----------+-------+-----+----+-----+----+----+--------+--------+------+------+------+------+------+------+--------+--------+
# | OBS      | 129   |  1  | 1  |  0  | 1  | 1  | 0x00   | 0x63   |  0   |   0  |  1   |  0   |  0   |  0   | 0x7a   | 0x00   |
# | EXP      | 129   |  1  | 1  |  0  | 1  | 1  | 0x00   | 0x63   |  0   |   0  |  1   |  0   |  0   |  0   | 0x7a   | 0x00   |
# +----------+-------+-----+----+-----+----+----+--------+--------+------+------+------+------+------+------+--------+--------+
# Result: PASS | pass_count=129 fail_count=0
# UVM_INFO ../tb/agent/read_monitor.sv(44) @ 1285000: uvm_test_top.env_h.agent_h.monitor_h [FIFO_MON] Monitor transaction[129]
# +----------+-------+-----+----+-----+----+----+--------+--------+------+------+------+------+------+------+--------+--------+
# | SRC      | IDX   | RST | CS | REG | WR | RD | ADDR   | DATAIN | FULL | EMPTY| ALMF | ALME | OVFL | UDFL | DOUT   | RDATA  |
# +----------+-------+-----+----+-----+----+----+--------+--------+------+------+------+------+------+------+--------+--------+
# | MON      | 129   |  1  | 1  |  0  | 1  | 1  | 0x00   | 0x63   |  0   |   0  |  1   |  0   |  0   |  0   | 0x7a   | 0x00   |
# +----------+-------+-----+----+-----+----+----+--------+--------+------+------+------+------+------+------+--------+--------+
# UVM_INFO ../tb/agent/write_drv.sv(33) @ 1290000: uvm_test_top.env_h.agent_h.driver_h [FIFO_DRV] Driver transaction[130]
# +----------+-------+-----+----+-----+----+----+--------+--------+------+------+------+------+------+------+--------+--------+
# | SRC      | IDX   | RST | CS | REG | WR | RD | ADDR   | DATAIN | FULL | EMPTY| ALMF | ALME | OVFL | UDFL | DOUT   | RDATA  |
# +----------+-------+-----+----+-----+----+----+--------+--------+------+------+------+------+------+------+--------+--------+
# | DRV      | 130   |  1  | 1  |  1  | 0  | 0  | 0x04   | 0x48   |  0   |   0  |  0   |  0   |  0   |  0   | 0x00   | 0x00   |
# +----------+-------+-----+----+-----+----+----+--------+--------+------+------+------+------+------+------+--------+--------+
# UVM_INFO ../tb/env/reference_model.sv(158) @ 1295000: reporter [FIFO_REF] Reference model transaction[130]
# +----------+-------+-----+----+-----+----+----+--------+--------+------+------+------+------+------+------+--------+--------+
# | SRC      | IDX   | RST | CS | REG | WR | RD | ADDR   | DATAIN | FULL | EMPTY| ALMF | ALME | OVFL | UDFL | DOUT   | RDATA  |
# +----------+-------+-----+----+-----+----+----+--------+--------+------+------+------+------+------+------+--------+--------+
# | REF_IN   | 130   |  1  | 1  |  1  | 0  | 0  | 0x04   | 0x48   |  0   |   0  |  1   |  0   |  0   |  0   | 0x7a   | 0x00   |
# | REF_OUT  | 130   |  1  | 1  |  1  | 0  | 0  | 0x04   | 0x48   |  0   |   0  |  1   |  0   |  0   |  0   | 0x7a   | 0x00   |
# +----------+-------+-----+----+-----+----+----+--------+--------+------+------+------+------+------+------+--------+--------+
# State: old_occ=7 new_occ=7 af=6 ae=4 fill=7 clr_pulse=0
# UVM_INFO ../tb/env/scoreboard.sv(71) @ 1295000: uvm_test_top.env_h.scoreboard_h [FIFO_SB_CMP] Scoreboard compare[130]
# +----------+-------+-----+----+-----+----+----+--------+--------+------+------+------+------+------+------+--------+--------+
# | SRC      | IDX   | RST | CS | REG | WR | RD | ADDR   | DATAIN | FULL | EMPTY| ALMF | ALME | OVFL | UDFL | DOUT   | RDATA  |
# +----------+-------+-----+----+-----+----+----+--------+--------+------+------+------+------+------+------+--------+--------+
# | OBS      | 130   |  1  | 1  |  1  | 0  | 0  | 0x04   | 0x48   |  0   |   0  |  1   |  0   |  0   |  0   | 0x7a   | 0x00   |
# | EXP      | 130   |  1  | 1  |  1  | 0  | 0  | 0x04   | 0x48   |  0   |   0  |  1   |  0   |  0   |  0   | 0x7a   | 0x00   |
# +----------+-------+-----+----+-----+----+----+--------+--------+------+------+------+------+------+------+--------+--------+
# Result: PASS | pass_count=130 fail_count=0
# UVM_INFO ../tb/agent/read_monitor.sv(44) @ 1295000: uvm_test_top.env_h.agent_h.monitor_h [FIFO_MON] Monitor transaction[130]
# +----------+-------+-----+----+-----+----+----+--------+--------+------+------+------+------+------+------+--------+--------+
# | SRC      | IDX   | RST | CS | REG | WR | RD | ADDR   | DATAIN | FULL | EMPTY| ALMF | ALME | OVFL | UDFL | DOUT   | RDATA  |
# +----------+-------+-----+----+-----+----+----+--------+--------+------+------+------+------+------+------+--------+--------+
# | MON      | 130   |  1  | 1  |  1  | 0  | 0  | 0x04   | 0x48   |  0   |   0  |  1   |  0   |  0   |  0   | 0x7a   | 0x00   |
# +----------+-------+-----+----+-----+----+----+--------+--------+------+------+------+------+------+------+--------+--------+
# UVM_INFO ../tb/agent/write_drv.sv(33) @ 1300000: uvm_test_top.env_h.agent_h.driver_h [FIFO_DRV] Driver transaction[131]
# +----------+-------+-----+----+-----+----+----+--------+--------+------+------+------+------+------+------+--------+--------+
# | SRC      | IDX   | RST | CS | REG | WR | RD | ADDR   | DATAIN | FULL | EMPTY| ALMF | ALME | OVFL | UDFL | DOUT   | RDATA  |
# +----------+-------+-----+----+-----+----+----+--------+--------+------+------+------+------+------+------+--------+--------+
# | DRV      | 131   |  1  | 1  |  0  | 1  | 0  | 0x00   | 0x77   |  0   |   0  |  0   |  0   |  0   |  0   | 0x00   | 0x00   |
# +----------+-------+-----+----+-----+----+----+--------+--------+------+------+------+------+------+------+--------+--------+
# UVM_INFO ../tb/env/reference_model.sv(158) @ 1305000: reporter [FIFO_REF] Reference model transaction[131]
# +----------+-------+-----+----+-----+----+----+--------+--------+------+------+------+------+------+------+--------+--------+
# | SRC      | IDX   | RST | CS | REG | WR | RD | ADDR   | DATAIN | FULL | EMPTY| ALMF | ALME | OVFL | UDFL | DOUT   | RDATA  |
# +----------+-------+-----+----+-----+----+----+--------+--------+------+------+------+------+------+------+--------+--------+
# | REF_IN   | 131   |  1  | 1  |  0  | 1  | 0  | 0x00   | 0x77   |  0   |   0  |  1   |  0   |  0   |  0   | 0x7a   | 0x00   |
# | REF_OUT  | 131   |  1  | 1  |  0  | 1  | 0  | 0x00   | 0x77   |  0   |   0  |  1   |  0   |  0   |  0   | 0x7a   | 0x00   |
# +----------+-------+-----+----+-----+----+----+--------+--------+------+------+------+------+------+------+--------+--------+
# State: old_occ=7 new_occ=8 af=6 ae=4 fill=7 clr_pulse=0
# UVM_INFO ../tb/env/scoreboard.sv(71) @ 1305000: uvm_test_top.env_h.scoreboard_h [FIFO_SB_CMP] Scoreboard compare[131]
# +----------+-------+-----+----+-----+----+----+--------+--------+------+------+------+------+------+------+--------+--------+
# | SRC      | IDX   | RST | CS | REG | WR | RD | ADDR   | DATAIN | FULL | EMPTY| ALMF | ALME | OVFL | UDFL | DOUT   | RDATA  |
# +----------+-------+-----+----+-----+----+----+--------+--------+------+------+------+------+------+------+--------+--------+
# | OBS      | 131   |  1  | 1  |  0  | 1  | 0  | 0x00   | 0x77   |  0   |   0  |  1   |  0   |  0   |  0   | 0x7a   | 0x00   |
# | EXP      | 131   |  1  | 1  |  0  | 1  | 0  | 0x00   | 0x77   |  0   |   0  |  1   |  0   |  0   |  0   | 0x7a   | 0x00   |
# +----------+-------+-----+----+-----+----+----+--------+--------+------+------+------+------+------+------+--------+--------+
# Result: PASS | pass_count=131 fail_count=0
# UVM_INFO ../tb/agent/read_monitor.sv(44) @ 1305000: uvm_test_top.env_h.agent_h.monitor_h [FIFO_MON] Monitor transaction[131]
# +----------+-------+-----+----+-----+----+----+--------+--------+------+------+------+------+------+------+--------+--------+
# | SRC      | IDX   | RST | CS | REG | WR | RD | ADDR   | DATAIN | FULL | EMPTY| ALMF | ALME | OVFL | UDFL | DOUT   | RDATA  |
# +----------+-------+-----+----+-----+----+----+--------+--------+------+------+------+------+------+------+--------+--------+
# | MON      | 131   |  1  | 1  |  0  | 1  | 0  | 0x00   | 0x77   |  0   |   0  |  1   |  0   |  0   |  0   | 0x7a   | 0x00   |
# +----------+-------+-----+----+-----+----+----+--------+--------+------+------+------+------+------+------+--------+--------+
# UVM_INFO ../tb/agent/write_drv.sv(33) @ 1310000: uvm_test_top.env_h.agent_h.driver_h [FIFO_DRV] Driver transaction[132]
# +----------+-------+-----+----+-----+----+----+--------+--------+------+------+------+------+------+------+--------+--------+
# | SRC      | IDX   | RST | CS | REG | WR | RD | ADDR   | DATAIN | FULL | EMPTY| ALMF | ALME | OVFL | UDFL | DOUT   | RDATA  |
# +----------+-------+-----+----+-----+----+----+--------+--------+------+------+------+------+------+------+--------+--------+
# | DRV      | 132   |  1  | 0  |  1  | 0  | 1  | 0x00   | 0xf6   |  0   |   0  |  0   |  0   |  0   |  0   | 0x00   | 0x00   |
# +----------+-------+-----+----+-----+----+----+--------+--------+------+------+------+------+------+------+--------+--------+
# UVM_INFO ../tb/env/reference_model.sv(158) @ 1315000: reporter [FIFO_REF] Reference model transaction[132]
# +----------+-------+-----+----+-----+----+----+--------+--------+------+------+------+------+------+------+--------+--------+
# | SRC      | IDX   | RST | CS | REG | WR | RD | ADDR   | DATAIN | FULL | EMPTY| ALMF | ALME | OVFL | UDFL | DOUT   | RDATA  |
# +----------+-------+-----+----+-----+----+----+--------+--------+------+------+------+------+------+------+--------+--------+
# | REF_IN   | 132   |  1  | 0  |  1  | 0  | 1  | 0x00   | 0xf6   |  0   |   0  |  1   |  0   |  0   |  0   | 0x7a   | 0x00   |
# | REF_OUT  | 132   |  1  | 0  |  1  | 0  | 1  | 0x00   | 0xf6   |  0   |   0  |  1   |  0   |  0   |  0   | 0x7a   | 0x00   |
# +----------+-------+-----+----+-----+----+----+--------+--------+------+------+------+------+------+------+--------+--------+
# State: old_occ=8 new_occ=8 af=6 ae=4 fill=7 clr_pulse=0
# UVM_INFO ../tb/env/scoreboard.sv(71) @ 1315000: uvm_test_top.env_h.scoreboard_h [FIFO_SB_CMP] Scoreboard compare[132]
# +----------+-------+-----+----+-----+----+----+--------+--------+------+------+------+------+------+------+--------+--------+
# | SRC      | IDX   | RST | CS | REG | WR | RD | ADDR   | DATAIN | FULL | EMPTY| ALMF | ALME | OVFL | UDFL | DOUT   | RDATA  |
# +----------+-------+-----+----+-----+----+----+--------+--------+------+------+------+------+------+------+--------+--------+
# | OBS      | 132   |  1  | 0  |  1  | 0  | 1  | 0x00   | 0xf6   |  0   |   0  |  1   |  0   |  0   |  0   | 0x7a   | 0x00   |
# | EXP      | 132   |  1  | 0  |  1  | 0  | 1  | 0x00   | 0xf6   |  0   |   0  |  1   |  0   |  0   |  0   | 0x7a   | 0x00   |
# +----------+-------+-----+----+-----+----+----+--------+--------+------+------+------+------+------+------+--------+--------+
# Result: PASS | pass_count=132 fail_count=0
# UVM_INFO ../tb/agent/read_monitor.sv(44) @ 1315000: uvm_test_top.env_h.agent_h.monitor_h [FIFO_MON] Monitor transaction[132]
# +----------+-------+-----+----+-----+----+----+--------+--------+------+------+------+------+------+------+--------+--------+
# | SRC      | IDX   | RST | CS | REG | WR | RD | ADDR   | DATAIN | FULL | EMPTY| ALMF | ALME | OVFL | UDFL | DOUT   | RDATA  |
# +----------+-------+-----+----+-----+----+----+--------+--------+------+------+------+------+------+------+--------+--------+
# | MON      | 132   |  1  | 0  |  1  | 0  | 1  | 0x00   | 0xf6   |  0   |   0  |  1   |  0   |  0   |  0   | 0x7a   | 0x00   |
# +----------+-------+-----+----+-----+----+----+--------+--------+------+------+------+------+------+------+--------+--------+
# UVM_INFO ../tb/agent/write_drv.sv(33) @ 1320000: uvm_test_top.env_h.agent_h.driver_h [FIFO_DRV] Driver transaction[133]
# +----------+-------+-----+----+-----+----+----+--------+--------+------+------+------+------+------+------+--------+--------+
# | SRC      | IDX   | RST | CS | REG | WR | RD | ADDR   | DATAIN | FULL | EMPTY| ALMF | ALME | OVFL | UDFL | DOUT   | RDATA  |
# +----------+-------+-----+----+-----+----+----+--------+--------+------+------+------+------+------+------+--------+--------+
# | DRV      | 133   |  1  | 1  |  0  | 1  | 0  | 0x00   | 0x90   |  0   |   0  |  0   |  0   |  0   |  0   | 0x00   | 0x00   |
# +----------+-------+-----+----+-----+----+----+--------+--------+------+------+------+------+------+------+--------+--------+
# UVM_INFO ../tb/env/reference_model.sv(158) @ 1325000: reporter [FIFO_REF] Reference model transaction[133]
# +----------+-------+-----+----+-----+----+----+--------+--------+------+------+------+------+------+------+--------+--------+
# | SRC      | IDX   | RST | CS | REG | WR | RD | ADDR   | DATAIN | FULL | EMPTY| ALMF | ALME | OVFL | UDFL | DOUT   | RDATA  |
# +----------+-------+-----+----+-----+----+----+--------+--------+------+------+------+------+------+------+--------+--------+
# | REF_IN   | 133   |  1  | 1  |  0  | 1  | 0  | 0x00   | 0x90   |  0   |   0  |  1   |  0   |  0   |  0   | 0x7a   | 0x00   |
# | REF_OUT  | 133   |  1  | 1  |  0  | 1  | 0  | 0x00   | 0x90   |  0   |   0  |  1   |  0   |  0   |  0   | 0x7a   | 0x00   |
# +----------+-------+-----+----+-----+----+----+--------+--------+------+------+------+------+------+------+--------+--------+
# State: old_occ=8 new_occ=9 af=6 ae=4 fill=8 clr_pulse=0
# UVM_INFO ../tb/env/scoreboard.sv(71) @ 1325000: uvm_test_top.env_h.scoreboard_h [FIFO_SB_CMP] Scoreboard compare[133]
# +----------+-------+-----+----+-----+----+----+--------+--------+------+------+------+------+------+------+--------+--------+
# | SRC      | IDX   | RST | CS | REG | WR | RD | ADDR   | DATAIN | FULL | EMPTY| ALMF | ALME | OVFL | UDFL | DOUT   | RDATA  |
# +----------+-------+-----+----+-----+----+----+--------+--------+------+------+------+------+------+------+--------+--------+
# | OBS      | 133   |  1  | 1  |  0  | 1  | 0  | 0x00   | 0x90   |  0   |   0  |  1   |  0   |  0   |  0   | 0x7a   | 0x00   |
# | EXP      | 133   |  1  | 1  |  0  | 1  | 0  | 0x00   | 0x90   |  0   |   0  |  1   |  0   |  0   |  0   | 0x7a   | 0x00   |
# +----------+-------+-----+----+-----+----+----+--------+--------+------+------+------+------+------+------+--------+--------+
# Result: PASS | pass_count=133 fail_count=0
# UVM_INFO ../tb/agent/read_monitor.sv(44) @ 1325000: uvm_test_top.env_h.agent_h.monitor_h [FIFO_MON] Monitor transaction[133]
# +----------+-------+-----+----+-----+----+----+--------+--------+------+------+------+------+------+------+--------+--------+
# | SRC      | IDX   | RST | CS | REG | WR | RD | ADDR   | DATAIN | FULL | EMPTY| ALMF | ALME | OVFL | UDFL | DOUT   | RDATA  |
# +----------+-------+-----+----+-----+----+----+--------+--------+------+------+------+------+------+------+--------+--------+
# | MON      | 133   |  1  | 1  |  0  | 1  | 0  | 0x00   | 0x90   |  0   |   0  |  1   |  0   |  0   |  0   | 0x7a   | 0x00   |
# +----------+-------+-----+----+-----+----+----+--------+--------+------+------+------+------+------+------+--------+--------+
# UVM_INFO ../tb/agent/write_drv.sv(33) @ 1330000: uvm_test_top.env_h.agent_h.driver_h [FIFO_DRV] Driver transaction[134]
# +----------+-------+-----+----+-----+----+----+--------+--------+------+------+------+------+------+------+--------+--------+
# | SRC      | IDX   | RST | CS | REG | WR | RD | ADDR   | DATAIN | FULL | EMPTY| ALMF | ALME | OVFL | UDFL | DOUT   | RDATA  |
# +----------+-------+-----+----+-----+----+----+--------+--------+------+------+------+------+------+------+--------+--------+
# | DRV      | 134   |  1  | 1  |  0  | 0  | 0  | 0x00   | 0xa7   |  0   |   0  |  0   |  0   |  0   |  0   | 0x00   | 0x00   |
# +----------+-------+-----+----+-----+----+----+--------+--------+------+------+------+------+------+------+--------+--------+
# UVM_INFO ../tb/env/reference_model.sv(158) @ 1335000: reporter [FIFO_REF] Reference model transaction[134]
# +----------+-------+-----+----+-----+----+----+--------+--------+------+------+------+------+------+------+--------+--------+
# | SRC      | IDX   | RST | CS | REG | WR | RD | ADDR   | DATAIN | FULL | EMPTY| ALMF | ALME | OVFL | UDFL | DOUT   | RDATA  |
# +----------+-------+-----+----+-----+----+----+--------+--------+------+------+------+------+------+------+--------+--------+
# | REF_IN   | 134   |  1  | 1  |  0  | 0  | 0  | 0x00   | 0xa7   |  0   |   0  |  1   |  0   |  0   |  0   | 0x7a   | 0x00   |
# | REF_OUT  | 134   |  1  | 1  |  0  | 0  | 0  | 0x00   | 0xa7   |  0   |   0  |  1   |  0   |  0   |  0   | 0x7a   | 0x00   |
# +----------+-------+-----+----+-----+----+----+--------+--------+------+------+------+------+------+------+--------+--------+
# State: old_occ=9 new_occ=9 af=6 ae=4 fill=9 clr_pulse=0
# UVM_INFO ../tb/env/scoreboard.sv(71) @ 1335000: uvm_test_top.env_h.scoreboard_h [FIFO_SB_CMP] Scoreboard compare[134]
# +----------+-------+-----+----+-----+----+----+--------+--------+------+------+------+------+------+------+--------+--------+
# | SRC      | IDX   | RST | CS | REG | WR | RD | ADDR   | DATAIN | FULL | EMPTY| ALMF | ALME | OVFL | UDFL | DOUT   | RDATA  |
# +----------+-------+-----+----+-----+----+----+--------+--------+------+------+------+------+------+------+--------+--------+
# | OBS      | 134   |  1  | 1  |  0  | 0  | 0  | 0x00   | 0xa7   |  0   |   0  |  1   |  0   |  0   |  0   | 0x7a   | 0x00   |
# | EXP      | 134   |  1  | 1  |  0  | 0  | 0  | 0x00   | 0xa7   |  0   |   0  |  1   |  0   |  0   |  0   | 0x7a   | 0x00   |
# +----------+-------+-----+----+-----+----+----+--------+--------+------+------+------+------+------+------+--------+--------+
# Result: PASS | pass_count=134 fail_count=0
# UVM_INFO ../tb/agent/read_monitor.sv(44) @ 1335000: uvm_test_top.env_h.agent_h.monitor_h [FIFO_MON] Monitor transaction[134]
# +----------+-------+-----+----+-----+----+----+--------+--------+------+------+------+------+------+------+--------+--------+
# | SRC      | IDX   | RST | CS | REG | WR | RD | ADDR   | DATAIN | FULL | EMPTY| ALMF | ALME | OVFL | UDFL | DOUT   | RDATA  |
# +----------+-------+-----+----+-----+----+----+--------+--------+------+------+------+------+------+------+--------+--------+
# | MON      | 134   |  1  | 1  |  0  | 0  | 0  | 0x00   | 0xa7   |  0   |   0  |  1   |  0   |  0   |  0   | 0x7a   | 0x00   |
# +----------+-------+-----+----+-----+----+----+--------+--------+------+------+------+------+------+------+--------+--------+
# UVM_INFO ../tb/agent/write_drv.sv(33) @ 1340000: uvm_test_top.env_h.agent_h.driver_h [FIFO_DRV] Driver transaction[135]
# +----------+-------+-----+----+-----+----+----+--------+--------+------+------+------+------+------+------+--------+--------+
# | SRC      | IDX   | RST | CS | REG | WR | RD | ADDR   | DATAIN | FULL | EMPTY| ALMF | ALME | OVFL | UDFL | DOUT   | RDATA  |
# +----------+-------+-----+----+-----+----+----+--------+--------+------+------+------+------+------+------+--------+--------+
# | DRV      | 135   |  1  | 1  |  0  | 1  | 1  | 0x00   | 0x5d   |  0   |   0  |  0   |  0   |  0   |  0   | 0x00   | 0x00   |
# +----------+-------+-----+----+-----+----+----+--------+--------+------+------+------+------+------+------+--------+--------+
# UVM_INFO ../tb/env/reference_model.sv(158) @ 1345000: reporter [FIFO_REF] Reference model transaction[135]
# +----------+-------+-----+----+-----+----+----+--------+--------+------+------+------+------+------+------+--------+--------+
# | SRC      | IDX   | RST | CS | REG | WR | RD | ADDR   | DATAIN | FULL | EMPTY| ALMF | ALME | OVFL | UDFL | DOUT   | RDATA  |
# +----------+-------+-----+----+-----+----+----+--------+--------+------+------+------+------+------+------+--------+--------+
# | REF_IN   | 135   |  1  | 1  |  0  | 1  | 1  | 0x00   | 0x5d   |  0   |   0  |  1   |  0   |  0   |  0   | 0x58   | 0x00   |
# | REF_OUT  | 135   |  1  | 1  |  0  | 1  | 1  | 0x00   | 0x5d   |  0   |   0  |  1   |  0   |  0   |  0   | 0x58   | 0x00   |
# +----------+-------+-----+----+-----+----+----+--------+--------+------+------+------+------+------+------+--------+--------+
# State: old_occ=9 new_occ=9 af=6 ae=4 fill=9 clr_pulse=0
# UVM_INFO ../tb/env/scoreboard.sv(71) @ 1345000: uvm_test_top.env_h.scoreboard_h [FIFO_SB_CMP] Scoreboard compare[135]
# +----------+-------+-----+----+-----+----+----+--------+--------+------+------+------+------+------+------+--------+--------+
# | SRC      | IDX   | RST | CS | REG | WR | RD | ADDR   | DATAIN | FULL | EMPTY| ALMF | ALME | OVFL | UDFL | DOUT   | RDATA  |
# +----------+-------+-----+----+-----+----+----+--------+--------+------+------+------+------+------+------+--------+--------+
# | OBS      | 135   |  1  | 1  |  0  | 1  | 1  | 0x00   | 0x5d   |  0   |   0  |  1   |  0   |  0   |  0   | 0x58   | 0x00   |
# | EXP      | 135   |  1  | 1  |  0  | 1  | 1  | 0x00   | 0x5d   |  0   |   0  |  1   |  0   |  0   |  0   | 0x58   | 0x00   |
# +----------+-------+-----+----+-----+----+----+--------+--------+------+------+------+------+------+------+--------+--------+
# Result: PASS | pass_count=135 fail_count=0
# UVM_INFO ../tb/agent/read_monitor.sv(44) @ 1345000: uvm_test_top.env_h.agent_h.monitor_h [FIFO_MON] Monitor transaction[135]
# +----------+-------+-----+----+-----+----+----+--------+--------+------+------+------+------+------+------+--------+--------+
# | SRC      | IDX   | RST | CS | REG | WR | RD | ADDR   | DATAIN | FULL | EMPTY| ALMF | ALME | OVFL | UDFL | DOUT   | RDATA  |
# +----------+-------+-----+----+-----+----+----+--------+--------+------+------+------+------+------+------+--------+--------+
# | MON      | 135   |  1  | 1  |  0  | 1  | 1  | 0x00   | 0x5d   |  0   |   0  |  1   |  0   |  0   |  0   | 0x58   | 0x00   |
# +----------+-------+-----+----+-----+----+----+--------+--------+------+------+------+------+------+------+--------+--------+
# UVM_INFO ../tb/agent/write_drv.sv(33) @ 1350000: uvm_test_top.env_h.agent_h.driver_h [FIFO_DRV] Driver transaction[136]
# +----------+-------+-----+----+-----+----+----+--------+--------+------+------+------+------+------+------+--------+--------+
# | SRC      | IDX   | RST | CS | REG | WR | RD | ADDR   | DATAIN | FULL | EMPTY| ALMF | ALME | OVFL | UDFL | DOUT   | RDATA  |
# +----------+-------+-----+----+-----+----+----+--------+--------+------+------+------+------+------+------+--------+--------+
# | DRV      | 136   |  1  | 1  |  1  | 1  | 1  | 0x14   | 0x5f   |  0   |   0  |  0   |  0   |  0   |  0   | 0x00   | 0x00   |
# +----------+-------+-----+----+-----+----+----+--------+--------+------+------+------+------+------+------+--------+--------+
# UVM_INFO ../tb/env/reference_model.sv(158) @ 1355000: reporter [FIFO_REF] Reference model transaction[136]
# +----------+-------+-----+----+-----+----+----+--------+--------+------+------+------+------+------+------+--------+--------+
# | SRC      | IDX   | RST | CS | REG | WR | RD | ADDR   | DATAIN | FULL | EMPTY| ALMF | ALME | OVFL | UDFL | DOUT   | RDATA  |
# +----------+-------+-----+----+-----+----+----+--------+--------+------+------+------+------+------+------+--------+--------+
# | REF_IN   | 136   |  1  | 1  |  1  | 1  | 1  | 0x14   | 0x5f   |  0   |   0  |  1   |  0   |  0   |  0   | 0x58   | 0x09   |
# | REF_OUT  | 136   |  1  | 1  |  1  | 1  | 1  | 0x14   | 0x5f   |  0   |   0  |  1   |  0   |  0   |  0   | 0x58   | 0x09   |
# +----------+-------+-----+----+-----+----+----+--------+--------+------+------+------+------+------+------+--------+--------+
# State: old_occ=9 new_occ=9 af=6 ae=4 fill=9 clr_pulse=0
# UVM_INFO ../tb/env/scoreboard.sv(71) @ 1355000: uvm_test_top.env_h.scoreboard_h [FIFO_SB_CMP] Scoreboard compare[136]
# +----------+-------+-----+----+-----+----+----+--------+--------+------+------+------+------+------+------+--------+--------+
# | SRC      | IDX   | RST | CS | REG | WR | RD | ADDR   | DATAIN | FULL | EMPTY| ALMF | ALME | OVFL | UDFL | DOUT   | RDATA  |
# +----------+-------+-----+----+-----+----+----+--------+--------+------+------+------+------+------+------+--------+--------+
# | OBS      | 136   |  1  | 1  |  1  | 1  | 1  | 0x14   | 0x5f   |  0   |   0  |  1   |  0   |  0   |  0   | 0x58   | 0x09   |
# | EXP      | 136   |  1  | 1  |  1  | 1  | 1  | 0x14   | 0x5f   |  0   |   0  |  1   |  0   |  0   |  0   | 0x58   | 0x09   |
# +----------+-------+-----+----+-----+----+----+--------+--------+------+------+------+------+------+------+--------+--------+
# Result: PASS | pass_count=136 fail_count=0
# UVM_INFO ../tb/agent/read_monitor.sv(44) @ 1355000: uvm_test_top.env_h.agent_h.monitor_h [FIFO_MON] Monitor transaction[136]
# +----------+-------+-----+----+-----+----+----+--------+--------+------+------+------+------+------+------+--------+--------+
# | SRC      | IDX   | RST | CS | REG | WR | RD | ADDR   | DATAIN | FULL | EMPTY| ALMF | ALME | OVFL | UDFL | DOUT   | RDATA  |
# +----------+-------+-----+----+-----+----+----+--------+--------+------+------+------+------+------+------+--------+--------+
# | MON      | 136   |  1  | 1  |  1  | 1  | 1  | 0x14   | 0x5f   |  0   |   0  |  1   |  0   |  0   |  0   | 0x58   | 0x09   |
# +----------+-------+-----+----+-----+----+----+--------+--------+------+------+------+------+------+------+--------+--------+
# UVM_INFO ../tb/agent/write_drv.sv(33) @ 1360000: uvm_test_top.env_h.agent_h.driver_h [FIFO_DRV] Driver transaction[137]
# +----------+-------+-----+----+-----+----+----+--------+--------+------+------+------+------+------+------+--------+--------+
# | SRC      | IDX   | RST | CS | REG | WR | RD | ADDR   | DATAIN | FULL | EMPTY| ALMF | ALME | OVFL | UDFL | DOUT   | RDATA  |
# +----------+-------+-----+----+-----+----+----+--------+--------+------+------+------+------+------+------+--------+--------+
# | DRV      | 137   |  1  | 1  |  1  | 1  | 1  | 0x10   | 0x63   |  0   |   0  |  0   |  0   |  0   |  0   | 0x00   | 0x00   |
# +----------+-------+-----+----+-----+----+----+--------+--------+------+------+------+------+------+------+--------+--------+
# UVM_INFO ../tb/env/reference_model.sv(158) @ 1365000: reporter [FIFO_REF] Reference model transaction[137]
# +----------+-------+-----+----+-----+----+----+--------+--------+------+------+------+------+------+------+--------+--------+
# | SRC      | IDX   | RST | CS | REG | WR | RD | ADDR   | DATAIN | FULL | EMPTY| ALMF | ALME | OVFL | UDFL | DOUT   | RDATA  |
# +----------+-------+-----+----+-----+----+----+--------+--------+------+------+------+------+------+------+--------+--------+
# | REF_IN   | 137   |  1  | 1  |  1  | 1  | 1  | 0x10   | 0x63   |  0   |   0  |  1   |  0   |  0   |  0   | 0x58   | 0xc4   |
# | REF_OUT  | 137   |  1  | 1  |  1  | 1  | 1  | 0x10   | 0x63   |  0   |   0  |  1   |  0   |  0   |  0   | 0x58   | 0xc4   |
# +----------+-------+-----+----+-----+----+----+--------+--------+------+------+------+------+------+------+--------+--------+
# State: old_occ=9 new_occ=9 af=6 ae=4 fill=9 clr_pulse=0
# UVM_INFO ../tb/env/scoreboard.sv(71) @ 1365000: uvm_test_top.env_h.scoreboard_h [FIFO_SB_CMP] Scoreboard compare[137]
# +----------+-------+-----+----+-----+----+----+--------+--------+------+------+------+------+------+------+--------+--------+
# | SRC      | IDX   | RST | CS | REG | WR | RD | ADDR   | DATAIN | FULL | EMPTY| ALMF | ALME | OVFL | UDFL | DOUT   | RDATA  |
# +----------+-------+-----+----+-----+----+----+--------+--------+------+------+------+------+------+------+--------+--------+
# | OBS      | 137   |  1  | 1  |  1  | 1  | 1  | 0x10   | 0x63   |  0   |   0  |  1   |  0   |  0   |  0   | 0x58   | 0xc4   |
# | EXP      | 137   |  1  | 1  |  1  | 1  | 1  | 0x10   | 0x63   |  0   |   0  |  1   |  0   |  0   |  0   | 0x58   | 0xc4   |
# +----------+-------+-----+----+-----+----+----+--------+--------+------+------+------+------+------+------+--------+--------+
# Result: PASS | pass_count=137 fail_count=0
# UVM_INFO ../tb/agent/read_monitor.sv(44) @ 1365000: uvm_test_top.env_h.agent_h.monitor_h [FIFO_MON] Monitor transaction[137]
# +----------+-------+-----+----+-----+----+----+--------+--------+------+------+------+------+------+------+--------+--------+
# | SRC      | IDX   | RST | CS | REG | WR | RD | ADDR   | DATAIN | FULL | EMPTY| ALMF | ALME | OVFL | UDFL | DOUT   | RDATA  |
# +----------+-------+-----+----+-----+----+----+--------+--------+------+------+------+------+------+------+--------+--------+
# | MON      | 137   |  1  | 1  |  1  | 1  | 1  | 0x10   | 0x63   |  0   |   0  |  1   |  0   |  0   |  0   | 0x58   | 0xc4   |
# +----------+-------+-----+----+-----+----+----+--------+--------+------+------+------+------+------+------+--------+--------+
# UVM_INFO ../tb/agent/write_drv.sv(33) @ 1370000: uvm_test_top.env_h.agent_h.driver_h [FIFO_DRV] Driver transaction[138]
# +----------+-------+-----+----+-----+----+----+--------+--------+------+------+------+------+------+------+--------+--------+
# | SRC      | IDX   | RST | CS | REG | WR | RD | ADDR   | DATAIN | FULL | EMPTY| ALMF | ALME | OVFL | UDFL | DOUT   | RDATA  |
# +----------+-------+-----+----+-----+----+----+--------+--------+------+------+------+------+------+------+--------+--------+
# | DRV      | 138   |  1  | 0  |  0  | 0  | 0  | 0x00   | 0x32   |  0   |   0  |  0   |  0   |  0   |  0   | 0x00   | 0x00   |
# +----------+-------+-----+----+-----+----+----+--------+--------+------+------+------+------+------+------+--------+--------+
# UVM_INFO ../tb/env/reference_model.sv(158) @ 1375000: reporter [FIFO_REF] Reference model transaction[138]
# +----------+-------+-----+----+-----+----+----+--------+--------+------+------+------+------+------+------+--------+--------+
# | SRC      | IDX   | RST | CS | REG | WR | RD | ADDR   | DATAIN | FULL | EMPTY| ALMF | ALME | OVFL | UDFL | DOUT   | RDATA  |
# +----------+-------+-----+----+-----+----+----+--------+--------+------+------+------+------+------+------+--------+--------+
# | REF_IN   | 138   |  1  | 0  |  0  | 0  | 0  | 0x00   | 0x32   |  0   |   0  |  1   |  0   |  0   |  0   | 0x58   | 0x00   |
# | REF_OUT  | 138   |  1  | 0  |  0  | 0  | 0  | 0x00   | 0x32   |  0   |   0  |  1   |  0   |  0   |  0   | 0x58   | 0x00   |
# +----------+-------+-----+----+-----+----+----+--------+--------+------+------+------+------+------+------+--------+--------+
# State: old_occ=9 new_occ=9 af=6 ae=4 fill=9 clr_pulse=0
# UVM_INFO ../tb/env/scoreboard.sv(71) @ 1375000: uvm_test_top.env_h.scoreboard_h [FIFO_SB_CMP] Scoreboard compare[138]
# +----------+-------+-----+----+-----+----+----+--------+--------+------+------+------+------+------+------+--------+--------+
# | SRC      | IDX   | RST | CS | REG | WR | RD | ADDR   | DATAIN | FULL | EMPTY| ALMF | ALME | OVFL | UDFL | DOUT   | RDATA  |
# +----------+-------+-----+----+-----+----+----+--------+--------+------+------+------+------+------+------+--------+--------+
# | OBS      | 138   |  1  | 0  |  0  | 0  | 0  | 0x00   | 0x32   |  0   |   0  |  1   |  0   |  0   |  0   | 0x58   | 0x00   |
# | EXP      | 138   |  1  | 0  |  0  | 0  | 0  | 0x00   | 0x32   |  0   |   0  |  1   |  0   |  0   |  0   | 0x58   | 0x00   |
# +----------+-------+-----+----+-----+----+----+--------+--------+------+------+------+------+------+------+--------+--------+
# Result: PASS | pass_count=138 fail_count=0
# UVM_INFO ../tb/agent/read_monitor.sv(44) @ 1375000: uvm_test_top.env_h.agent_h.monitor_h [FIFO_MON] Monitor transaction[138]
# +----------+-------+-----+----+-----+----+----+--------+--------+------+------+------+------+------+------+--------+--------+
# | SRC      | IDX   | RST | CS | REG | WR | RD | ADDR   | DATAIN | FULL | EMPTY| ALMF | ALME | OVFL | UDFL | DOUT   | RDATA  |
# +----------+-------+-----+----+-----+----+----+--------+--------+------+------+------+------+------+------+--------+--------+
# | MON      | 138   |  1  | 0  |  0  | 0  | 0  | 0x00   | 0x32   |  0   |   0  |  1   |  0   |  0   |  0   | 0x58   | 0x00   |
# +----------+-------+-----+----+-----+----+----+--------+--------+------+------+------+------+------+------+--------+--------+
# UVM_INFO ../tb/agent/write_drv.sv(33) @ 1380000: uvm_test_top.env_h.agent_h.driver_h [FIFO_DRV] Driver transaction[139]
# +----------+-------+-----+----+-----+----+----+--------+--------+------+------+------+------+------+------+--------+--------+
# | SRC      | IDX   | RST | CS | REG | WR | RD | ADDR   | DATAIN | FULL | EMPTY| ALMF | ALME | OVFL | UDFL | DOUT   | RDATA  |
# +----------+-------+-----+----+-----+----+----+--------+--------+------+------+------+------+------+------+--------+--------+
# | DRV      | 139   |  1  | 1  |  0  | 1  | 1  | 0x00   | 0xf4   |  0   |   0  |  0   |  0   |  0   |  0   | 0x00   | 0x00   |
# +----------+-------+-----+----+-----+----+----+--------+--------+------+------+------+------+------+------+--------+--------+
# UVM_INFO ../tb/env/reference_model.sv(158) @ 1385000: reporter [FIFO_REF] Reference model transaction[139]
# +----------+-------+-----+----+-----+----+----+--------+--------+------+------+------+------+------+------+--------+--------+
# | SRC      | IDX   | RST | CS | REG | WR | RD | ADDR   | DATAIN | FULL | EMPTY| ALMF | ALME | OVFL | UDFL | DOUT   | RDATA  |
# +----------+-------+-----+----+-----+----+----+--------+--------+------+------+------+------+------+------+--------+--------+
# | REF_IN   | 139   |  1  | 1  |  0  | 1  | 1  | 0x00   | 0xf4   |  0   |   0  |  1   |  0   |  0   |  0   | 0xc4   | 0x00   |
# | REF_OUT  | 139   |  1  | 1  |  0  | 1  | 1  | 0x00   | 0xf4   |  0   |   0  |  1   |  0   |  0   |  0   | 0xc4   | 0x00   |
# +----------+-------+-----+----+-----+----+----+--------+--------+------+------+------+------+------+------+--------+--------+
# State: old_occ=9 new_occ=9 af=6 ae=4 fill=9 clr_pulse=0
# UVM_INFO ../tb/env/scoreboard.sv(71) @ 1385000: uvm_test_top.env_h.scoreboard_h [FIFO_SB_CMP] Scoreboard compare[139]
# +----------+-------+-----+----+-----+----+----+--------+--------+------+------+------+------+------+------+--------+--------+
# | SRC      | IDX   | RST | CS | REG | WR | RD | ADDR   | DATAIN | FULL | EMPTY| ALMF | ALME | OVFL | UDFL | DOUT   | RDATA  |
# +----------+-------+-----+----+-----+----+----+--------+--------+------+------+------+------+------+------+--------+--------+
# | OBS      | 139   |  1  | 1  |  0  | 1  | 1  | 0x00   | 0xf4   |  0   |   0  |  1   |  0   |  0   |  0   | 0xc4   | 0x00   |
# | EXP      | 139   |  1  | 1  |  0  | 1  | 1  | 0x00   | 0xf4   |  0   |   0  |  1   |  0   |  0   |  0   | 0xc4   | 0x00   |
# +----------+-------+-----+----+-----+----+----+--------+--------+------+------+------+------+------+------+--------+--------+
# Result: PASS | pass_count=139 fail_count=0
# UVM_INFO ../tb/agent/read_monitor.sv(44) @ 1385000: uvm_test_top.env_h.agent_h.monitor_h [FIFO_MON] Monitor transaction[139]
# +----------+-------+-----+----+-----+----+----+--------+--------+------+------+------+------+------+------+--------+--------+
# | SRC      | IDX   | RST | CS | REG | WR | RD | ADDR   | DATAIN | FULL | EMPTY| ALMF | ALME | OVFL | UDFL | DOUT   | RDATA  |
# +----------+-------+-----+----+-----+----+----+--------+--------+------+------+------+------+------+------+--------+--------+
# | MON      | 139   |  1  | 1  |  0  | 1  | 1  | 0x00   | 0xf4   |  0   |   0  |  1   |  0   |  0   |  0   | 0xc4   | 0x00   |
# +----------+-------+-----+----+-----+----+----+--------+--------+------+------+------+------+------+------+--------+--------+
# UVM_INFO ../tb/agent/write_drv.sv(33) @ 1390000: uvm_test_top.env_h.agent_h.driver_h [FIFO_DRV] Driver transaction[140]
# +----------+-------+-----+----+-----+----+----+--------+--------+------+------+------+------+------+------+--------+--------+
# | SRC      | IDX   | RST | CS | REG | WR | RD | ADDR   | DATAIN | FULL | EMPTY| ALMF | ALME | OVFL | UDFL | DOUT   | RDATA  |
# +----------+-------+-----+----+-----+----+----+--------+--------+------+------+------+------+------+------+--------+--------+
# | DRV      | 140   |  1  | 1  |  0  | 1  | 0  | 0x00   | 0x50   |  0   |   0  |  0   |  0   |  0   |  0   | 0x00   | 0x00   |
# +----------+-------+-----+----+-----+----+----+--------+--------+------+------+------+------+------+------+--------+--------+
# UVM_INFO ../tb/env/reference_model.sv(158) @ 1395000: reporter [FIFO_REF] Reference model transaction[140]
# +----------+-------+-----+----+-----+----+----+--------+--------+------+------+------+------+------+------+--------+--------+
# | SRC      | IDX   | RST | CS | REG | WR | RD | ADDR   | DATAIN | FULL | EMPTY| ALMF | ALME | OVFL | UDFL | DOUT   | RDATA  |
# +----------+-------+-----+----+-----+----+----+--------+--------+------+------+------+------+------+------+--------+--------+
# | REF_IN   | 140   |  1  | 1  |  0  | 1  | 0  | 0x00   | 0x50   |  0   |   0  |  1   |  0   |  0   |  0   | 0xc4   | 0x00   |
# | REF_OUT  | 140   |  1  | 1  |  0  | 1  | 0  | 0x00   | 0x50   |  0   |   0  |  1   |  0   |  0   |  0   | 0xc4   | 0x00   |
# +----------+-------+-----+----+-----+----+----+--------+--------+------+------+------+------+------+------+--------+--------+
# State: old_occ=9 new_occ=10 af=6 ae=4 fill=9 clr_pulse=0
# UVM_INFO ../tb/env/scoreboard.sv(71) @ 1395000: uvm_test_top.env_h.scoreboard_h [FIFO_SB_CMP] Scoreboard compare[140]
# +----------+-------+-----+----+-----+----+----+--------+--------+------+------+------+------+------+------+--------+--------+
# | SRC      | IDX   | RST | CS | REG | WR | RD | ADDR   | DATAIN | FULL | EMPTY| ALMF | ALME | OVFL | UDFL | DOUT   | RDATA  |
# +----------+-------+-----+----+-----+----+----+--------+--------+------+------+------+------+------+------+--------+--------+
# | OBS      | 140   |  1  | 1  |  0  | 1  | 0  | 0x00   | 0x50   |  0   |   0  |  1   |  0   |  0   |  0   | 0xc4   | 0x00   |
# | EXP      | 140   |  1  | 1  |  0  | 1  | 0  | 0x00   | 0x50   |  0   |   0  |  1   |  0   |  0   |  0   | 0xc4   | 0x00   |
# +----------+-------+-----+----+-----+----+----+--------+--------+------+------+------+------+------+------+--------+--------+
# Result: PASS | pass_count=140 fail_count=0
# UVM_INFO ../tb/agent/read_monitor.sv(44) @ 1395000: uvm_test_top.env_h.agent_h.monitor_h [FIFO_MON] Monitor transaction[140]
# +----------+-------+-----+----+-----+----+----+--------+--------+------+------+------+------+------+------+--------+--------+
# | SRC      | IDX   | RST | CS | REG | WR | RD | ADDR   | DATAIN | FULL | EMPTY| ALMF | ALME | OVFL | UDFL | DOUT   | RDATA  |
# +----------+-------+-----+----+-----+----+----+--------+--------+------+------+------+------+------+------+--------+--------+
# | MON      | 140   |  1  | 1  |  0  | 1  | 0  | 0x00   | 0x50   |  0   |   0  |  1   |  0   |  0   |  0   | 0xc4   | 0x00   |
# +----------+-------+-----+----+-----+----+----+--------+--------+------+------+------+------+------+------+--------+--------+
# UVM_INFO ../tb/agent/write_drv.sv(33) @ 1400000: uvm_test_top.env_h.agent_h.driver_h [FIFO_DRV] Driver transaction[141]
# +----------+-------+-----+----+-----+----+----+--------+--------+------+------+------+------+------+------+--------+--------+
# | SRC      | IDX   | RST | CS | REG | WR | RD | ADDR   | DATAIN | FULL | EMPTY| ALMF | ALME | OVFL | UDFL | DOUT   | RDATA  |
# +----------+-------+-----+----+-----+----+----+--------+--------+------+------+------+------+------+------+--------+--------+
# | DRV      | 141   |  1  | 1  |  1  | 0  | 0  | 0x00   | 0x82   |  0   |   0  |  0   |  0   |  0   |  0   | 0x00   | 0x00   |
# +----------+-------+-----+----+-----+----+----+--------+--------+------+------+------+------+------+------+--------+--------+
# UVM_INFO ../tb/env/reference_model.sv(158) @ 1405000: reporter [FIFO_REF] Reference model transaction[141]
# +----------+-------+-----+----+-----+----+----+--------+--------+------+------+------+------+------+------+--------+--------+
# | SRC      | IDX   | RST | CS | REG | WR | RD | ADDR   | DATAIN | FULL | EMPTY| ALMF | ALME | OVFL | UDFL | DOUT   | RDATA  |
# +----------+-------+-----+----+-----+----+----+--------+--------+------+------+------+------+------+------+--------+--------+
# | REF_IN   | 141   |  1  | 1  |  1  | 0  | 0  | 0x00   | 0x82   |  0   |   0  |  1   |  0   |  0   |  0   | 0xc4   | 0x00   |
# | REF_OUT  | 141   |  1  | 1  |  1  | 0  | 0  | 0x00   | 0x82   |  0   |   0  |  1   |  0   |  0   |  0   | 0xc4   | 0x00   |
# +----------+-------+-----+----+-----+----+----+--------+--------+------+------+------+------+------+------+--------+--------+
# State: old_occ=10 new_occ=10 af=6 ae=4 fill=10 clr_pulse=0
# UVM_INFO ../tb/env/scoreboard.sv(71) @ 1405000: uvm_test_top.env_h.scoreboard_h [FIFO_SB_CMP] Scoreboard compare[141]
# +----------+-------+-----+----+-----+----+----+--------+--------+------+------+------+------+------+------+--------+--------+
# | SRC      | IDX   | RST | CS | REG | WR | RD | ADDR   | DATAIN | FULL | EMPTY| ALMF | ALME | OVFL | UDFL | DOUT   | RDATA  |
# +----------+-------+-----+----+-----+----+----+--------+--------+------+------+------+------+------+------+--------+--------+
# | OBS      | 141   |  1  | 1  |  1  | 0  | 0  | 0x00   | 0x82   |  0   |   0  |  1   |  0   |  0   |  0   | 0xc4   | 0x00   |
# | EXP      | 141   |  1  | 1  |  1  | 0  | 0  | 0x00   | 0x82   |  0   |   0  |  1   |  0   |  0   |  0   | 0xc4   | 0x00   |
# +----------+-------+-----+----+-----+----+----+--------+--------+------+------+------+------+------+------+--------+--------+
# Result: PASS | pass_count=141 fail_count=0
# UVM_INFO ../tb/agent/read_monitor.sv(44) @ 1405000: uvm_test_top.env_h.agent_h.monitor_h [FIFO_MON] Monitor transaction[141]
# +----------+-------+-----+----+-----+----+----+--------+--------+------+------+------+------+------+------+--------+--------+
# | SRC      | IDX   | RST | CS | REG | WR | RD | ADDR   | DATAIN | FULL | EMPTY| ALMF | ALME | OVFL | UDFL | DOUT   | RDATA  |
# +----------+-------+-----+----+-----+----+----+--------+--------+------+------+------+------+------+------+--------+--------+
# | MON      | 141   |  1  | 1  |  1  | 0  | 0  | 0x00   | 0x82   |  0   |   0  |  1   |  0   |  0   |  0   | 0xc4   | 0x00   |
# +----------+-------+-----+----+-----+----+----+--------+--------+------+------+------+------+------+------+--------+--------+
# UVM_INFO ../tb/agent/write_drv.sv(33) @ 1410000: uvm_test_top.env_h.agent_h.driver_h [FIFO_DRV] Driver transaction[142]
# +----------+-------+-----+----+-----+----+----+--------+--------+------+------+------+------+------+------+--------+--------+
# | SRC      | IDX   | RST | CS | REG | WR | RD | ADDR   | DATAIN | FULL | EMPTY| ALMF | ALME | OVFL | UDFL | DOUT   | RDATA  |
# +----------+-------+-----+----+-----+----+----+--------+--------+------+------+------+------+------+------+--------+--------+
# | DRV      | 142   |  1  | 1  |  0  | 1  | 1  | 0x00   | 0x0b   |  0   |   0  |  0   |  0   |  0   |  0   | 0x00   | 0x00   |
# +----------+-------+-----+----+-----+----+----+--------+--------+------+------+------+------+------+------+--------+--------+
# UVM_INFO ../tb/env/reference_model.sv(158) @ 1415000: reporter [FIFO_REF] Reference model transaction[142]
# +----------+-------+-----+----+-----+----+----+--------+--------+------+------+------+------+------+------+--------+--------+
# | SRC      | IDX   | RST | CS | REG | WR | RD | ADDR   | DATAIN | FULL | EMPTY| ALMF | ALME | OVFL | UDFL | DOUT   | RDATA  |
# +----------+-------+-----+----+-----+----+----+--------+--------+------+------+------+------+------+------+--------+--------+
# | REF_IN   | 142   |  1  | 1  |  0  | 1  | 1  | 0x00   | 0x0b   |  0   |   0  |  1   |  0   |  0   |  0   | 0x97   | 0x00   |
# | REF_OUT  | 142   |  1  | 1  |  0  | 1  | 1  | 0x00   | 0x0b   |  0   |   0  |  1   |  0   |  0   |  0   | 0x97   | 0x00   |
# +----------+-------+-----+----+-----+----+----+--------+--------+------+------+------+------+------+------+--------+--------+
# State: old_occ=10 new_occ=10 af=6 ae=4 fill=10 clr_pulse=0
# UVM_INFO ../tb/env/scoreboard.sv(71) @ 1415000: uvm_test_top.env_h.scoreboard_h [FIFO_SB_CMP] Scoreboard compare[142]
# +----------+-------+-----+----+-----+----+----+--------+--------+------+------+------+------+------+------+--------+--------+
# | SRC      | IDX   | RST | CS | REG | WR | RD | ADDR   | DATAIN | FULL | EMPTY| ALMF | ALME | OVFL | UDFL | DOUT   | RDATA  |
# +----------+-------+-----+----+-----+----+----+--------+--------+------+------+------+------+------+------+--------+--------+
# | OBS      | 142   |  1  | 1  |  0  | 1  | 1  | 0x00   | 0x0b   |  0   |   0  |  1   |  0   |  0   |  0   | 0x97   | 0x00   |
# | EXP      | 142   |  1  | 1  |  0  | 1  | 1  | 0x00   | 0x0b   |  0   |   0  |  1   |  0   |  0   |  0   | 0x97   | 0x00   |
# +----------+-------+-----+----+-----+----+----+--------+--------+------+------+------+------+------+------+--------+--------+
# Result: PASS | pass_count=142 fail_count=0
# UVM_INFO ../tb/agent/read_monitor.sv(44) @ 1415000: uvm_test_top.env_h.agent_h.monitor_h [FIFO_MON] Monitor transaction[142]
# +----------+-------+-----+----+-----+----+----+--------+--------+------+------+------+------+------+------+--------+--------+
# | SRC      | IDX   | RST | CS | REG | WR | RD | ADDR   | DATAIN | FULL | EMPTY| ALMF | ALME | OVFL | UDFL | DOUT   | RDATA  |
# +----------+-------+-----+----+-----+----+----+--------+--------+------+------+------+------+------+------+--------+--------+
# | MON      | 142   |  1  | 1  |  0  | 1  | 1  | 0x00   | 0x0b   |  0   |   0  |  1   |  0   |  0   |  0   | 0x97   | 0x00   |
# +----------+-------+-----+----+-----+----+----+--------+--------+------+------+------+------+------+------+--------+--------+
# UVM_INFO ../tb/agent/write_drv.sv(33) @ 1420000: uvm_test_top.env_h.agent_h.driver_h [FIFO_DRV] Driver transaction[143]
# +----------+-------+-----+----+-----+----+----+--------+--------+------+------+------+------+------+------+--------+--------+
# | SRC      | IDX   | RST | CS | REG | WR | RD | ADDR   | DATAIN | FULL | EMPTY| ALMF | ALME | OVFL | UDFL | DOUT   | RDATA  |
# +----------+-------+-----+----+-----+----+----+--------+--------+------+------+------+------+------+------+--------+--------+
# | DRV      | 143   |  1  | 0  |  0  | 0  | 1  | 0x00   | 0x70   |  0   |   0  |  0   |  0   |  0   |  0   | 0x00   | 0x00   |
# +----------+-------+-----+----+-----+----+----+--------+--------+------+------+------+------+------+------+--------+--------+
# UVM_INFO ../tb/env/reference_model.sv(158) @ 1425000: reporter [FIFO_REF] Reference model transaction[143]
# +----------+-------+-----+----+-----+----+----+--------+--------+------+------+------+------+------+------+--------+--------+
# | SRC      | IDX   | RST | CS | REG | WR | RD | ADDR   | DATAIN | FULL | EMPTY| ALMF | ALME | OVFL | UDFL | DOUT   | RDATA  |
# +----------+-------+-----+----+-----+----+----+--------+--------+------+------+------+------+------+------+--------+--------+
# | REF_IN   | 143   |  1  | 0  |  0  | 0  | 1  | 0x00   | 0x70   |  0   |   0  |  1   |  0   |  0   |  0   | 0x97   | 0x00   |
# | REF_OUT  | 143   |  1  | 0  |  0  | 0  | 1  | 0x00   | 0x70   |  0   |   0  |  1   |  0   |  0   |  0   | 0x97   | 0x00   |
# +----------+-------+-----+----+-----+----+----+--------+--------+------+------+------+------+------+------+--------+--------+
# State: old_occ=10 new_occ=10 af=6 ae=4 fill=10 clr_pulse=0
# UVM_INFO ../tb/env/scoreboard.sv(71) @ 1425000: uvm_test_top.env_h.scoreboard_h [FIFO_SB_CMP] Scoreboard compare[143]
# +----------+-------+-----+----+-----+----+----+--------+--------+------+------+------+------+------+------+--------+--------+
# | SRC      | IDX   | RST | CS | REG | WR | RD | ADDR   | DATAIN | FULL | EMPTY| ALMF | ALME | OVFL | UDFL | DOUT   | RDATA  |
# +----------+-------+-----+----+-----+----+----+--------+--------+------+------+------+------+------+------+--------+--------+
# | OBS      | 143   |  1  | 0  |  0  | 0  | 1  | 0x00   | 0x70   |  0   |   0  |  1   |  0   |  0   |  0   | 0x97   | 0x00   |
# | EXP      | 143   |  1  | 0  |  0  | 0  | 1  | 0x00   | 0x70   |  0   |   0  |  1   |  0   |  0   |  0   | 0x97   | 0x00   |
# +----------+-------+-----+----+-----+----+----+--------+--------+------+------+------+------+------+------+--------+--------+
# Result: PASS | pass_count=143 fail_count=0
# UVM_INFO ../tb/agent/read_monitor.sv(44) @ 1425000: uvm_test_top.env_h.agent_h.monitor_h [FIFO_MON] Monitor transaction[143]
# +----------+-------+-----+----+-----+----+----+--------+--------+------+------+------+------+------+------+--------+--------+
# | SRC      | IDX   | RST | CS | REG | WR | RD | ADDR   | DATAIN | FULL | EMPTY| ALMF | ALME | OVFL | UDFL | DOUT   | RDATA  |
# +----------+-------+-----+----+-----+----+----+--------+--------+------+------+------+------+------+------+--------+--------+
# | MON      | 143   |  1  | 0  |  0  | 0  | 1  | 0x00   | 0x70   |  0   |   0  |  1   |  0   |  0   |  0   | 0x97   | 0x00   |
# +----------+-------+-----+----+-----+----+----+--------+--------+------+------+------+------+------+------+--------+--------+
# UVM_INFO ../tb/agent/write_drv.sv(33) @ 1430000: uvm_test_top.env_h.agent_h.driver_h [FIFO_DRV] Driver transaction[144]
# +----------+-------+-----+----+-----+----+----+--------+--------+------+------+------+------+------+------+--------+--------+
# | SRC      | IDX   | RST | CS | REG | WR | RD | ADDR   | DATAIN | FULL | EMPTY| ALMF | ALME | OVFL | UDFL | DOUT   | RDATA  |
# +----------+-------+-----+----+-----+----+----+--------+--------+------+------+------+------+------+------+--------+--------+
# | DRV      | 144   |  1  | 1  |  0  | 0  | 0  | 0x00   | 0x61   |  0   |   0  |  0   |  0   |  0   |  0   | 0x00   | 0x00   |
# +----------+-------+-----+----+-----+----+----+--------+--------+------+------+------+------+------+------+--------+--------+
# UVM_INFO ../tb/env/reference_model.sv(158) @ 1435000: reporter [FIFO_REF] Reference model transaction[144]
# +----------+-------+-----+----+-----+----+----+--------+--------+------+------+------+------+------+------+--------+--------+
# | SRC      | IDX   | RST | CS | REG | WR | RD | ADDR   | DATAIN | FULL | EMPTY| ALMF | ALME | OVFL | UDFL | DOUT   | RDATA  |
# +----------+-------+-----+----+-----+----+----+--------+--------+------+------+------+------+------+------+--------+--------+
# | REF_IN   | 144   |  1  | 1  |  0  | 0  | 0  | 0x00   | 0x61   |  0   |   0  |  1   |  0   |  0   |  0   | 0x97   | 0x00   |
# | REF_OUT  | 144   |  1  | 1  |  0  | 0  | 0  | 0x00   | 0x61   |  0   |   0  |  1   |  0   |  0   |  0   | 0x97   | 0x00   |
# +----------+-------+-----+----+-----+----+----+--------+--------+------+------+------+------+------+------+--------+--------+
# State: old_occ=10 new_occ=10 af=6 ae=4 fill=10 clr_pulse=0
# UVM_INFO ../tb/env/scoreboard.sv(71) @ 1435000: uvm_test_top.env_h.scoreboard_h [FIFO_SB_CMP] Scoreboard compare[144]
# +----------+-------+-----+----+-----+----+----+--------+--------+------+------+------+------+------+------+--------+--------+
# | SRC      | IDX   | RST | CS | REG | WR | RD | ADDR   | DATAIN | FULL | EMPTY| ALMF | ALME | OVFL | UDFL | DOUT   | RDATA  |
# +----------+-------+-----+----+-----+----+----+--------+--------+------+------+------+------+------+------+--------+--------+
# | OBS      | 144   |  1  | 1  |  0  | 0  | 0  | 0x00   | 0x61   |  0   |   0  |  1   |  0   |  0   |  0   | 0x97   | 0x00   |
# | EXP      | 144   |  1  | 1  |  0  | 0  | 0  | 0x00   | 0x61   |  0   |   0  |  1   |  0   |  0   |  0   | 0x97   | 0x00   |
# +----------+-------+-----+----+-----+----+----+--------+--------+------+------+------+------+------+------+--------+--------+
# Result: PASS | pass_count=144 fail_count=0
# UVM_INFO ../tb/agent/read_monitor.sv(44) @ 1435000: uvm_test_top.env_h.agent_h.monitor_h [FIFO_MON] Monitor transaction[144]
# +----------+-------+-----+----+-----+----+----+--------+--------+------+------+------+------+------+------+--------+--------+
# | SRC      | IDX   | RST | CS | REG | WR | RD | ADDR   | DATAIN | FULL | EMPTY| ALMF | ALME | OVFL | UDFL | DOUT   | RDATA  |
# +----------+-------+-----+----+-----+----+----+--------+--------+------+------+------+------+------+------+--------+--------+
# | MON      | 144   |  1  | 1  |  0  | 0  | 0  | 0x00   | 0x61   |  0   |   0  |  1   |  0   |  0   |  0   | 0x97   | 0x00   |
# +----------+-------+-----+----+-----+----+----+--------+--------+------+------+------+------+------+------+--------+--------+
# UVM_INFO ../tb/agent/write_drv.sv(33) @ 1440000: uvm_test_top.env_h.agent_h.driver_h [FIFO_DRV] Driver transaction[145]
# +----------+-------+-----+----+-----+----+----+--------+--------+------+------+------+------+------+------+--------+--------+
# | SRC      | IDX   | RST | CS | REG | WR | RD | ADDR   | DATAIN | FULL | EMPTY| ALMF | ALME | OVFL | UDFL | DOUT   | RDATA  |
# +----------+-------+-----+----+-----+----+----+--------+--------+------+------+------+------+------+------+--------+--------+
# | DRV      | 145   |  1  | 1  |  0  | 0  | 1  | 0x00   | 0xd6   |  0   |   0  |  0   |  0   |  0   |  0   | 0x00   | 0x00   |
# +----------+-------+-----+----+-----+----+----+--------+--------+------+------+------+------+------+------+--------+--------+
# UVM_INFO ../tb/env/reference_model.sv(158) @ 1445000: reporter [FIFO_REF] Reference model transaction[145]
# +----------+-------+-----+----+-----+----+----+--------+--------+------+------+------+------+------+------+--------+--------+
# | SRC      | IDX   | RST | CS | REG | WR | RD | ADDR   | DATAIN | FULL | EMPTY| ALMF | ALME | OVFL | UDFL | DOUT   | RDATA  |
# +----------+-------+-----+----+-----+----+----+--------+--------+------+------+------+------+------+------+--------+--------+
# | REF_IN   | 145   |  1  | 1  |  0  | 0  | 1  | 0x00   | 0xd6   |  0   |   0  |  1   |  0   |  0   |  0   | 0x81   | 0x00   |
# | REF_OUT  | 145   |  1  | 1  |  0  | 0  | 1  | 0x00   | 0xd6   |  0   |   0  |  1   |  0   |  0   |  0   | 0x81   | 0x00   |
# +----------+-------+-----+----+-----+----+----+--------+--------+------+------+------+------+------+------+--------+--------+
# State: old_occ=10 new_occ=9 af=6 ae=4 fill=10 clr_pulse=0
# UVM_INFO ../tb/env/scoreboard.sv(71) @ 1445000: uvm_test_top.env_h.scoreboard_h [FIFO_SB_CMP] Scoreboard compare[145]
# +----------+-------+-----+----+-----+----+----+--------+--------+------+------+------+------+------+------+--------+--------+
# | SRC      | IDX   | RST | CS | REG | WR | RD | ADDR   | DATAIN | FULL | EMPTY| ALMF | ALME | OVFL | UDFL | DOUT   | RDATA  |
# +----------+-------+-----+----+-----+----+----+--------+--------+------+------+------+------+------+------+--------+--------+
# | OBS      | 145   |  1  | 1  |  0  | 0  | 1  | 0x00   | 0xd6   |  0   |   0  |  1   |  0   |  0   |  0   | 0x81   | 0x00   |
# | EXP      | 145   |  1  | 1  |  0  | 0  | 1  | 0x00   | 0xd6   |  0   |   0  |  1   |  0   |  0   |  0   | 0x81   | 0x00   |
# +----------+-------+-----+----+-----+----+----+--------+--------+------+------+------+------+------+------+--------+--------+
# Result: PASS | pass_count=145 fail_count=0
# UVM_INFO ../tb/agent/read_monitor.sv(44) @ 1445000: uvm_test_top.env_h.agent_h.monitor_h [FIFO_MON] Monitor transaction[145]
# +----------+-------+-----+----+-----+----+----+--------+--------+------+------+------+------+------+------+--------+--------+
# | SRC      | IDX   | RST | CS | REG | WR | RD | ADDR   | DATAIN | FULL | EMPTY| ALMF | ALME | OVFL | UDFL | DOUT   | RDATA  |
# +----------+-------+-----+----+-----+----+----+--------+--------+------+------+------+------+------+------+--------+--------+
# | MON      | 145   |  1  | 1  |  0  | 0  | 1  | 0x00   | 0xd6   |  0   |   0  |  1   |  0   |  0   |  0   | 0x81   | 0x00   |
# +----------+-------+-----+----+-----+----+----+--------+--------+------+------+------+------+------+------+--------+--------+
# UVM_INFO ../tb/agent/write_drv.sv(33) @ 1450000: uvm_test_top.env_h.agent_h.driver_h [FIFO_DRV] Driver transaction[146]
# +----------+-------+-----+----+-----+----+----+--------+--------+------+------+------+------+------+------+--------+--------+
# | SRC      | IDX   | RST | CS | REG | WR | RD | ADDR   | DATAIN | FULL | EMPTY| ALMF | ALME | OVFL | UDFL | DOUT   | RDATA  |
# +----------+-------+-----+----+-----+----+----+--------+--------+------+------+------+------+------+------+--------+--------+
# | DRV      | 146   |  1  | 1  |  0  | 0  | 1  | 0x00   | 0x67   |  0   |   0  |  0   |  0   |  0   |  0   | 0x00   | 0x00   |
# +----------+-------+-----+----+-----+----+----+--------+--------+------+------+------+------+------+------+--------+--------+
# UVM_INFO ../tb/env/reference_model.sv(158) @ 1455000: reporter [FIFO_REF] Reference model transaction[146]
# +----------+-------+-----+----+-----+----+----+--------+--------+------+------+------+------+------+------+--------+--------+
# | SRC      | IDX   | RST | CS | REG | WR | RD | ADDR   | DATAIN | FULL | EMPTY| ALMF | ALME | OVFL | UDFL | DOUT   | RDATA  |
# +----------+-------+-----+----+-----+----+----+--------+--------+------+------+------+------+------+------+--------+--------+
# | REF_IN   | 146   |  1  | 1  |  0  | 0  | 1  | 0x00   | 0x67   |  0   |   0  |  1   |  0   |  0   |  0   | 0x19   | 0x00   |
# | REF_OUT  | 146   |  1  | 1  |  0  | 0  | 1  | 0x00   | 0x67   |  0   |   0  |  1   |  0   |  0   |  0   | 0x19   | 0x00   |
# +----------+-------+-----+----+-----+----+----+--------+--------+------+------+------+------+------+------+--------+--------+
# State: old_occ=9 new_occ=8 af=6 ae=4 fill=9 clr_pulse=0
# UVM_INFO ../tb/env/scoreboard.sv(71) @ 1455000: uvm_test_top.env_h.scoreboard_h [FIFO_SB_CMP] Scoreboard compare[146]
# +----------+-------+-----+----+-----+----+----+--------+--------+------+------+------+------+------+------+--------+--------+
# | SRC      | IDX   | RST | CS | REG | WR | RD | ADDR   | DATAIN | FULL | EMPTY| ALMF | ALME | OVFL | UDFL | DOUT   | RDATA  |
# +----------+-------+-----+----+-----+----+----+--------+--------+------+------+------+------+------+------+--------+--------+
# | OBS      | 146   |  1  | 1  |  0  | 0  | 1  | 0x00   | 0x67   |  0   |   0  |  1   |  0   |  0   |  0   | 0x19   | 0x00   |
# | EXP      | 146   |  1  | 1  |  0  | 0  | 1  | 0x00   | 0x67   |  0   |   0  |  1   |  0   |  0   |  0   | 0x19   | 0x00   |
# +----------+-------+-----+----+-----+----+----+--------+--------+------+------+------+------+------+------+--------+--------+
# Result: PASS | pass_count=146 fail_count=0
# UVM_INFO ../tb/agent/read_monitor.sv(44) @ 1455000: uvm_test_top.env_h.agent_h.monitor_h [FIFO_MON] Monitor transaction[146]
# +----------+-------+-----+----+-----+----+----+--------+--------+------+------+------+------+------+------+--------+--------+
# | SRC      | IDX   | RST | CS | REG | WR | RD | ADDR   | DATAIN | FULL | EMPTY| ALMF | ALME | OVFL | UDFL | DOUT   | RDATA  |
# +----------+-------+-----+----+-----+----+----+--------+--------+------+------+------+------+------+------+--------+--------+
# | MON      | 146   |  1  | 1  |  0  | 0  | 1  | 0x00   | 0x67   |  0   |   0  |  1   |  0   |  0   |  0   | 0x19   | 0x00   |
# +----------+-------+-----+----+-----+----+----+--------+--------+------+------+------+------+------+------+--------+--------+
# UVM_INFO ../tb/agent/write_drv.sv(33) @ 1460000: uvm_test_top.env_h.agent_h.driver_h [FIFO_DRV] Driver transaction[147]
# +----------+-------+-----+----+-----+----+----+--------+--------+------+------+------+------+------+------+--------+--------+
# | SRC      | IDX   | RST | CS | REG | WR | RD | ADDR   | DATAIN | FULL | EMPTY| ALMF | ALME | OVFL | UDFL | DOUT   | RDATA  |
# +----------+-------+-----+----+-----+----+----+--------+--------+------+------+------+------+------+------+--------+--------+
# | DRV      | 147   |  1  | 1  |  1  | 1  | 0  | 0x00   | 0xfb   |  0   |   0  |  0   |  0   |  0   |  0   | 0x00   | 0x00   |
# +----------+-------+-----+----+-----+----+----+--------+--------+------+------+------+------+------+------+--------+--------+
# UVM_INFO ../tb/env/reference_model.sv(158) @ 1465000: reporter [FIFO_REF] Reference model transaction[147]
# +----------+-------+-----+----+-----+----+----+--------+--------+------+------+------+------+------+------+--------+--------+
# | SRC      | IDX   | RST | CS | REG | WR | RD | ADDR   | DATAIN | FULL | EMPTY| ALMF | ALME | OVFL | UDFL | DOUT   | RDATA  |
# +----------+-------+-----+----+-----+----+----+--------+--------+------+------+------+------+------+------+--------+--------+
# | REF_IN   | 147   |  1  | 1  |  1  | 1  | 0  | 0x00   | 0xfb   |  0   |   0  |  1   |  0   |  0   |  0   | 0x19   | 0x00   |
# | REF_OUT  | 147   |  1  | 1  |  1  | 1  | 0  | 0x00   | 0xfb   |  0   |   0  |  1   |  0   |  0   |  0   | 0x19   | 0x00   |
# +----------+-------+-----+----+-----+----+----+--------+--------+------+------+------+------+------+------+--------+--------+
# State: old_occ=8 new_occ=8 af=6 ae=4 fill=8 clr_pulse=1
# UVM_INFO ../tb/env/scoreboard.sv(71) @ 1465000: uvm_test_top.env_h.scoreboard_h [FIFO_SB_CMP] Scoreboard compare[147]
# +----------+-------+-----+----+-----+----+----+--------+--------+------+------+------+------+------+------+--------+--------+
# | SRC      | IDX   | RST | CS | REG | WR | RD | ADDR   | DATAIN | FULL | EMPTY| ALMF | ALME | OVFL | UDFL | DOUT   | RDATA  |
# +----------+-------+-----+----+-----+----+----+--------+--------+------+------+------+------+------+------+--------+--------+
# | OBS      | 147   |  1  | 1  |  1  | 1  | 0  | 0x00   | 0xfb   |  0   |   0  |  1   |  0   |  0   |  0   | 0x19   | 0x00   |
# | EXP      | 147   |  1  | 1  |  1  | 1  | 0  | 0x00   | 0xfb   |  0   |   0  |  1   |  0   |  0   |  0   | 0x19   | 0x00   |
# +----------+-------+-----+----+-----+----+----+--------+--------+------+------+------+------+------+------+--------+--------+
# Result: PASS | pass_count=147 fail_count=0
# UVM_INFO ../tb/agent/read_monitor.sv(44) @ 1465000: uvm_test_top.env_h.agent_h.monitor_h [FIFO_MON] Monitor transaction[147]
# +----------+-------+-----+----+-----+----+----+--------+--------+------+------+------+------+------+------+--------+--------+
# | SRC      | IDX   | RST | CS | REG | WR | RD | ADDR   | DATAIN | FULL | EMPTY| ALMF | ALME | OVFL | UDFL | DOUT   | RDATA  |
# +----------+-------+-----+----+-----+----+----+--------+--------+------+------+------+------+------+------+--------+--------+
# | MON      | 147   |  1  | 1  |  1  | 1  | 0  | 0x00   | 0xfb   |  0   |   0  |  1   |  0   |  0   |  0   | 0x19   | 0x00   |
# +----------+-------+-----+----+-----+----+----+--------+--------+------+------+------+------+------+------+--------+--------+
# UVM_INFO ../tb/agent/write_drv.sv(33) @ 1470000: uvm_test_top.env_h.agent_h.driver_h [FIFO_DRV] Driver transaction[148]
# +----------+-------+-----+----+-----+----+----+--------+--------+------+------+------+------+------+------+--------+--------+
# | SRC      | IDX   | RST | CS | REG | WR | RD | ADDR   | DATAIN | FULL | EMPTY| ALMF | ALME | OVFL | UDFL | DOUT   | RDATA  |
# +----------+-------+-----+----+-----+----+----+--------+--------+------+------+------+------+------+------+--------+--------+
# | DRV      | 148   |  1  | 1  |  0  | 0  | 1  | 0x00   | 0x4a   |  0   |   0  |  0   |  0   |  0   |  0   | 0x00   | 0x00   |
# +----------+-------+-----+----+-----+----+----+--------+--------+------+------+------+------+------+------+--------+--------+
# UVM_INFO ../tb/env/reference_model.sv(158) @ 1475000: reporter [FIFO_REF] Reference model transaction[148]
# +----------+-------+-----+----+-----+----+----+--------+--------+------+------+------+------+------+------+--------+--------+
# | SRC      | IDX   | RST | CS | REG | WR | RD | ADDR   | DATAIN | FULL | EMPTY| ALMF | ALME | OVFL | UDFL | DOUT   | RDATA  |
# +----------+-------+-----+----+-----+----+----+--------+--------+------+------+------+------+------+------+--------+--------+
# | REF_IN   | 148   |  1  | 1  |  0  | 0  | 1  | 0x00   | 0x4a   |  0   |   1  |  0   |  1   |  0   |  1   | 0x00   | 0x00   |
# | REF_OUT  | 148   |  1  | 1  |  0  | 0  | 1  | 0x00   | 0x4a   |  0   |   1  |  0   |  1   |  0   |  1   | 0x00   | 0x00   |
# +----------+-------+-----+----+-----+----+----+--------+--------+------+------+------+------+------+------+--------+--------+
# State: old_occ=8 new_occ=0 af=6 ae=4 fill=8 clr_pulse=0
# UVM_INFO ../tb/env/scoreboard.sv(71) @ 1475000: uvm_test_top.env_h.scoreboard_h [FIFO_SB_CMP] Scoreboard compare[148]
# +----------+-------+-----+----+-----+----+----+--------+--------+------+------+------+------+------+------+--------+--------+
# | SRC      | IDX   | RST | CS | REG | WR | RD | ADDR   | DATAIN | FULL | EMPTY| ALMF | ALME | OVFL | UDFL | DOUT   | RDATA  |
# +----------+-------+-----+----+-----+----+----+--------+--------+------+------+------+------+------+------+--------+--------+
# | OBS      | 148   |  1  | 1  |  0  | 0  | 1  | 0x00   | 0x4a   |  0   |   1  |  0   |  1   |  0   |  1   | 0x00   | 0x00   |
# | EXP      | 148   |  1  | 1  |  0  | 0  | 1  | 0x00   | 0x4a   |  0   |   1  |  0   |  1   |  0   |  1   | 0x00   | 0x00   |
# +----------+-------+-----+----+-----+----+----+--------+--------+------+------+------+------+------+------+--------+--------+
# Result: PASS | pass_count=148 fail_count=0
# UVM_INFO ../tb/agent/read_monitor.sv(44) @ 1475000: uvm_test_top.env_h.agent_h.monitor_h [FIFO_MON] Monitor transaction[148]
# +----------+-------+-----+----+-----+----+----+--------+--------+------+------+------+------+------+------+--------+--------+
# | SRC      | IDX   | RST | CS | REG | WR | RD | ADDR   | DATAIN | FULL | EMPTY| ALMF | ALME | OVFL | UDFL | DOUT   | RDATA  |
# +----------+-------+-----+----+-----+----+----+--------+--------+------+------+------+------+------+------+--------+--------+
# | MON      | 148   |  1  | 1  |  0  | 0  | 1  | 0x00   | 0x4a   |  0   |   1  |  0   |  1   |  0   |  1   | 0x00   | 0x00   |
# +----------+-------+-----+----+-----+----+----+--------+--------+------+------+------+------+------+------+--------+--------+
# UVM_INFO ../tb/agent/write_drv.sv(33) @ 1480000: uvm_test_top.env_h.agent_h.driver_h [FIFO_DRV] Driver transaction[149]
# +----------+-------+-----+----+-----+----+----+--------+--------+------+------+------+------+------+------+--------+--------+
# | SRC      | IDX   | RST | CS | REG | WR | RD | ADDR   | DATAIN | FULL | EMPTY| ALMF | ALME | OVFL | UDFL | DOUT   | RDATA  |
# +----------+-------+-----+----+-----+----+----+--------+--------+------+------+------+------+------+------+--------+--------+
# | DRV      | 149   |  1  | 0  |  0  | 0  | 1  | 0x00   | 0x80   |  0   |   0  |  0   |  0   |  0   |  0   | 0x00   | 0x00   |
# +----------+-------+-----+----+-----+----+----+--------+--------+------+------+------+------+------+------+--------+--------+
# UVM_INFO ../tb/env/reference_model.sv(158) @ 1485000: reporter [FIFO_REF] Reference model transaction[149]
# +----------+-------+-----+----+-----+----+----+--------+--------+------+------+------+------+------+------+--------+--------+
# | SRC      | IDX   | RST | CS | REG | WR | RD | ADDR   | DATAIN | FULL | EMPTY| ALMF | ALME | OVFL | UDFL | DOUT   | RDATA  |
# +----------+-------+-----+----+-----+----+----+--------+--------+------+------+------+------+------+------+--------+--------+
# | REF_IN   | 149   |  1  | 0  |  0  | 0  | 1  | 0x00   | 0x80   |  0   |   1  |  0   |  1   |  0   |  0   | 0x00   | 0x00   |
# | REF_OUT  | 149   |  1  | 0  |  0  | 0  | 1  | 0x00   | 0x80   |  0   |   1  |  0   |  1   |  0   |  0   | 0x00   | 0x00   |
# +----------+-------+-----+----+-----+----+----+--------+--------+------+------+------+------+------+------+--------+--------+
# State: old_occ=0 new_occ=0 af=6 ae=4 fill=8 clr_pulse=0
# UVM_INFO ../tb/env/scoreboard.sv(71) @ 1485000: uvm_test_top.env_h.scoreboard_h [FIFO_SB_CMP] Scoreboard compare[149]
# +----------+-------+-----+----+-----+----+----+--------+--------+------+------+------+------+------+------+--------+--------+
# | SRC      | IDX   | RST | CS | REG | WR | RD | ADDR   | DATAIN | FULL | EMPTY| ALMF | ALME | OVFL | UDFL | DOUT   | RDATA  |
# +----------+-------+-----+----+-----+----+----+--------+--------+------+------+------+------+------+------+--------+--------+
# | OBS      | 149   |  1  | 0  |  0  | 0  | 1  | 0x00   | 0x80   |  0   |   1  |  0   |  1   |  0   |  0   | 0x00   | 0x00   |
# | EXP      | 149   |  1  | 0  |  0  | 0  | 1  | 0x00   | 0x80   |  0   |   1  |  0   |  1   |  0   |  0   | 0x00   | 0x00   |
# +----------+-------+-----+----+-----+----+----+--------+--------+------+------+------+------+------+------+--------+--------+
# Result: PASS | pass_count=149 fail_count=0
# UVM_INFO ../tb/agent/read_monitor.sv(44) @ 1485000: uvm_test_top.env_h.agent_h.monitor_h [FIFO_MON] Monitor transaction[149]
# +----------+-------+-----+----+-----+----+----+--------+--------+------+------+------+------+------+------+--------+--------+
# | SRC      | IDX   | RST | CS | REG | WR | RD | ADDR   | DATAIN | FULL | EMPTY| ALMF | ALME | OVFL | UDFL | DOUT   | RDATA  |
# +----------+-------+-----+----+-----+----+----+--------+--------+------+------+------+------+------+------+--------+--------+
# | MON      | 149   |  1  | 0  |  0  | 0  | 1  | 0x00   | 0x80   |  0   |   1  |  0   |  1   |  0   |  0   | 0x00   | 0x00   |
# +----------+-------+-----+----+-----+----+----+--------+--------+------+------+------+------+------+------+--------+--------+
# UVM_INFO ../tb/agent/write_drv.sv(33) @ 1490000: uvm_test_top.env_h.agent_h.driver_h [FIFO_DRV] Driver transaction[150]
# +----------+-------+-----+----+-----+----+----+--------+--------+------+------+------+------+------+------+--------+--------+
# | SRC      | IDX   | RST | CS | REG | WR | RD | ADDR   | DATAIN | FULL | EMPTY| ALMF | ALME | OVFL | UDFL | DOUT   | RDATA  |
# +----------+-------+-----+----+-----+----+----+--------+--------+------+------+------+------+------+------+--------+--------+
# | DRV      | 150   |  1  | 0  |  0  | 0  | 0  | 0x00   | 0xf0   |  0   |   0  |  0   |  0   |  0   |  0   | 0x00   | 0x00   |
# +----------+-------+-----+----+-----+----+----+--------+--------+------+------+------+------+------+------+--------+--------+
# UVM_INFO ../tb/env/reference_model.sv(158) @ 1495000: reporter [FIFO_REF] Reference model transaction[150]
# +----------+-------+-----+----+-----+----+----+--------+--------+------+------+------+------+------+------+--------+--------+
# | SRC      | IDX   | RST | CS | REG | WR | RD | ADDR   | DATAIN | FULL | EMPTY| ALMF | ALME | OVFL | UDFL | DOUT   | RDATA  |
# +----------+-------+-----+----+-----+----+----+--------+--------+------+------+------+------+------+------+--------+--------+
# | REF_IN   | 150   |  1  | 0  |  0  | 0  | 0  | 0x00   | 0xf0   |  0   |   1  |  0   |  1   |  0   |  0   | 0x00   | 0x00   |
# | REF_OUT  | 150   |  1  | 0  |  0  | 0  | 0  | 0x00   | 0xf0   |  0   |   1  |  0   |  1   |  0   |  0   | 0x00   | 0x00   |
# +----------+-------+-----+----+-----+----+----+--------+--------+------+------+------+------+------+------+--------+--------+
# State: old_occ=0 new_occ=0 af=6 ae=4 fill=8 clr_pulse=0
# UVM_INFO ../tb/env/scoreboard.sv(71) @ 1495000: uvm_test_top.env_h.scoreboard_h [FIFO_SB_CMP] Scoreboard compare[150]
# +----------+-------+-----+----+-----+----+----+--------+--------+------+------+------+------+------+------+--------+--------+
# | SRC      | IDX   | RST | CS | REG | WR | RD | ADDR   | DATAIN | FULL | EMPTY| ALMF | ALME | OVFL | UDFL | DOUT   | RDATA  |
# +----------+-------+-----+----+-----+----+----+--------+--------+------+------+------+------+------+------+--------+--------+
# | OBS      | 150   |  1  | 0  |  0  | 0  | 0  | 0x00   | 0xf0   |  0   |   1  |  0   |  1   |  0   |  0   | 0x00   | 0x00   |
# | EXP      | 150   |  1  | 0  |  0  | 0  | 0  | 0x00   | 0xf0   |  0   |   1  |  0   |  1   |  0   |  0   | 0x00   | 0x00   |
# +----------+-------+-----+----+-----+----+----+--------+--------+------+------+------+------+------+------+--------+--------+
# Result: PASS | pass_count=150 fail_count=0
# UVM_INFO ../tb/agent/read_monitor.sv(44) @ 1495000: uvm_test_top.env_h.agent_h.monitor_h [FIFO_MON] Monitor transaction[150]
# +----------+-------+-----+----+-----+----+----+--------+--------+------+------+------+------+------+------+--------+--------+
# | SRC      | IDX   | RST | CS | REG | WR | RD | ADDR   | DATAIN | FULL | EMPTY| ALMF | ALME | OVFL | UDFL | DOUT   | RDATA  |
# +----------+-------+-----+----+-----+----+----+--------+--------+------+------+------+------+------+------+--------+--------+
# | MON      | 150   |  1  | 0  |  0  | 0  | 0  | 0x00   | 0xf0   |  0   |   1  |  0   |  1   |  0   |  0   | 0x00   | 0x00   |
# +----------+-------+-----+----+-----+----+----+--------+--------+------+------+------+------+------+------+--------+--------+
# UVM_INFO ../tb/agent/write_drv.sv(33) @ 1500000: uvm_test_top.env_h.agent_h.driver_h [FIFO_DRV] Driver transaction[151]
# +----------+-------+-----+----+-----+----+----+--------+--------+------+------+------+------+------+------+--------+--------+
# | SRC      | IDX   | RST | CS | REG | WR | RD | ADDR   | DATAIN | FULL | EMPTY| ALMF | ALME | OVFL | UDFL | DOUT   | RDATA  |
# +----------+-------+-----+----+-----+----+----+--------+--------+------+------+------+------+------+------+--------+--------+
# | DRV      | 151   |  1  | 1  |  0  | 0  | 1  | 0x00   | 0x2e   |  0   |   0  |  0   |  0   |  0   |  0   | 0x00   | 0x00   |
# +----------+-------+-----+----+-----+----+----+--------+--------+------+------+------+------+------+------+--------+--------+
# UVM_INFO ../tb/env/reference_model.sv(158) @ 1505000: reporter [FIFO_REF] Reference model transaction[151]
# +----------+-------+-----+----+-----+----+----+--------+--------+------+------+------+------+------+------+--------+--------+
# | SRC      | IDX   | RST | CS | REG | WR | RD | ADDR   | DATAIN | FULL | EMPTY| ALMF | ALME | OVFL | UDFL | DOUT   | RDATA  |
# +----------+-------+-----+----+-----+----+----+--------+--------+------+------+------+------+------+------+--------+--------+
# | REF_IN   | 151   |  1  | 1  |  0  | 0  | 1  | 0x00   | 0x2e   |  0   |   1  |  0   |  1   |  0   |  1   | 0x00   | 0x00   |
# | REF_OUT  | 151   |  1  | 1  |  0  | 0  | 1  | 0x00   | 0x2e   |  0   |   1  |  0   |  1   |  0   |  1   | 0x00   | 0x00   |
# +----------+-------+-----+----+-----+----+----+--------+--------+------+------+------+------+------+------+--------+--------+
# State: old_occ=0 new_occ=0 af=6 ae=4 fill=0 clr_pulse=0
# UVM_INFO ../tb/env/scoreboard.sv(71) @ 1505000: uvm_test_top.env_h.scoreboard_h [FIFO_SB_CMP] Scoreboard compare[151]
# +----------+-------+-----+----+-----+----+----+--------+--------+------+------+------+------+------+------+--------+--------+
# | SRC      | IDX   | RST | CS | REG | WR | RD | ADDR   | DATAIN | FULL | EMPTY| ALMF | ALME | OVFL | UDFL | DOUT   | RDATA  |
# +----------+-------+-----+----+-----+----+----+--------+--------+------+------+------+------+------+------+--------+--------+
# | OBS      | 151   |  1  | 1  |  0  | 0  | 1  | 0x00   | 0x2e   |  0   |   1  |  0   |  1   |  0   |  1   | 0x00   | 0x00   |
# | EXP      | 151   |  1  | 1  |  0  | 0  | 1  | 0x00   | 0x2e   |  0   |   1  |  0   |  1   |  0   |  1   | 0x00   | 0x00   |
# +----------+-------+-----+----+-----+----+----+--------+--------+------+------+------+------+------+------+--------+--------+
# Result: PASS | pass_count=151 fail_count=0
# UVM_INFO ../tb/agent/read_monitor.sv(44) @ 1505000: uvm_test_top.env_h.agent_h.monitor_h [FIFO_MON] Monitor transaction[151]
# +----------+-------+-----+----+-----+----+----+--------+--------+------+------+------+------+------+------+--------+--------+
# | SRC      | IDX   | RST | CS | REG | WR | RD | ADDR   | DATAIN | FULL | EMPTY| ALMF | ALME | OVFL | UDFL | DOUT   | RDATA  |
# +----------+-------+-----+----+-----+----+----+--------+--------+------+------+------+------+------+------+--------+--------+
# | MON      | 151   |  1  | 1  |  0  | 0  | 1  | 0x00   | 0x2e   |  0   |   1  |  0   |  1   |  0   |  1   | 0x00   | 0x00   |
# +----------+-------+-----+----+-----+----+----+--------+--------+------+------+------+------+------+------+--------+--------+
# UVM_INFO ../tb/agent/write_drv.sv(33) @ 1510000: uvm_test_top.env_h.agent_h.driver_h [FIFO_DRV] Driver transaction[152]
# +----------+-------+-----+----+-----+----+----+--------+--------+------+------+------+------+------+------+--------+--------+
# | SRC      | IDX   | RST | CS | REG | WR | RD | ADDR   | DATAIN | FULL | EMPTY| ALMF | ALME | OVFL | UDFL | DOUT   | RDATA  |
# +----------+-------+-----+----+-----+----+----+--------+--------+------+------+------+------+------+------+--------+--------+
# | DRV      | 152   |  1  | 0  |  0  | 0  | 1  | 0x00   | 0x04   |  0   |   0  |  0   |  0   |  0   |  0   | 0x00   | 0x00   |
# +----------+-------+-----+----+-----+----+----+--------+--------+------+------+------+------+------+------+--------+--------+
# UVM_INFO ../tb/env/reference_model.sv(158) @ 1515000: reporter [FIFO_REF] Reference model transaction[152]
# +----------+-------+-----+----+-----+----+----+--------+--------+------+------+------+------+------+------+--------+--------+
# | SRC      | IDX   | RST | CS | REG | WR | RD | ADDR   | DATAIN | FULL | EMPTY| ALMF | ALME | OVFL | UDFL | DOUT   | RDATA  |
# +----------+-------+-----+----+-----+----+----+--------+--------+------+------+------+------+------+------+--------+--------+
# | REF_IN   | 152   |  1  | 0  |  0  | 0  | 1  | 0x00   | 0x04   |  0   |   1  |  0   |  1   |  0   |  0   | 0x00   | 0x00   |
# | REF_OUT  | 152   |  1  | 0  |  0  | 0  | 1  | 0x00   | 0x04   |  0   |   1  |  0   |  1   |  0   |  0   | 0x00   | 0x00   |
# +----------+-------+-----+----+-----+----+----+--------+--------+------+------+------+------+------+------+--------+--------+
# State: old_occ=0 new_occ=0 af=6 ae=4 fill=0 clr_pulse=0
# UVM_INFO ../tb/env/scoreboard.sv(71) @ 1515000: uvm_test_top.env_h.scoreboard_h [FIFO_SB_CMP] Scoreboard compare[152]
# +----------+-------+-----+----+-----+----+----+--------+--------+------+------+------+------+------+------+--------+--------+
# | SRC      | IDX   | RST | CS | REG | WR | RD | ADDR   | DATAIN | FULL | EMPTY| ALMF | ALME | OVFL | UDFL | DOUT   | RDATA  |
# +----------+-------+-----+----+-----+----+----+--------+--------+------+------+------+------+------+------+--------+--------+
# | OBS      | 152   |  1  | 0  |  0  | 0  | 1  | 0x00   | 0x04   |  0   |   1  |  0   |  1   |  0   |  0   | 0x00   | 0x00   |
# | EXP      | 152   |  1  | 0  |  0  | 0  | 1  | 0x00   | 0x04   |  0   |   1  |  0   |  1   |  0   |  0   | 0x00   | 0x00   |
# +----------+-------+-----+----+-----+----+----+--------+--------+------+------+------+------+------+------+--------+--------+
# Result: PASS | pass_count=152 fail_count=0
# UVM_INFO ../tb/agent/read_monitor.sv(44) @ 1515000: uvm_test_top.env_h.agent_h.monitor_h [FIFO_MON] Monitor transaction[152]
# +----------+-------+-----+----+-----+----+----+--------+--------+------+------+------+------+------+------+--------+--------+
# | SRC      | IDX   | RST | CS | REG | WR | RD | ADDR   | DATAIN | FULL | EMPTY| ALMF | ALME | OVFL | UDFL | DOUT   | RDATA  |
# +----------+-------+-----+----+-----+----+----+--------+--------+------+------+------+------+------+------+--------+--------+
# | MON      | 152   |  1  | 0  |  0  | 0  | 1  | 0x00   | 0x04   |  0   |   1  |  0   |  1   |  0   |  0   | 0x00   | 0x00   |
# +----------+-------+-----+----+-----+----+----+--------+--------+------+------+------+------+------+------+--------+--------+
# UVM_INFO ../tb/agent/write_drv.sv(33) @ 1520000: uvm_test_top.env_h.agent_h.driver_h [FIFO_DRV] Driver transaction[153]
# +----------+-------+-----+----+-----+----+----+--------+--------+------+------+------+------+------+------+--------+--------+
# | SRC      | IDX   | RST | CS | REG | WR | RD | ADDR   | DATAIN | FULL | EMPTY| ALMF | ALME | OVFL | UDFL | DOUT   | RDATA  |
# +----------+-------+-----+----+-----+----+----+--------+--------+------+------+------+------+------+------+--------+--------+
# | DRV      | 153   |  1  | 1  |  0  | 0  | 0  | 0x00   | 0xdd   |  0   |   0  |  0   |  0   |  0   |  0   | 0x00   | 0x00   |
# +----------+-------+-----+----+-----+----+----+--------+--------+------+------+------+------+------+------+--------+--------+
# UVM_INFO ../tb/env/reference_model.sv(158) @ 1525000: reporter [FIFO_REF] Reference model transaction[153]
# +----------+-------+-----+----+-----+----+----+--------+--------+------+------+------+------+------+------+--------+--------+
# | SRC      | IDX   | RST | CS | REG | WR | RD | ADDR   | DATAIN | FULL | EMPTY| ALMF | ALME | OVFL | UDFL | DOUT   | RDATA  |
# +----------+-------+-----+----+-----+----+----+--------+--------+------+------+------+------+------+------+--------+--------+
# | REF_IN   | 153   |  1  | 1  |  0  | 0  | 0  | 0x00   | 0xdd   |  0   |   1  |  0   |  1   |  0   |  0   | 0x00   | 0x00   |
# | REF_OUT  | 153   |  1  | 1  |  0  | 0  | 0  | 0x00   | 0xdd   |  0   |   1  |  0   |  1   |  0   |  0   | 0x00   | 0x00   |
# +----------+-------+-----+----+-----+----+----+--------+--------+------+------+------+------+------+------+--------+--------+
# State: old_occ=0 new_occ=0 af=6 ae=4 fill=0 clr_pulse=0
# UVM_INFO ../tb/env/scoreboard.sv(71) @ 1525000: uvm_test_top.env_h.scoreboard_h [FIFO_SB_CMP] Scoreboard compare[153]
# +----------+-------+-----+----+-----+----+----+--------+--------+------+------+------+------+------+------+--------+--------+
# | SRC      | IDX   | RST | CS | REG | WR | RD | ADDR   | DATAIN | FULL | EMPTY| ALMF | ALME | OVFL | UDFL | DOUT   | RDATA  |
# +----------+-------+-----+----+-----+----+----+--------+--------+------+------+------+------+------+------+--------+--------+
# | OBS      | 153   |  1  | 1  |  0  | 0  | 0  | 0x00   | 0xdd   |  0   |   1  |  0   |  1   |  0   |  0   | 0x00   | 0x00   |
# | EXP      | 153   |  1  | 1  |  0  | 0  | 0  | 0x00   | 0xdd   |  0   |   1  |  0   |  1   |  0   |  0   | 0x00   | 0x00   |
# +----------+-------+-----+----+-----+----+----+--------+--------+------+------+------+------+------+------+--------+--------+
# Result: PASS | pass_count=153 fail_count=0
# UVM_INFO ../tb/agent/read_monitor.sv(44) @ 1525000: uvm_test_top.env_h.agent_h.monitor_h [FIFO_MON] Monitor transaction[153]
# +----------+-------+-----+----+-----+----+----+--------+--------+------+------+------+------+------+------+--------+--------+
# | SRC      | IDX   | RST | CS | REG | WR | RD | ADDR   | DATAIN | FULL | EMPTY| ALMF | ALME | OVFL | UDFL | DOUT   | RDATA  |
# +----------+-------+-----+----+-----+----+----+--------+--------+------+------+------+------+------+------+--------+--------+
# | MON      | 153   |  1  | 1  |  0  | 0  | 0  | 0x00   | 0xdd   |  0   |   1  |  0   |  1   |  0   |  0   | 0x00   | 0x00   |
# +----------+-------+-----+----+-----+----+----+--------+--------+------+------+------+------+------+------+--------+--------+
# UVM_INFO ../tb/agent/write_drv.sv(33) @ 1530000: uvm_test_top.env_h.agent_h.driver_h [FIFO_DRV] Driver transaction[154]
# +----------+-------+-----+----+-----+----+----+--------+--------+------+------+------+------+------+------+--------+--------+
# | SRC      | IDX   | RST | CS | REG | WR | RD | ADDR   | DATAIN | FULL | EMPTY| ALMF | ALME | OVFL | UDFL | DOUT   | RDATA  |
# +----------+-------+-----+----+-----+----+----+--------+--------+------+------+------+------+------+------+--------+--------+
# | DRV      | 154   |  1  | 1  |  0  | 1  | 0  | 0x00   | 0x50   |  0   |   0  |  0   |  0   |  0   |  0   | 0x00   | 0x00   |
# +----------+-------+-----+----+-----+----+----+--------+--------+------+------+------+------+------+------+--------+--------+
# UVM_INFO ../tb/env/reference_model.sv(158) @ 1535000: reporter [FIFO_REF] Reference model transaction[154]
# +----------+-------+-----+----+-----+----+----+--------+--------+------+------+------+------+------+------+--------+--------+
# | SRC      | IDX   | RST | CS | REG | WR | RD | ADDR   | DATAIN | FULL | EMPTY| ALMF | ALME | OVFL | UDFL | DOUT   | RDATA  |
# +----------+-------+-----+----+-----+----+----+--------+--------+------+------+------+------+------+------+--------+--------+
# | REF_IN   | 154   |  1  | 1  |  0  | 1  | 0  | 0x00   | 0x50   |  0   |   0  |  0   |  1   |  0   |  0   | 0x00   | 0x00   |
# | REF_OUT  | 154   |  1  | 1  |  0  | 1  | 0  | 0x00   | 0x50   |  0   |   0  |  0   |  1   |  0   |  0   | 0x00   | 0x00   |
# +----------+-------+-----+----+-----+----+----+--------+--------+------+------+------+------+------+------+--------+--------+
# State: old_occ=0 new_occ=1 af=6 ae=4 fill=0 clr_pulse=0
# UVM_INFO ../tb/env/scoreboard.sv(71) @ 1535000: uvm_test_top.env_h.scoreboard_h [FIFO_SB_CMP] Scoreboard compare[154]
# +----------+-------+-----+----+-----+----+----+--------+--------+------+------+------+------+------+------+--------+--------+
# | SRC      | IDX   | RST | CS | REG | WR | RD | ADDR   | DATAIN | FULL | EMPTY| ALMF | ALME | OVFL | UDFL | DOUT   | RDATA  |
# +----------+-------+-----+----+-----+----+----+--------+--------+------+------+------+------+------+------+--------+--------+
# | OBS      | 154   |  1  | 1  |  0  | 1  | 0  | 0x00   | 0x50   |  0   |   0  |  0   |  1   |  0   |  0   | 0x00   | 0x00   |
# | EXP      | 154   |  1  | 1  |  0  | 1  | 0  | 0x00   | 0x50   |  0   |   0  |  0   |  1   |  0   |  0   | 0x00   | 0x00   |
# +----------+-------+-----+----+-----+----+----+--------+--------+------+------+------+------+------+------+--------+--------+
# Result: PASS | pass_count=154 fail_count=0
# UVM_INFO ../tb/agent/read_monitor.sv(44) @ 1535000: uvm_test_top.env_h.agent_h.monitor_h [FIFO_MON] Monitor transaction[154]
# +----------+-------+-----+----+-----+----+----+--------+--------+------+------+------+------+------+------+--------+--------+
# | SRC      | IDX   | RST | CS | REG | WR | RD | ADDR   | DATAIN | FULL | EMPTY| ALMF | ALME | OVFL | UDFL | DOUT   | RDATA  |
# +----------+-------+-----+----+-----+----+----+--------+--------+------+------+------+------+------+------+--------+--------+
# | MON      | 154   |  1  | 1  |  0  | 1  | 0  | 0x00   | 0x50   |  0   |   0  |  0   |  1   |  0   |  0   | 0x00   | 0x00   |
# +----------+-------+-----+----+-----+----+----+--------+--------+------+------+------+------+------+------+--------+--------+
# UVM_INFO ../tb/agent/write_drv.sv(33) @ 1540000: uvm_test_top.env_h.agent_h.driver_h [FIFO_DRV] Driver transaction[155]
# +----------+-------+-----+----+-----+----+----+--------+--------+------+------+------+------+------+------+--------+--------+
# | SRC      | IDX   | RST | CS | REG | WR | RD | ADDR   | DATAIN | FULL | EMPTY| ALMF | ALME | OVFL | UDFL | DOUT   | RDATA  |
# +----------+-------+-----+----+-----+----+----+--------+--------+------+------+------+------+------+------+--------+--------+
# | DRV      | 155   |  1  | 0  |  1  | 1  | 0  | 0x00   | 0x15   |  0   |   0  |  0   |  0   |  0   |  0   | 0x00   | 0x00   |
# +----------+-------+-----+----+-----+----+----+--------+--------+------+------+------+------+------+------+--------+--------+
# UVM_INFO ../tb/env/reference_model.sv(158) @ 1545000: reporter [FIFO_REF] Reference model transaction[155]
# +----------+-------+-----+----+-----+----+----+--------+--------+------+------+------+------+------+------+--------+--------+
# | SRC      | IDX   | RST | CS | REG | WR | RD | ADDR   | DATAIN | FULL | EMPTY| ALMF | ALME | OVFL | UDFL | DOUT   | RDATA  |
# +----------+-------+-----+----+-----+----+----+--------+--------+------+------+------+------+------+------+--------+--------+
# | REF_IN   | 155   |  1  | 0  |  1  | 1  | 0  | 0x00   | 0x15   |  0   |   0  |  0   |  1   |  0   |  0   | 0x00   | 0x00   |
# | REF_OUT  | 155   |  1  | 0  |  1  | 1  | 0  | 0x00   | 0x15   |  0   |   0  |  0   |  1   |  0   |  0   | 0x00   | 0x00   |
# +----------+-------+-----+----+-----+----+----+--------+--------+------+------+------+------+------+------+--------+--------+
# State: old_occ=1 new_occ=1 af=6 ae=4 fill=0 clr_pulse=0
# UVM_INFO ../tb/env/scoreboard.sv(71) @ 1545000: uvm_test_top.env_h.scoreboard_h [FIFO_SB_CMP] Scoreboard compare[155]
# +----------+-------+-----+----+-----+----+----+--------+--------+------+------+------+------+------+------+--------+--------+
# | SRC      | IDX   | RST | CS | REG | WR | RD | ADDR   | DATAIN | FULL | EMPTY| ALMF | ALME | OVFL | UDFL | DOUT   | RDATA  |
# +----------+-------+-----+----+-----+----+----+--------+--------+------+------+------+------+------+------+--------+--------+
# | OBS      | 155   |  1  | 0  |  1  | 1  | 0  | 0x00   | 0x15   |  0   |   0  |  0   |  1   |  0   |  0   | 0x00   | 0x00   |
# | EXP      | 155   |  1  | 0  |  1  | 1  | 0  | 0x00   | 0x15   |  0   |   0  |  0   |  1   |  0   |  0   | 0x00   | 0x00   |
# +----------+-------+-----+----+-----+----+----+--------+--------+------+------+------+------+------+------+--------+--------+
# Result: PASS | pass_count=155 fail_count=0
# UVM_INFO ../tb/agent/read_monitor.sv(44) @ 1545000: uvm_test_top.env_h.agent_h.monitor_h [FIFO_MON] Monitor transaction[155]
# +----------+-------+-----+----+-----+----+----+--------+--------+------+------+------+------+------+------+--------+--------+
# | SRC      | IDX   | RST | CS | REG | WR | RD | ADDR   | DATAIN | FULL | EMPTY| ALMF | ALME | OVFL | UDFL | DOUT   | RDATA  |
# +----------+-------+-----+----+-----+----+----+--------+--------+------+------+------+------+------+------+--------+--------+
# | MON      | 155   |  1  | 0  |  1  | 1  | 0  | 0x00   | 0x15   |  0   |   0  |  0   |  1   |  0   |  0   | 0x00   | 0x00   |
# +----------+-------+-----+----+-----+----+----+--------+--------+------+------+------+------+------+------+--------+--------+
# UVM_INFO ../tb/agent/write_drv.sv(33) @ 1550000: uvm_test_top.env_h.agent_h.driver_h [FIFO_DRV] Driver transaction[156]
# +----------+-------+-----+----+-----+----+----+--------+--------+------+------+------+------+------+------+--------+--------+
# | SRC      | IDX   | RST | CS | REG | WR | RD | ADDR   | DATAIN | FULL | EMPTY| ALMF | ALME | OVFL | UDFL | DOUT   | RDATA  |
# +----------+-------+-----+----+-----+----+----+--------+--------+------+------+------+------+------+------+--------+--------+
# | DRV      | 156   |  1  | 0  |  0  | 1  | 1  | 0x00   | 0x0b   |  0   |   0  |  0   |  0   |  0   |  0   | 0x00   | 0x00   |
# +----------+-------+-----+----+-----+----+----+--------+--------+------+------+------+------+------+------+--------+--------+
# UVM_INFO ../tb/env/reference_model.sv(158) @ 1555000: reporter [FIFO_REF] Reference model transaction[156]
# +----------+-------+-----+----+-----+----+----+--------+--------+------+------+------+------+------+------+--------+--------+
# | SRC      | IDX   | RST | CS | REG | WR | RD | ADDR   | DATAIN | FULL | EMPTY| ALMF | ALME | OVFL | UDFL | DOUT   | RDATA  |
# +----------+-------+-----+----+-----+----+----+--------+--------+------+------+------+------+------+------+--------+--------+
# | REF_IN   | 156   |  1  | 0  |  0  | 1  | 1  | 0x00   | 0x0b   |  0   |   0  |  0   |  1   |  0   |  0   | 0x00   | 0x00   |
# | REF_OUT  | 156   |  1  | 0  |  0  | 1  | 1  | 0x00   | 0x0b   |  0   |   0  |  0   |  1   |  0   |  0   | 0x00   | 0x00   |
# +----------+-------+-----+----+-----+----+----+--------+--------+------+------+------+------+------+------+--------+--------+
# State: old_occ=1 new_occ=1 af=6 ae=4 fill=0 clr_pulse=0
# UVM_INFO ../tb/env/scoreboard.sv(71) @ 1555000: uvm_test_top.env_h.scoreboard_h [FIFO_SB_CMP] Scoreboard compare[156]
# +----------+-------+-----+----+-----+----+----+--------+--------+------+------+------+------+------+------+--------+--------+
# | SRC      | IDX   | RST | CS | REG | WR | RD | ADDR   | DATAIN | FULL | EMPTY| ALMF | ALME | OVFL | UDFL | DOUT   | RDATA  |
# +----------+-------+-----+----+-----+----+----+--------+--------+------+------+------+------+------+------+--------+--------+
# | OBS      | 156   |  1  | 0  |  0  | 1  | 1  | 0x00   | 0x0b   |  0   |   0  |  0   |  1   |  0   |  0   | 0x00   | 0x00   |
# | EXP      | 156   |  1  | 0  |  0  | 1  | 1  | 0x00   | 0x0b   |  0   |   0  |  0   |  1   |  0   |  0   | 0x00   | 0x00   |
# +----------+-------+-----+----+-----+----+----+--------+--------+------+------+------+------+------+------+--------+--------+
# Result: PASS | pass_count=156 fail_count=0
# UVM_INFO ../tb/agent/read_monitor.sv(44) @ 1555000: uvm_test_top.env_h.agent_h.monitor_h [FIFO_MON] Monitor transaction[156]
# +----------+-------+-----+----+-----+----+----+--------+--------+------+------+------+------+------+------+--------+--------+
# | SRC      | IDX   | RST | CS | REG | WR | RD | ADDR   | DATAIN | FULL | EMPTY| ALMF | ALME | OVFL | UDFL | DOUT   | RDATA  |
# +----------+-------+-----+----+-----+----+----+--------+--------+------+------+------+------+------+------+--------+--------+
# | MON      | 156   |  1  | 0  |  0  | 1  | 1  | 0x00   | 0x0b   |  0   |   0  |  0   |  1   |  0   |  0   | 0x00   | 0x00   |
# +----------+-------+-----+----+-----+----+----+--------+--------+------+------+------+------+------+------+--------+--------+
# UVM_INFO ../tb/agent/write_drv.sv(33) @ 1560000: uvm_test_top.env_h.agent_h.driver_h [FIFO_DRV] Driver transaction[157]
# +----------+-------+-----+----+-----+----+----+--------+--------+------+------+------+------+------+------+--------+--------+
# | SRC      | IDX   | RST | CS | REG | WR | RD | ADDR   | DATAIN | FULL | EMPTY| ALMF | ALME | OVFL | UDFL | DOUT   | RDATA  |
# +----------+-------+-----+----+-----+----+----+--------+--------+------+------+------+------+------+------+--------+--------+
# | DRV      | 157   |  1  | 1  |  0  | 1  | 1  | 0x00   | 0x61   |  0   |   0  |  0   |  0   |  0   |  0   | 0x00   | 0x00   |
# +----------+-------+-----+----+-----+----+----+--------+--------+------+------+------+------+------+------+--------+--------+
# UVM_INFO ../tb/env/reference_model.sv(158) @ 1565000: reporter [FIFO_REF] Reference model transaction[157]
# +----------+-------+-----+----+-----+----+----+--------+--------+------+------+------+------+------+------+--------+--------+
# | SRC      | IDX   | RST | CS | REG | WR | RD | ADDR   | DATAIN | FULL | EMPTY| ALMF | ALME | OVFL | UDFL | DOUT   | RDATA  |
# +----------+-------+-----+----+-----+----+----+--------+--------+------+------+------+------+------+------+--------+--------+
# | REF_IN   | 157   |  1  | 1  |  0  | 1  | 1  | 0x00   | 0x61   |  0   |   0  |  0   |  1   |  0   |  0   | 0x50   | 0x00   |
# | REF_OUT  | 157   |  1  | 1  |  0  | 1  | 1  | 0x00   | 0x61   |  0   |   0  |  0   |  1   |  0   |  0   | 0x50   | 0x00   |
# +----------+-------+-----+----+-----+----+----+--------+--------+------+------+------+------+------+------+--------+--------+
# State: old_occ=1 new_occ=1 af=6 ae=4 fill=1 clr_pulse=0
# UVM_INFO ../tb/env/scoreboard.sv(71) @ 1565000: uvm_test_top.env_h.scoreboard_h [FIFO_SB_CMP] Scoreboard compare[157]
# +----------+-------+-----+----+-----+----+----+--------+--------+------+------+------+------+------+------+--------+--------+
# | SRC      | IDX   | RST | CS | REG | WR | RD | ADDR   | DATAIN | FULL | EMPTY| ALMF | ALME | OVFL | UDFL | DOUT   | RDATA  |
# +----------+-------+-----+----+-----+----+----+--------+--------+------+------+------+------+------+------+--------+--------+
# | OBS      | 157   |  1  | 1  |  0  | 1  | 1  | 0x00   | 0x61   |  0   |   0  |  0   |  1   |  0   |  0   | 0x50   | 0x00   |
# | EXP      | 157   |  1  | 1  |  0  | 1  | 1  | 0x00   | 0x61   |  0   |   0  |  0   |  1   |  0   |  0   | 0x50   | 0x00   |
# +----------+-------+-----+----+-----+----+----+--------+--------+------+------+------+------+------+------+--------+--------+
# Result: PASS | pass_count=157 fail_count=0
# UVM_INFO ../tb/agent/read_monitor.sv(44) @ 1565000: uvm_test_top.env_h.agent_h.monitor_h [FIFO_MON] Monitor transaction[157]
# +----------+-------+-----+----+-----+----+----+--------+--------+------+------+------+------+------+------+--------+--------+
# | SRC      | IDX   | RST | CS | REG | WR | RD | ADDR   | DATAIN | FULL | EMPTY| ALMF | ALME | OVFL | UDFL | DOUT   | RDATA  |
# +----------+-------+-----+----+-----+----+----+--------+--------+------+------+------+------+------+------+--------+--------+
# | MON      | 157   |  1  | 1  |  0  | 1  | 1  | 0x00   | 0x61   |  0   |   0  |  0   |  1   |  0   |  0   | 0x50   | 0x00   |
# +----------+-------+-----+----+-----+----+----+--------+--------+------+------+------+------+------+------+--------+--------+
# UVM_INFO ../tb/agent/write_drv.sv(33) @ 1570000: uvm_test_top.env_h.agent_h.driver_h [FIFO_DRV] Driver transaction[158]
# +----------+-------+-----+----+-----+----+----+--------+--------+------+------+------+------+------+------+--------+--------+
# | SRC      | IDX   | RST | CS | REG | WR | RD | ADDR   | DATAIN | FULL | EMPTY| ALMF | ALME | OVFL | UDFL | DOUT   | RDATA  |
# +----------+-------+-----+----+-----+----+----+--------+--------+------+------+------+------+------+------+--------+--------+
# | DRV      | 158   |  1  | 1  |  0  | 1  | 1  | 0x00   | 0xd8   |  0   |   0  |  0   |  0   |  0   |  0   | 0x00   | 0x00   |
# +----------+-------+-----+----+-----+----+----+--------+--------+------+------+------+------+------+------+--------+--------+
# UVM_INFO ../tb/env/reference_model.sv(158) @ 1575000: reporter [FIFO_REF] Reference model transaction[158]
# +----------+-------+-----+----+-----+----+----+--------+--------+------+------+------+------+------+------+--------+--------+
# | SRC      | IDX   | RST | CS | REG | WR | RD | ADDR   | DATAIN | FULL | EMPTY| ALMF | ALME | OVFL | UDFL | DOUT   | RDATA  |
# +----------+-------+-----+----+-----+----+----+--------+--------+------+------+------+------+------+------+--------+--------+
# | REF_IN   | 158   |  1  | 1  |  0  | 1  | 1  | 0x00   | 0xd8   |  0   |   0  |  0   |  1   |  0   |  0   | 0x61   | 0x00   |
# | REF_OUT  | 158   |  1  | 1  |  0  | 1  | 1  | 0x00   | 0xd8   |  0   |   0  |  0   |  1   |  0   |  0   | 0x61   | 0x00   |
# +----------+-------+-----+----+-----+----+----+--------+--------+------+------+------+------+------+------+--------+--------+
# State: old_occ=1 new_occ=1 af=6 ae=4 fill=1 clr_pulse=0
# UVM_INFO ../tb/env/scoreboard.sv(71) @ 1575000: uvm_test_top.env_h.scoreboard_h [FIFO_SB_CMP] Scoreboard compare[158]
# +----------+-------+-----+----+-----+----+----+--------+--------+------+------+------+------+------+------+--------+--------+
# | SRC      | IDX   | RST | CS | REG | WR | RD | ADDR   | DATAIN | FULL | EMPTY| ALMF | ALME | OVFL | UDFL | DOUT   | RDATA  |
# +----------+-------+-----+----+-----+----+----+--------+--------+------+------+------+------+------+------+--------+--------+
# | OBS      | 158   |  1  | 1  |  0  | 1  | 1  | 0x00   | 0xd8   |  0   |   0  |  0   |  1   |  0   |  0   | 0x61   | 0x00   |
# | EXP      | 158   |  1  | 1  |  0  | 1  | 1  | 0x00   | 0xd8   |  0   |   0  |  0   |  1   |  0   |  0   | 0x61   | 0x00   |
# +----------+-------+-----+----+-----+----+----+--------+--------+------+------+------+------+------+------+--------+--------+
# Result: PASS | pass_count=158 fail_count=0
# UVM_INFO ../tb/agent/read_monitor.sv(44) @ 1575000: uvm_test_top.env_h.agent_h.monitor_h [FIFO_MON] Monitor transaction[158]
# +----------+-------+-----+----+-----+----+----+--------+--------+------+------+------+------+------+------+--------+--------+
# | SRC      | IDX   | RST | CS | REG | WR | RD | ADDR   | DATAIN | FULL | EMPTY| ALMF | ALME | OVFL | UDFL | DOUT   | RDATA  |
# +----------+-------+-----+----+-----+----+----+--------+--------+------+------+------+------+------+------+--------+--------+
# | MON      | 158   |  1  | 1  |  0  | 1  | 1  | 0x00   | 0xd8   |  0   |   0  |  0   |  1   |  0   |  0   | 0x61   | 0x00   |
# +----------+-------+-----+----+-----+----+----+--------+--------+------+------+------+------+------+------+--------+--------+
# UVM_INFO ../tb/agent/write_drv.sv(33) @ 1580000: uvm_test_top.env_h.agent_h.driver_h [FIFO_DRV] Driver transaction[159]
# +----------+-------+-----+----+-----+----+----+--------+--------+------+------+------+------+------+------+--------+--------+
# | SRC      | IDX   | RST | CS | REG | WR | RD | ADDR   | DATAIN | FULL | EMPTY| ALMF | ALME | OVFL | UDFL | DOUT   | RDATA  |
# +----------+-------+-----+----+-----+----+----+--------+--------+------+------+------+------+------+------+--------+--------+
# | DRV      | 159   |  1  | 0  |  0  | 1  | 0  | 0x00   | 0xb3   |  0   |   0  |  0   |  0   |  0   |  0   | 0x00   | 0x00   |
# +----------+-------+-----+----+-----+----+----+--------+--------+------+------+------+------+------+------+--------+--------+
# UVM_INFO ../tb/env/reference_model.sv(158) @ 1585000: reporter [FIFO_REF] Reference model transaction[159]
# +----------+-------+-----+----+-----+----+----+--------+--------+------+------+------+------+------+------+--------+--------+
# | SRC      | IDX   | RST | CS | REG | WR | RD | ADDR   | DATAIN | FULL | EMPTY| ALMF | ALME | OVFL | UDFL | DOUT   | RDATA  |
# +----------+-------+-----+----+-----+----+----+--------+--------+------+------+------+------+------+------+--------+--------+
# | REF_IN   | 159   |  1  | 0  |  0  | 1  | 0  | 0x00   | 0xb3   |  0   |   0  |  0   |  1   |  0   |  0   | 0x61   | 0x00   |
# | REF_OUT  | 159   |  1  | 0  |  0  | 1  | 0  | 0x00   | 0xb3   |  0   |   0  |  0   |  1   |  0   |  0   | 0x61   | 0x00   |
# +----------+-------+-----+----+-----+----+----+--------+--------+------+------+------+------+------+------+--------+--------+
# State: old_occ=1 new_occ=1 af=6 ae=4 fill=1 clr_pulse=0
# UVM_INFO ../tb/env/scoreboard.sv(71) @ 1585000: uvm_test_top.env_h.scoreboard_h [FIFO_SB_CMP] Scoreboard compare[159]
# +----------+-------+-----+----+-----+----+----+--------+--------+------+------+------+------+------+------+--------+--------+
# | SRC      | IDX   | RST | CS | REG | WR | RD | ADDR   | DATAIN | FULL | EMPTY| ALMF | ALME | OVFL | UDFL | DOUT   | RDATA  |
# +----------+-------+-----+----+-----+----+----+--------+--------+------+------+------+------+------+------+--------+--------+
# | OBS      | 159   |  1  | 0  |  0  | 1  | 0  | 0x00   | 0xb3   |  0   |   0  |  0   |  1   |  0   |  0   | 0x61   | 0x00   |
# | EXP      | 159   |  1  | 0  |  0  | 1  | 0  | 0x00   | 0xb3   |  0   |   0  |  0   |  1   |  0   |  0   | 0x61   | 0x00   |
# +----------+-------+-----+----+-----+----+----+--------+--------+------+------+------+------+------+------+--------+--------+
# Result: PASS | pass_count=159 fail_count=0
# UVM_INFO ../tb/agent/read_monitor.sv(44) @ 1585000: uvm_test_top.env_h.agent_h.monitor_h [FIFO_MON] Monitor transaction[159]
# +----------+-------+-----+----+-----+----+----+--------+--------+------+------+------+------+------+------+--------+--------+
# | SRC      | IDX   | RST | CS | REG | WR | RD | ADDR   | DATAIN | FULL | EMPTY| ALMF | ALME | OVFL | UDFL | DOUT   | RDATA  |
# +----------+-------+-----+----+-----+----+----+--------+--------+------+------+------+------+------+------+--------+--------+
# | MON      | 159   |  1  | 0  |  0  | 1  | 0  | 0x00   | 0xb3   |  0   |   0  |  0   |  1   |  0   |  0   | 0x61   | 0x00   |
# +----------+-------+-----+----+-----+----+----+--------+--------+------+------+------+------+------+------+--------+--------+
# UVM_INFO ../tb/agent/write_drv.sv(33) @ 1590000: uvm_test_top.env_h.agent_h.driver_h [FIFO_DRV] Driver transaction[160]
# +----------+-------+-----+----+-----+----+----+--------+--------+------+------+------+------+------+------+--------+--------+
# | SRC      | IDX   | RST | CS | REG | WR | RD | ADDR   | DATAIN | FULL | EMPTY| ALMF | ALME | OVFL | UDFL | DOUT   | RDATA  |
# +----------+-------+-----+----+-----+----+----+--------+--------+------+------+------+------+------+------+--------+--------+
# | DRV      | 160   |  1  | 1  |  0  | 0  | 1  | 0x00   | 0x91   |  0   |   0  |  0   |  0   |  0   |  0   | 0x00   | 0x00   |
# +----------+-------+-----+----+-----+----+----+--------+--------+------+------+------+------+------+------+--------+--------+
# UVM_INFO ../tb/env/reference_model.sv(158) @ 1595000: reporter [FIFO_REF] Reference model transaction[160]
# +----------+-------+-----+----+-----+----+----+--------+--------+------+------+------+------+------+------+--------+--------+
# | SRC      | IDX   | RST | CS | REG | WR | RD | ADDR   | DATAIN | FULL | EMPTY| ALMF | ALME | OVFL | UDFL | DOUT   | RDATA  |
# +----------+-------+-----+----+-----+----+----+--------+--------+------+------+------+------+------+------+--------+--------+
# | REF_IN   | 160   |  1  | 1  |  0  | 0  | 1  | 0x00   | 0x91   |  0   |   1  |  0   |  1   |  0   |  1   | 0xd8   | 0x00   |
# | REF_OUT  | 160   |  1  | 1  |  0  | 0  | 1  | 0x00   | 0x91   |  0   |   1  |  0   |  1   |  0   |  1   | 0xd8   | 0x00   |
# +----------+-------+-----+----+-----+----+----+--------+--------+------+------+------+------+------+------+--------+--------+
# State: old_occ=1 new_occ=0 af=6 ae=4 fill=1 clr_pulse=0
# UVM_INFO ../tb/env/scoreboard.sv(71) @ 1595000: uvm_test_top.env_h.scoreboard_h [FIFO_SB_CMP] Scoreboard compare[160]
# +----------+-------+-----+----+-----+----+----+--------+--------+------+------+------+------+------+------+--------+--------+
# | SRC      | IDX   | RST | CS | REG | WR | RD | ADDR   | DATAIN | FULL | EMPTY| ALMF | ALME | OVFL | UDFL | DOUT   | RDATA  |
# +----------+-------+-----+----+-----+----+----+--------+--------+------+------+------+------+------+------+--------+--------+
# | OBS      | 160   |  1  | 1  |  0  | 0  | 1  | 0x00   | 0x91   |  0   |   1  |  0   |  1   |  0   |  1   | 0xd8   | 0x00   |
# | EXP      | 160   |  1  | 1  |  0  | 0  | 1  | 0x00   | 0x91   |  0   |   1  |  0   |  1   |  0   |  1   | 0xd8   | 0x00   |
# +----------+-------+-----+----+-----+----+----+--------+--------+------+------+------+------+------+------+--------+--------+
# Result: PASS | pass_count=160 fail_count=0
# UVM_INFO ../tb/agent/read_monitor.sv(44) @ 1595000: uvm_test_top.env_h.agent_h.monitor_h [FIFO_MON] Monitor transaction[160]
# +----------+-------+-----+----+-----+----+----+--------+--------+------+------+------+------+------+------+--------+--------+
# | SRC      | IDX   | RST | CS | REG | WR | RD | ADDR   | DATAIN | FULL | EMPTY| ALMF | ALME | OVFL | UDFL | DOUT   | RDATA  |
# +----------+-------+-----+----+-----+----+----+--------+--------+------+------+------+------+------+------+--------+--------+
# | MON      | 160   |  1  | 1  |  0  | 0  | 1  | 0x00   | 0x91   |  0   |   1  |  0   |  1   |  0   |  1   | 0xd8   | 0x00   |
# +----------+-------+-----+----+-----+----+----+--------+--------+------+------+------+------+------+------+--------+--------+
# UVM_INFO ../tb/agent/write_drv.sv(33) @ 1600000: uvm_test_top.env_h.agent_h.driver_h [FIFO_DRV] Driver transaction[161]
# +----------+-------+-----+----+-----+----+----+--------+--------+------+------+------+------+------+------+--------+--------+
# | SRC      | IDX   | RST | CS | REG | WR | RD | ADDR   | DATAIN | FULL | EMPTY| ALMF | ALME | OVFL | UDFL | DOUT   | RDATA  |
# +----------+-------+-----+----+-----+----+----+--------+--------+------+------+------+------+------+------+--------+--------+
# | DRV      | 161   |  1  | 1  |  0  | 0  | 0  | 0x00   | 0xf4   |  0   |   0  |  0   |  0   |  0   |  0   | 0x00   | 0x00   |
# +----------+-------+-----+----+-----+----+----+--------+--------+------+------+------+------+------+------+--------+--------+
# UVM_INFO ../tb/env/reference_model.sv(158) @ 1605000: reporter [FIFO_REF] Reference model transaction[161]
# +----------+-------+-----+----+-----+----+----+--------+--------+------+------+------+------+------+------+--------+--------+
# | SRC      | IDX   | RST | CS | REG | WR | RD | ADDR   | DATAIN | FULL | EMPTY| ALMF | ALME | OVFL | UDFL | DOUT   | RDATA  |
# +----------+-------+-----+----+-----+----+----+--------+--------+------+------+------+------+------+------+--------+--------+
# | REF_IN   | 161   |  1  | 1  |  0  | 0  | 0  | 0x00   | 0xf4   |  0   |   1  |  0   |  1   |  0   |  0   | 0xd8   | 0x00   |
# | REF_OUT  | 161   |  1  | 1  |  0  | 0  | 0  | 0x00   | 0xf4   |  0   |   1  |  0   |  1   |  0   |  0   | 0xd8   | 0x00   |
# +----------+-------+-----+----+-----+----+----+--------+--------+------+------+------+------+------+------+--------+--------+
# State: old_occ=0 new_occ=0 af=6 ae=4 fill=0 clr_pulse=0
# UVM_INFO ../tb/env/scoreboard.sv(71) @ 1605000: uvm_test_top.env_h.scoreboard_h [FIFO_SB_CMP] Scoreboard compare[161]
# +----------+-------+-----+----+-----+----+----+--------+--------+------+------+------+------+------+------+--------+--------+
# | SRC      | IDX   | RST | CS | REG | WR | RD | ADDR   | DATAIN | FULL | EMPTY| ALMF | ALME | OVFL | UDFL | DOUT   | RDATA  |
# +----------+-------+-----+----+-----+----+----+--------+--------+------+------+------+------+------+------+--------+--------+
# | OBS      | 161   |  1  | 1  |  0  | 0  | 0  | 0x00   | 0xf4   |  0   |   1  |  0   |  1   |  0   |  0   | 0xd8   | 0x00   |
# | EXP      | 161   |  1  | 1  |  0  | 0  | 0  | 0x00   | 0xf4   |  0   |   1  |  0   |  1   |  0   |  0   | 0xd8   | 0x00   |
# +----------+-------+-----+----+-----+----+----+--------+--------+------+------+------+------+------+------+--------+--------+
# Result: PASS | pass_count=161 fail_count=0
# UVM_INFO ../tb/agent/read_monitor.sv(44) @ 1605000: uvm_test_top.env_h.agent_h.monitor_h [FIFO_MON] Monitor transaction[161]
# +----------+-------+-----+----+-----+----+----+--------+--------+------+------+------+------+------+------+--------+--------+
# | SRC      | IDX   | RST | CS | REG | WR | RD | ADDR   | DATAIN | FULL | EMPTY| ALMF | ALME | OVFL | UDFL | DOUT   | RDATA  |
# +----------+-------+-----+----+-----+----+----+--------+--------+------+------+------+------+------+------+--------+--------+
# | MON      | 161   |  1  | 1  |  0  | 0  | 0  | 0x00   | 0xf4   |  0   |   1  |  0   |  1   |  0   |  0   | 0xd8   | 0x00   |
# +----------+-------+-----+----+-----+----+----+--------+--------+------+------+------+------+------+------+--------+--------+
# UVM_INFO ../tb/agent/write_drv.sv(33) @ 1610000: uvm_test_top.env_h.agent_h.driver_h [FIFO_DRV] Driver transaction[162]
# +----------+-------+-----+----+-----+----+----+--------+--------+------+------+------+------+------+------+--------+--------+
# | SRC      | IDX   | RST | CS | REG | WR | RD | ADDR   | DATAIN | FULL | EMPTY| ALMF | ALME | OVFL | UDFL | DOUT   | RDATA  |
# +----------+-------+-----+----+-----+----+----+--------+--------+------+------+------+------+------+------+--------+--------+
# | DRV      | 162   |  1  | 1  |  0  | 1  | 0  | 0x00   | 0x89   |  0   |   0  |  0   |  0   |  0   |  0   | 0x00   | 0x00   |
# +----------+-------+-----+----+-----+----+----+--------+--------+------+------+------+------+------+------+--------+--------+
# UVM_INFO ../tb/env/reference_model.sv(158) @ 1615000: reporter [FIFO_REF] Reference model transaction[162]
# +----------+-------+-----+----+-----+----+----+--------+--------+------+------+------+------+------+------+--------+--------+
# | SRC      | IDX   | RST | CS | REG | WR | RD | ADDR   | DATAIN | FULL | EMPTY| ALMF | ALME | OVFL | UDFL | DOUT   | RDATA  |
# +----------+-------+-----+----+-----+----+----+--------+--------+------+------+------+------+------+------+--------+--------+
# | REF_IN   | 162   |  1  | 1  |  0  | 1  | 0  | 0x00   | 0x89   |  0   |   0  |  0   |  1   |  0   |  0   | 0xd8   | 0x00   |
# | REF_OUT  | 162   |  1  | 1  |  0  | 1  | 0  | 0x00   | 0x89   |  0   |   0  |  0   |  1   |  0   |  0   | 0xd8   | 0x00   |
# +----------+-------+-----+----+-----+----+----+--------+--------+------+------+------+------+------+------+--------+--------+
# State: old_occ=0 new_occ=1 af=6 ae=4 fill=0 clr_pulse=0
# UVM_INFO ../tb/env/scoreboard.sv(71) @ 1615000: uvm_test_top.env_h.scoreboard_h [FIFO_SB_CMP] Scoreboard compare[162]
# +----------+-------+-----+----+-----+----+----+--------+--------+------+------+------+------+------+------+--------+--------+
# | SRC      | IDX   | RST | CS | REG | WR | RD | ADDR   | DATAIN | FULL | EMPTY| ALMF | ALME | OVFL | UDFL | DOUT   | RDATA  |
# +----------+-------+-----+----+-----+----+----+--------+--------+------+------+------+------+------+------+--------+--------+
# | OBS      | 162   |  1  | 1  |  0  | 1  | 0  | 0x00   | 0x89   |  0   |   0  |  0   |  1   |  0   |  0   | 0xd8   | 0x00   |
# | EXP      | 162   |  1  | 1  |  0  | 1  | 0  | 0x00   | 0x89   |  0   |   0  |  0   |  1   |  0   |  0   | 0xd8   | 0x00   |
# +----------+-------+-----+----+-----+----+----+--------+--------+------+------+------+------+------+------+--------+--------+
# Result: PASS | pass_count=162 fail_count=0
# UVM_INFO ../tb/agent/read_monitor.sv(44) @ 1615000: uvm_test_top.env_h.agent_h.monitor_h [FIFO_MON] Monitor transaction[162]
# +----------+-------+-----+----+-----+----+----+--------+--------+------+------+------+------+------+------+--------+--------+
# | SRC      | IDX   | RST | CS | REG | WR | RD | ADDR   | DATAIN | FULL | EMPTY| ALMF | ALME | OVFL | UDFL | DOUT   | RDATA  |
# +----------+-------+-----+----+-----+----+----+--------+--------+------+------+------+------+------+------+--------+--------+
# | MON      | 162   |  1  | 1  |  0  | 1  | 0  | 0x00   | 0x89   |  0   |   0  |  0   |  1   |  0   |  0   | 0xd8   | 0x00   |
# +----------+-------+-----+----+-----+----+----+--------+--------+------+------+------+------+------+------+--------+--------+
# UVM_INFO ../tb/agent/write_drv.sv(33) @ 1620000: uvm_test_top.env_h.agent_h.driver_h [FIFO_DRV] Driver transaction[163]
# +----------+-------+-----+----+-----+----+----+--------+--------+------+------+------+------+------+------+--------+--------+
# | SRC      | IDX   | RST | CS | REG | WR | RD | ADDR   | DATAIN | FULL | EMPTY| ALMF | ALME | OVFL | UDFL | DOUT   | RDATA  |
# +----------+-------+-----+----+-----+----+----+--------+--------+------+------+------+------+------+------+--------+--------+
# | DRV      | 163   |  1  | 1  |  1  | 1  | 1  | 0x00   | 0x95   |  0   |   0  |  0   |  0   |  0   |  0   | 0x00   | 0x00   |
# +----------+-------+-----+----+-----+----+----+--------+--------+------+------+------+------+------+------+--------+--------+
# UVM_INFO ../tb/env/reference_model.sv(158) @ 1625000: reporter [FIFO_REF] Reference model transaction[163]
# +----------+-------+-----+----+-----+----+----+--------+--------+------+------+------+------+------+------+--------+--------+
# | SRC      | IDX   | RST | CS | REG | WR | RD | ADDR   | DATAIN | FULL | EMPTY| ALMF | ALME | OVFL | UDFL | DOUT   | RDATA  |
# +----------+-------+-----+----+-----+----+----+--------+--------+------+------+------+------+------+------+--------+--------+
# | REF_IN   | 163   |  1  | 1  |  1  | 1  | 1  | 0x00   | 0x95   |  0   |   0  |  0   |  1   |  0   |  0   | 0xd8   | 0x00   |
# | REF_OUT  | 163   |  1  | 1  |  1  | 1  | 1  | 0x00   | 0x95   |  0   |   0  |  0   |  1   |  0   |  0   | 0xd8   | 0x00   |
# +----------+-------+-----+----+-----+----+----+--------+--------+------+------+------+------+------+------+--------+--------+
# State: old_occ=1 new_occ=1 af=6 ae=4 fill=1 clr_pulse=0
# UVM_INFO ../tb/env/scoreboard.sv(71) @ 1625000: uvm_test_top.env_h.scoreboard_h [FIFO_SB_CMP] Scoreboard compare[163]
# +----------+-------+-----+----+-----+----+----+--------+--------+------+------+------+------+------+------+--------+--------+
# | SRC      | IDX   | RST | CS | REG | WR | RD | ADDR   | DATAIN | FULL | EMPTY| ALMF | ALME | OVFL | UDFL | DOUT   | RDATA  |
# +----------+-------+-----+----+-----+----+----+--------+--------+------+------+------+------+------+------+--------+--------+
# | OBS      | 163   |  1  | 1  |  1  | 1  | 1  | 0x00   | 0x95   |  0   |   0  |  0   |  1   |  0   |  0   | 0xd8   | 0x00   |
# | EXP      | 163   |  1  | 1  |  1  | 1  | 1  | 0x00   | 0x95   |  0   |   0  |  0   |  1   |  0   |  0   | 0xd8   | 0x00   |
# +----------+-------+-----+----+-----+----+----+--------+--------+------+------+------+------+------+------+--------+--------+
# Result: PASS | pass_count=163 fail_count=0
# UVM_INFO ../tb/agent/read_monitor.sv(44) @ 1625000: uvm_test_top.env_h.agent_h.monitor_h [FIFO_MON] Monitor transaction[163]
# +----------+-------+-----+----+-----+----+----+--------+--------+------+------+------+------+------+------+--------+--------+
# | SRC      | IDX   | RST | CS | REG | WR | RD | ADDR   | DATAIN | FULL | EMPTY| ALMF | ALME | OVFL | UDFL | DOUT   | RDATA  |
# +----------+-------+-----+----+-----+----+----+--------+--------+------+------+------+------+------+------+--------+--------+
# | MON      | 163   |  1  | 1  |  1  | 1  | 1  | 0x00   | 0x95   |  0   |   0  |  0   |  1   |  0   |  0   | 0xd8   | 0x00   |
# +----------+-------+-----+----+-----+----+----+--------+--------+------+------+------+------+------+------+--------+--------+
# UVM_INFO ../tb/agent/write_drv.sv(33) @ 1630000: uvm_test_top.env_h.agent_h.driver_h [FIFO_DRV] Driver transaction[164]
# +----------+-------+-----+----+-----+----+----+--------+--------+------+------+------+------+------+------+--------+--------+
# | SRC      | IDX   | RST | CS | REG | WR | RD | ADDR   | DATAIN | FULL | EMPTY| ALMF | ALME | OVFL | UDFL | DOUT   | RDATA  |
# +----------+-------+-----+----+-----+----+----+--------+--------+------+------+------+------+------+------+--------+--------+
# | DRV      | 164   |  1  | 1  |  1  | 1  | 1  | 0x14   | 0x79   |  0   |   0  |  0   |  0   |  0   |  0   | 0x00   | 0x00   |
# +----------+-------+-----+----+-----+----+----+--------+--------+------+------+------+------+------+------+--------+--------+
# UVM_INFO ../tb/env/reference_model.sv(158) @ 1635000: reporter [FIFO_REF] Reference model transaction[164]
# +----------+-------+-----+----+-----+----+----+--------+--------+------+------+------+------+------+------+--------+--------+
# | SRC      | IDX   | RST | CS | REG | WR | RD | ADDR   | DATAIN | FULL | EMPTY| ALMF | ALME | OVFL | UDFL | DOUT   | RDATA  |
# +----------+-------+-----+----+-----+----+----+--------+--------+------+------+------+------+------+------+--------+--------+
# | REF_IN   | 164   |  1  | 1  |  1  | 1  | 1  | 0x14   | 0x79   |  0   |   0  |  0   |  1   |  0   |  0   | 0xd8   | 0x01   |
# | REF_OUT  | 164   |  1  | 1  |  1  | 1  | 1  | 0x14   | 0x79   |  0   |   0  |  0   |  1   |  0   |  0   | 0xd8   | 0x01   |
# +----------+-------+-----+----+-----+----+----+--------+--------+------+------+------+------+------+------+--------+--------+
# State: old_occ=1 new_occ=1 af=6 ae=4 fill=1 clr_pulse=0
# UVM_INFO ../tb/env/scoreboard.sv(71) @ 1635000: uvm_test_top.env_h.scoreboard_h [FIFO_SB_CMP] Scoreboard compare[164]
# +----------+-------+-----+----+-----+----+----+--------+--------+------+------+------+------+------+------+--------+--------+
# | SRC      | IDX   | RST | CS | REG | WR | RD | ADDR   | DATAIN | FULL | EMPTY| ALMF | ALME | OVFL | UDFL | DOUT   | RDATA  |
# +----------+-------+-----+----+-----+----+----+--------+--------+------+------+------+------+------+------+--------+--------+
# | OBS      | 164   |  1  | 1  |  1  | 1  | 1  | 0x14   | 0x79   |  0   |   0  |  0   |  1   |  0   |  0   | 0xd8   | 0x01   |
# | EXP      | 164   |  1  | 1  |  1  | 1  | 1  | 0x14   | 0x79   |  0   |   0  |  0   |  1   |  0   |  0   | 0xd8   | 0x01   |
# +----------+-------+-----+----+-----+----+----+--------+--------+------+------+------+------+------+------+--------+--------+
# Result: PASS | pass_count=164 fail_count=0
# UVM_INFO ../tb/agent/read_monitor.sv(44) @ 1635000: uvm_test_top.env_h.agent_h.monitor_h [FIFO_MON] Monitor transaction[164]
# +----------+-------+-----+----+-----+----+----+--------+--------+------+------+------+------+------+------+--------+--------+
# | SRC      | IDX   | RST | CS | REG | WR | RD | ADDR   | DATAIN | FULL | EMPTY| ALMF | ALME | OVFL | UDFL | DOUT   | RDATA  |
# +----------+-------+-----+----+-----+----+----+--------+--------+------+------+------+------+------+------+--------+--------+
# | MON      | 164   |  1  | 1  |  1  | 1  | 1  | 0x14   | 0x79   |  0   |   0  |  0   |  1   |  0   |  0   | 0xd8   | 0x01   |
# +----------+-------+-----+----+-----+----+----+--------+--------+------+------+------+------+------+------+--------+--------+
# UVM_INFO ../tb/agent/write_drv.sv(33) @ 1640000: uvm_test_top.env_h.agent_h.driver_h [FIFO_DRV] Driver transaction[165]
# +----------+-------+-----+----+-----+----+----+--------+--------+------+------+------+------+------+------+--------+--------+
# | SRC      | IDX   | RST | CS | REG | WR | RD | ADDR   | DATAIN | FULL | EMPTY| ALMF | ALME | OVFL | UDFL | DOUT   | RDATA  |
# +----------+-------+-----+----+-----+----+----+--------+--------+------+------+------+------+------+------+--------+--------+
# | DRV      | 165   |  1  | 1  |  0  | 0  | 0  | 0x00   | 0x8a   |  0   |   0  |  0   |  0   |  0   |  0   | 0x00   | 0x00   |
# +----------+-------+-----+----+-----+----+----+--------+--------+------+------+------+------+------+------+--------+--------+
# UVM_INFO ../tb/env/reference_model.sv(158) @ 1645000: reporter [FIFO_REF] Reference model transaction[165]
# +----------+-------+-----+----+-----+----+----+--------+--------+------+------+------+------+------+------+--------+--------+
# | SRC      | IDX   | RST | CS | REG | WR | RD | ADDR   | DATAIN | FULL | EMPTY| ALMF | ALME | OVFL | UDFL | DOUT   | RDATA  |
# +----------+-------+-----+----+-----+----+----+--------+--------+------+------+------+------+------+------+--------+--------+
# | REF_IN   | 165   |  1  | 1  |  0  | 0  | 0  | 0x00   | 0x8a   |  0   |   0  |  0   |  1   |  0   |  0   | 0xd8   | 0x00   |
# | REF_OUT  | 165   |  1  | 1  |  0  | 0  | 0  | 0x00   | 0x8a   |  0   |   0  |  0   |  1   |  0   |  0   | 0xd8   | 0x00   |
# +----------+-------+-----+----+-----+----+----+--------+--------+------+------+------+------+------+------+--------+--------+
# State: old_occ=1 new_occ=1 af=6 ae=4 fill=1 clr_pulse=0
# UVM_INFO ../tb/env/scoreboard.sv(71) @ 1645000: uvm_test_top.env_h.scoreboard_h [FIFO_SB_CMP] Scoreboard compare[165]
# +----------+-------+-----+----+-----+----+----+--------+--------+------+------+------+------+------+------+--------+--------+
# | SRC      | IDX   | RST | CS | REG | WR | RD | ADDR   | DATAIN | FULL | EMPTY| ALMF | ALME | OVFL | UDFL | DOUT   | RDATA  |
# +----------+-------+-----+----+-----+----+----+--------+--------+------+------+------+------+------+------+--------+--------+
# | OBS      | 165   |  1  | 1  |  0  | 0  | 0  | 0x00   | 0x8a   |  0   |   0  |  0   |  1   |  0   |  0   | 0xd8   | 0x00   |
# | EXP      | 165   |  1  | 1  |  0  | 0  | 0  | 0x00   | 0x8a   |  0   |   0  |  0   |  1   |  0   |  0   | 0xd8   | 0x00   |
# +----------+-------+-----+----+-----+----+----+--------+--------+------+------+------+------+------+------+--------+--------+
# Result: PASS | pass_count=165 fail_count=0
# UVM_INFO ../tb/agent/read_monitor.sv(44) @ 1645000: uvm_test_top.env_h.agent_h.monitor_h [FIFO_MON] Monitor transaction[165]
# +----------+-------+-----+----+-----+----+----+--------+--------+------+------+------+------+------+------+--------+--------+
# | SRC      | IDX   | RST | CS | REG | WR | RD | ADDR   | DATAIN | FULL | EMPTY| ALMF | ALME | OVFL | UDFL | DOUT   | RDATA  |
# +----------+-------+-----+----+-----+----+----+--------+--------+------+------+------+------+------+------+--------+--------+
# | MON      | 165   |  1  | 1  |  0  | 0  | 0  | 0x00   | 0x8a   |  0   |   0  |  0   |  1   |  0   |  0   | 0xd8   | 0x00   |
# +----------+-------+-----+----+-----+----+----+--------+--------+------+------+------+------+------+------+--------+--------+
# UVM_INFO ../tb/agent/write_drv.sv(33) @ 1650000: uvm_test_top.env_h.agent_h.driver_h [FIFO_DRV] Driver transaction[166]
# +----------+-------+-----+----+-----+----+----+--------+--------+------+------+------+------+------+------+--------+--------+
# | SRC      | IDX   | RST | CS | REG | WR | RD | ADDR   | DATAIN | FULL | EMPTY| ALMF | ALME | OVFL | UDFL | DOUT   | RDATA  |
# +----------+-------+-----+----+-----+----+----+--------+--------+------+------+------+------+------+------+--------+--------+
# | DRV      | 166   |  1  | 1  |  0  | 0  | 1  | 0x00   | 0x79   |  0   |   0  |  0   |  0   |  0   |  0   | 0x00   | 0x00   |
# +----------+-------+-----+----+-----+----+----+--------+--------+------+------+------+------+------+------+--------+--------+
# UVM_INFO ../tb/env/reference_model.sv(158) @ 1655000: reporter [FIFO_REF] Reference model transaction[166]
# +----------+-------+-----+----+-----+----+----+--------+--------+------+------+------+------+------+------+--------+--------+
# | SRC      | IDX   | RST | CS | REG | WR | RD | ADDR   | DATAIN | FULL | EMPTY| ALMF | ALME | OVFL | UDFL | DOUT   | RDATA  |
# +----------+-------+-----+----+-----+----+----+--------+--------+------+------+------+------+------+------+--------+--------+
# | REF_IN   | 166   |  1  | 1  |  0  | 0  | 1  | 0x00   | 0x79   |  0   |   1  |  0   |  1   |  0   |  1   | 0x89   | 0x00   |
# | REF_OUT  | 166   |  1  | 1  |  0  | 0  | 1  | 0x00   | 0x79   |  0   |   1  |  0   |  1   |  0   |  1   | 0x89   | 0x00   |
# +----------+-------+-----+----+-----+----+----+--------+--------+------+------+------+------+------+------+--------+--------+
# State: old_occ=1 new_occ=0 af=6 ae=4 fill=1 clr_pulse=0
# UVM_INFO ../tb/env/scoreboard.sv(71) @ 1655000: uvm_test_top.env_h.scoreboard_h [FIFO_SB_CMP] Scoreboard compare[166]
# +----------+-------+-----+----+-----+----+----+--------+--------+------+------+------+------+------+------+--------+--------+
# | SRC      | IDX   | RST | CS | REG | WR | RD | ADDR   | DATAIN | FULL | EMPTY| ALMF | ALME | OVFL | UDFL | DOUT   | RDATA  |
# +----------+-------+-----+----+-----+----+----+--------+--------+------+------+------+------+------+------+--------+--------+
# | OBS      | 166   |  1  | 1  |  0  | 0  | 1  | 0x00   | 0x79   |  0   |   1  |  0   |  1   |  0   |  1   | 0x89   | 0x00   |
# | EXP      | 166   |  1  | 1  |  0  | 0  | 1  | 0x00   | 0x79   |  0   |   1  |  0   |  1   |  0   |  1   | 0x89   | 0x00   |
# +----------+-------+-----+----+-----+----+----+--------+--------+------+------+------+------+------+------+--------+--------+
# Result: PASS | pass_count=166 fail_count=0
# UVM_INFO ../tb/agent/read_monitor.sv(44) @ 1655000: uvm_test_top.env_h.agent_h.monitor_h [FIFO_MON] Monitor transaction[166]
# +----------+-------+-----+----+-----+----+----+--------+--------+------+------+------+------+------+------+--------+--------+
# | SRC      | IDX   | RST | CS | REG | WR | RD | ADDR   | DATAIN | FULL | EMPTY| ALMF | ALME | OVFL | UDFL | DOUT   | RDATA  |
# +----------+-------+-----+----+-----+----+----+--------+--------+------+------+------+------+------+------+--------+--------+
# | MON      | 166   |  1  | 1  |  0  | 0  | 1  | 0x00   | 0x79   |  0   |   1  |  0   |  1   |  0   |  1   | 0x89   | 0x00   |
# +----------+-------+-----+----+-----+----+----+--------+--------+------+------+------+------+------+------+--------+--------+
# UVM_INFO ../tb/agent/write_drv.sv(33) @ 1660000: uvm_test_top.env_h.agent_h.driver_h [FIFO_DRV] Driver transaction[167]
# +----------+-------+-----+----+-----+----+----+--------+--------+------+------+------+------+------+------+--------+--------+
# | SRC      | IDX   | RST | CS | REG | WR | RD | ADDR   | DATAIN | FULL | EMPTY| ALMF | ALME | OVFL | UDFL | DOUT   | RDATA  |
# +----------+-------+-----+----+-----+----+----+--------+--------+------+------+------+------+------+------+--------+--------+
# | DRV      | 167   |  1  | 0  |  1  | 1  | 0  | 0x00   | 0xd4   |  0   |   0  |  0   |  0   |  0   |  0   | 0x00   | 0x00   |
# +----------+-------+-----+----+-----+----+----+--------+--------+------+------+------+------+------+------+--------+--------+
# UVM_INFO ../tb/env/reference_model.sv(158) @ 1665000: reporter [FIFO_REF] Reference model transaction[167]
# +----------+-------+-----+----+-----+----+----+--------+--------+------+------+------+------+------+------+--------+--------+
# | SRC      | IDX   | RST | CS | REG | WR | RD | ADDR   | DATAIN | FULL | EMPTY| ALMF | ALME | OVFL | UDFL | DOUT   | RDATA  |
# +----------+-------+-----+----+-----+----+----+--------+--------+------+------+------+------+------+------+--------+--------+
# | REF_IN   | 167   |  1  | 0  |  1  | 1  | 0  | 0x00   | 0xd4   |  0   |   1  |  0   |  1   |  0   |  0   | 0x89   | 0x00   |
# | REF_OUT  | 167   |  1  | 0  |  1  | 1  | 0  | 0x00   | 0xd4   |  0   |   1  |  0   |  1   |  0   |  0   | 0x89   | 0x00   |
# +----------+-------+-----+----+-----+----+----+--------+--------+------+------+------+------+------+------+--------+--------+
# State: old_occ=0 new_occ=0 af=6 ae=4 fill=1 clr_pulse=0
# UVM_INFO ../tb/env/scoreboard.sv(71) @ 1665000: uvm_test_top.env_h.scoreboard_h [FIFO_SB_CMP] Scoreboard compare[167]
# +----------+-------+-----+----+-----+----+----+--------+--------+------+------+------+------+------+------+--------+--------+
# | SRC      | IDX   | RST | CS | REG | WR | RD | ADDR   | DATAIN | FULL | EMPTY| ALMF | ALME | OVFL | UDFL | DOUT   | RDATA  |
# +----------+-------+-----+----+-----+----+----+--------+--------+------+------+------+------+------+------+--------+--------+
# | OBS      | 167   |  1  | 0  |  1  | 1  | 0  | 0x00   | 0xd4   |  0   |   1  |  0   |  1   |  0   |  0   | 0x89   | 0x00   |
# | EXP      | 167   |  1  | 0  |  1  | 1  | 0  | 0x00   | 0xd4   |  0   |   1  |  0   |  1   |  0   |  0   | 0x89   | 0x00   |
# +----------+-------+-----+----+-----+----+----+--------+--------+------+------+------+------+------+------+--------+--------+
# Result: PASS | pass_count=167 fail_count=0
# UVM_INFO ../tb/agent/read_monitor.sv(44) @ 1665000: uvm_test_top.env_h.agent_h.monitor_h [FIFO_MON] Monitor transaction[167]
# +----------+-------+-----+----+-----+----+----+--------+--------+------+------+------+------+------+------+--------+--------+
# | SRC      | IDX   | RST | CS | REG | WR | RD | ADDR   | DATAIN | FULL | EMPTY| ALMF | ALME | OVFL | UDFL | DOUT   | RDATA  |
# +----------+-------+-----+----+-----+----+----+--------+--------+------+------+------+------+------+------+--------+--------+
# | MON      | 167   |  1  | 0  |  1  | 1  | 0  | 0x00   | 0xd4   |  0   |   1  |  0   |  1   |  0   |  0   | 0x89   | 0x00   |
# +----------+-------+-----+----+-----+----+----+--------+--------+------+------+------+------+------+------+--------+--------+
# UVM_INFO ../tb/agent/write_drv.sv(33) @ 1670000: uvm_test_top.env_h.agent_h.driver_h [FIFO_DRV] Driver transaction[168]
# +----------+-------+-----+----+-----+----+----+--------+--------+------+------+------+------+------+------+--------+--------+
# | SRC      | IDX   | RST | CS | REG | WR | RD | ADDR   | DATAIN | FULL | EMPTY| ALMF | ALME | OVFL | UDFL | DOUT   | RDATA  |
# +----------+-------+-----+----+-----+----+----+--------+--------+------+------+------+------+------+------+--------+--------+
# | DRV      | 168   |  1  | 1  |  0  | 0  | 0  | 0x00   | 0xc9   |  0   |   0  |  0   |  0   |  0   |  0   | 0x00   | 0x00   |
# +----------+-------+-----+----+-----+----+----+--------+--------+------+------+------+------+------+------+--------+--------+
# UVM_INFO ../tb/env/reference_model.sv(158) @ 1675000: reporter [FIFO_REF] Reference model transaction[168]
# +----------+-------+-----+----+-----+----+----+--------+--------+------+------+------+------+------+------+--------+--------+
# | SRC      | IDX   | RST | CS | REG | WR | RD | ADDR   | DATAIN | FULL | EMPTY| ALMF | ALME | OVFL | UDFL | DOUT   | RDATA  |
# +----------+-------+-----+----+-----+----+----+--------+--------+------+------+------+------+------+------+--------+--------+
# | REF_IN   | 168   |  1  | 1  |  0  | 0  | 0  | 0x00   | 0xc9   |  0   |   1  |  0   |  1   |  0   |  0   | 0x89   | 0x00   |
# | REF_OUT  | 168   |  1  | 1  |  0  | 0  | 0  | 0x00   | 0xc9   |  0   |   1  |  0   |  1   |  0   |  0   | 0x89   | 0x00   |
# +----------+-------+-----+----+-----+----+----+--------+--------+------+------+------+------+------+------+--------+--------+
# State: old_occ=0 new_occ=0 af=6 ae=4 fill=0 clr_pulse=0
# UVM_INFO ../tb/env/scoreboard.sv(71) @ 1675000: uvm_test_top.env_h.scoreboard_h [FIFO_SB_CMP] Scoreboard compare[168]
# +----------+-------+-----+----+-----+----+----+--------+--------+------+------+------+------+------+------+--------+--------+
# | SRC      | IDX   | RST | CS | REG | WR | RD | ADDR   | DATAIN | FULL | EMPTY| ALMF | ALME | OVFL | UDFL | DOUT   | RDATA  |
# +----------+-------+-----+----+-----+----+----+--------+--------+------+------+------+------+------+------+--------+--------+
# | OBS      | 168   |  1  | 1  |  0  | 0  | 0  | 0x00   | 0xc9   |  0   |   1  |  0   |  1   |  0   |  0   | 0x89   | 0x00   |
# | EXP      | 168   |  1  | 1  |  0  | 0  | 0  | 0x00   | 0xc9   |  0   |   1  |  0   |  1   |  0   |  0   | 0x89   | 0x00   |
# +----------+-------+-----+----+-----+----+----+--------+--------+------+------+------+------+------+------+--------+--------+
# Result: PASS | pass_count=168 fail_count=0
# UVM_INFO ../tb/agent/read_monitor.sv(44) @ 1675000: uvm_test_top.env_h.agent_h.monitor_h [FIFO_MON] Monitor transaction[168]
# +----------+-------+-----+----+-----+----+----+--------+--------+------+------+------+------+------+------+--------+--------+
# | SRC      | IDX   | RST | CS | REG | WR | RD | ADDR   | DATAIN | FULL | EMPTY| ALMF | ALME | OVFL | UDFL | DOUT   | RDATA  |
# +----------+-------+-----+----+-----+----+----+--------+--------+------+------+------+------+------+------+--------+--------+
# | MON      | 168   |  1  | 1  |  0  | 0  | 0  | 0x00   | 0xc9   |  0   |   1  |  0   |  1   |  0   |  0   | 0x89   | 0x00   |
# +----------+-------+-----+----+-----+----+----+--------+--------+------+------+------+------+------+------+--------+--------+
# UVM_INFO ../tb/agent/write_drv.sv(33) @ 1680000: uvm_test_top.env_h.agent_h.driver_h [FIFO_DRV] Driver transaction[169]
# +----------+-------+-----+----+-----+----+----+--------+--------+------+------+------+------+------+------+--------+--------+
# | SRC      | IDX   | RST | CS | REG | WR | RD | ADDR   | DATAIN | FULL | EMPTY| ALMF | ALME | OVFL | UDFL | DOUT   | RDATA  |
# +----------+-------+-----+----+-----+----+----+--------+--------+------+------+------+------+------+------+--------+--------+
# | DRV      | 169   |  1  | 0  |  0  | 1  | 1  | 0x00   | 0x8e   |  0   |   0  |  0   |  0   |  0   |  0   | 0x00   | 0x00   |
# +----------+-------+-----+----+-----+----+----+--------+--------+------+------+------+------+------+------+--------+--------+
# UVM_INFO ../tb/env/reference_model.sv(158) @ 1685000: reporter [FIFO_REF] Reference model transaction[169]
# +----------+-------+-----+----+-----+----+----+--------+--------+------+------+------+------+------+------+--------+--------+
# | SRC      | IDX   | RST | CS | REG | WR | RD | ADDR   | DATAIN | FULL | EMPTY| ALMF | ALME | OVFL | UDFL | DOUT   | RDATA  |
# +----------+-------+-----+----+-----+----+----+--------+--------+------+------+------+------+------+------+--------+--------+
# | REF_IN   | 169   |  1  | 0  |  0  | 1  | 1  | 0x00   | 0x8e   |  0   |   1  |  0   |  1   |  0   |  0   | 0x89   | 0x00   |
# | REF_OUT  | 169   |  1  | 0  |  0  | 1  | 1  | 0x00   | 0x8e   |  0   |   1  |  0   |  1   |  0   |  0   | 0x89   | 0x00   |
# +----------+-------+-----+----+-----+----+----+--------+--------+------+------+------+------+------+------+--------+--------+
# State: old_occ=0 new_occ=0 af=6 ae=4 fill=0 clr_pulse=0
# UVM_INFO ../tb/env/scoreboard.sv(71) @ 1685000: uvm_test_top.env_h.scoreboard_h [FIFO_SB_CMP] Scoreboard compare[169]
# +----------+-------+-----+----+-----+----+----+--------+--------+------+------+------+------+------+------+--------+--------+
# | SRC      | IDX   | RST | CS | REG | WR | RD | ADDR   | DATAIN | FULL | EMPTY| ALMF | ALME | OVFL | UDFL | DOUT   | RDATA  |
# +----------+-------+-----+----+-----+----+----+--------+--------+------+------+------+------+------+------+--------+--------+
# | OBS      | 169   |  1  | 0  |  0  | 1  | 1  | 0x00   | 0x8e   |  0   |   1  |  0   |  1   |  0   |  0   | 0x89   | 0x00   |
# | EXP      | 169   |  1  | 0  |  0  | 1  | 1  | 0x00   | 0x8e   |  0   |   1  |  0   |  1   |  0   |  0   | 0x89   | 0x00   |
# +----------+-------+-----+----+-----+----+----+--------+--------+------+------+------+------+------+------+--------+--------+
# Result: PASS | pass_count=169 fail_count=0
# UVM_INFO ../tb/agent/read_monitor.sv(44) @ 1685000: uvm_test_top.env_h.agent_h.monitor_h [FIFO_MON] Monitor transaction[169]
# +----------+-------+-----+----+-----+----+----+--------+--------+------+------+------+------+------+------+--------+--------+
# | SRC      | IDX   | RST | CS | REG | WR | RD | ADDR   | DATAIN | FULL | EMPTY| ALMF | ALME | OVFL | UDFL | DOUT   | RDATA  |
# +----------+-------+-----+----+-----+----+----+--------+--------+------+------+------+------+------+------+--------+--------+
# | MON      | 169   |  1  | 0  |  0  | 1  | 1  | 0x00   | 0x8e   |  0   |   1  |  0   |  1   |  0   |  0   | 0x89   | 0x00   |
# +----------+-------+-----+----+-----+----+----+--------+--------+------+------+------+------+------+------+--------+--------+
# UVM_INFO ../tb/agent/write_drv.sv(33) @ 1690000: uvm_test_top.env_h.agent_h.driver_h [FIFO_DRV] Driver transaction[170]
# +----------+-------+-----+----+-----+----+----+--------+--------+------+------+------+------+------+------+--------+--------+
# | SRC      | IDX   | RST | CS | REG | WR | RD | ADDR   | DATAIN | FULL | EMPTY| ALMF | ALME | OVFL | UDFL | DOUT   | RDATA  |
# +----------+-------+-----+----+-----+----+----+--------+--------+------+------+------+------+------+------+--------+--------+
# | DRV      | 170   |  1  | 1  |  0  | 1  | 1  | 0x00   | 0xc7   |  0   |   0  |  0   |  0   |  0   |  0   | 0x00   | 0x00   |
# +----------+-------+-----+----+-----+----+----+--------+--------+------+------+------+------+------+------+--------+--------+
# UVM_INFO ../tb/env/reference_model.sv(158) @ 1695000: reporter [FIFO_REF] Reference model transaction[170]
# +----------+-------+-----+----+-----+----+----+--------+--------+------+------+------+------+------+------+--------+--------+
# | SRC      | IDX   | RST | CS | REG | WR | RD | ADDR   | DATAIN | FULL | EMPTY| ALMF | ALME | OVFL | UDFL | DOUT   | RDATA  |
# +----------+-------+-----+----+-----+----+----+--------+--------+------+------+------+------+------+------+--------+--------+
# | REF_IN   | 170   |  1  | 1  |  0  | 1  | 1  | 0x00   | 0xc7   |  0   |   0  |  0   |  1   |  0   |  0   | 0x89   | 0x00   |
# | REF_OUT  | 170   |  1  | 1  |  0  | 1  | 1  | 0x00   | 0xc7   |  0   |   0  |  0   |  1   |  0   |  0   | 0x89   | 0x00   |
# +----------+-------+-----+----+-----+----+----+--------+--------+------+------+------+------+------+------+--------+--------+
# State: old_occ=0 new_occ=1 af=6 ae=4 fill=0 clr_pulse=0
# UVM_INFO ../tb/env/scoreboard.sv(71) @ 1695000: uvm_test_top.env_h.scoreboard_h [FIFO_SB_CMP] Scoreboard compare[170]
# +----------+-------+-----+----+-----+----+----+--------+--------+------+------+------+------+------+------+--------+--------+
# | SRC      | IDX   | RST | CS | REG | WR | RD | ADDR   | DATAIN | FULL | EMPTY| ALMF | ALME | OVFL | UDFL | DOUT   | RDATA  |
# +----------+-------+-----+----+-----+----+----+--------+--------+------+------+------+------+------+------+--------+--------+
# | OBS      | 170   |  1  | 1  |  0  | 1  | 1  | 0x00   | 0xc7   |  0   |   0  |  0   |  1   |  0   |  0   | 0x89   | 0x00   |
# | EXP      | 170   |  1  | 1  |  0  | 1  | 1  | 0x00   | 0xc7   |  0   |   0  |  0   |  1   |  0   |  0   | 0x89   | 0x00   |
# +----------+-------+-----+----+-----+----+----+--------+--------+------+------+------+------+------+------+--------+--------+
# Result: PASS | pass_count=170 fail_count=0
# UVM_INFO ../tb/agent/read_monitor.sv(44) @ 1695000: uvm_test_top.env_h.agent_h.monitor_h [FIFO_MON] Monitor transaction[170]
# +----------+-------+-----+----+-----+----+----+--------+--------+------+------+------+------+------+------+--------+--------+
# | SRC      | IDX   | RST | CS | REG | WR | RD | ADDR   | DATAIN | FULL | EMPTY| ALMF | ALME | OVFL | UDFL | DOUT   | RDATA  |
# +----------+-------+-----+----+-----+----+----+--------+--------+------+------+------+------+------+------+--------+--------+
# | MON      | 170   |  1  | 1  |  0  | 1  | 1  | 0x00   | 0xc7   |  0   |   0  |  0   |  1   |  0   |  0   | 0x89   | 0x00   |
# +----------+-------+-----+----+-----+----+----+--------+--------+------+------+------+------+------+------+--------+--------+
# UVM_INFO ../tb/agent/write_drv.sv(33) @ 1700000: uvm_test_top.env_h.agent_h.driver_h [FIFO_DRV] Driver transaction[171]
# +----------+-------+-----+----+-----+----+----+--------+--------+------+------+------+------+------+------+--------+--------+
# | SRC      | IDX   | RST | CS | REG | WR | RD | ADDR   | DATAIN | FULL | EMPTY| ALMF | ALME | OVFL | UDFL | DOUT   | RDATA  |
# +----------+-------+-----+----+-----+----+----+--------+--------+------+------+------+------+------+------+--------+--------+
# | DRV      | 171   |  1  | 1  |  0  | 1  | 0  | 0x00   | 0xfe   |  0   |   0  |  0   |  0   |  0   |  0   | 0x00   | 0x00   |
# +----------+-------+-----+----+-----+----+----+--------+--------+------+------+------+------+------+------+--------+--------+
# UVM_INFO ../tb/env/reference_model.sv(158) @ 1705000: reporter [FIFO_REF] Reference model transaction[171]
# +----------+-------+-----+----+-----+----+----+--------+--------+------+------+------+------+------+------+--------+--------+
# | SRC      | IDX   | RST | CS | REG | WR | RD | ADDR   | DATAIN | FULL | EMPTY| ALMF | ALME | OVFL | UDFL | DOUT   | RDATA  |
# +----------+-------+-----+----+-----+----+----+--------+--------+------+------+------+------+------+------+--------+--------+
# | REF_IN   | 171   |  1  | 1  |  0  | 1  | 0  | 0x00   | 0xfe   |  0   |   0  |  0   |  1   |  0   |  0   | 0x89   | 0x00   |
# | REF_OUT  | 171   |  1  | 1  |  0  | 1  | 0  | 0x00   | 0xfe   |  0   |   0  |  0   |  1   |  0   |  0   | 0x89   | 0x00   |
# +----------+-------+-----+----+-----+----+----+--------+--------+------+------+------+------+------+------+--------+--------+
# State: old_occ=1 new_occ=2 af=6 ae=4 fill=1 clr_pulse=0
# UVM_INFO ../tb/env/scoreboard.sv(71) @ 1705000: uvm_test_top.env_h.scoreboard_h [FIFO_SB_CMP] Scoreboard compare[171]
# +----------+-------+-----+----+-----+----+----+--------+--------+------+------+------+------+------+------+--------+--------+
# | SRC      | IDX   | RST | CS | REG | WR | RD | ADDR   | DATAIN | FULL | EMPTY| ALMF | ALME | OVFL | UDFL | DOUT   | RDATA  |
# +----------+-------+-----+----+-----+----+----+--------+--------+------+------+------+------+------+------+--------+--------+
# | OBS      | 171   |  1  | 1  |  0  | 1  | 0  | 0x00   | 0xfe   |  0   |   0  |  0   |  1   |  0   |  0   | 0x89   | 0x00   |
# | EXP      | 171   |  1  | 1  |  0  | 1  | 0  | 0x00   | 0xfe   |  0   |   0  |  0   |  1   |  0   |  0   | 0x89   | 0x00   |
# +----------+-------+-----+----+-----+----+----+--------+--------+------+------+------+------+------+------+--------+--------+
# Result: PASS | pass_count=171 fail_count=0
# UVM_INFO ../tb/agent/read_monitor.sv(44) @ 1705000: uvm_test_top.env_h.agent_h.monitor_h [FIFO_MON] Monitor transaction[171]
# +----------+-------+-----+----+-----+----+----+--------+--------+------+------+------+------+------+------+--------+--------+
# | SRC      | IDX   | RST | CS | REG | WR | RD | ADDR   | DATAIN | FULL | EMPTY| ALMF | ALME | OVFL | UDFL | DOUT   | RDATA  |
# +----------+-------+-----+----+-----+----+----+--------+--------+------+------+------+------+------+------+--------+--------+
# | MON      | 171   |  1  | 1  |  0  | 1  | 0  | 0x00   | 0xfe   |  0   |   0  |  0   |  1   |  0   |  0   | 0x89   | 0x00   |
# +----------+-------+-----+----+-----+----+----+--------+--------+------+------+------+------+------+------+--------+--------+
# UVM_INFO ../tb/agent/write_drv.sv(33) @ 1710000: uvm_test_top.env_h.agent_h.driver_h [FIFO_DRV] Driver transaction[172]
# +----------+-------+-----+----+-----+----+----+--------+--------+------+------+------+------+------+------+--------+--------+
# | SRC      | IDX   | RST | CS | REG | WR | RD | ADDR   | DATAIN | FULL | EMPTY| ALMF | ALME | OVFL | UDFL | DOUT   | RDATA  |
# +----------+-------+-----+----+-----+----+----+--------+--------+------+------+------+------+------+------+--------+--------+
# | DRV      | 172   |  1  | 1  |  0  | 1  | 1  | 0x00   | 0xb8   |  0   |   0  |  0   |  0   |  0   |  0   | 0x00   | 0x00   |
# +----------+-------+-----+----+-----+----+----+--------+--------+------+------+------+------+------+------+--------+--------+
# UVM_INFO ../tb/env/reference_model.sv(158) @ 1715000: reporter [FIFO_REF] Reference model transaction[172]
# +----------+-------+-----+----+-----+----+----+--------+--------+------+------+------+------+------+------+--------+--------+
# | SRC      | IDX   | RST | CS | REG | WR | RD | ADDR   | DATAIN | FULL | EMPTY| ALMF | ALME | OVFL | UDFL | DOUT   | RDATA  |
# +----------+-------+-----+----+-----+----+----+--------+--------+------+------+------+------+------+------+--------+--------+
# | REF_IN   | 172   |  1  | 1  |  0  | 1  | 1  | 0x00   | 0xb8   |  0   |   0  |  0   |  1   |  0   |  0   | 0xc7   | 0x00   |
# | REF_OUT  | 172   |  1  | 1  |  0  | 1  | 1  | 0x00   | 0xb8   |  0   |   0  |  0   |  1   |  0   |  0   | 0xc7   | 0x00   |
# +----------+-------+-----+----+-----+----+----+--------+--------+------+------+------+------+------+------+--------+--------+
# State: old_occ=2 new_occ=2 af=6 ae=4 fill=2 clr_pulse=0
# UVM_INFO ../tb/env/scoreboard.sv(71) @ 1715000: uvm_test_top.env_h.scoreboard_h [FIFO_SB_CMP] Scoreboard compare[172]
# +----------+-------+-----+----+-----+----+----+--------+--------+------+------+------+------+------+------+--------+--------+
# | SRC      | IDX   | RST | CS | REG | WR | RD | ADDR   | DATAIN | FULL | EMPTY| ALMF | ALME | OVFL | UDFL | DOUT   | RDATA  |
# +----------+-------+-----+----+-----+----+----+--------+--------+------+------+------+------+------+------+--------+--------+
# | OBS      | 172   |  1  | 1  |  0  | 1  | 1  | 0x00   | 0xb8   |  0   |   0  |  0   |  1   |  0   |  0   | 0xc7   | 0x00   |
# | EXP      | 172   |  1  | 1  |  0  | 1  | 1  | 0x00   | 0xb8   |  0   |   0  |  0   |  1   |  0   |  0   | 0xc7   | 0x00   |
# +----------+-------+-----+----+-----+----+----+--------+--------+------+------+------+------+------+------+--------+--------+
# Result: PASS | pass_count=172 fail_count=0
# UVM_INFO ../tb/agent/read_monitor.sv(44) @ 1715000: uvm_test_top.env_h.agent_h.monitor_h [FIFO_MON] Monitor transaction[172]
# +----------+-------+-----+----+-----+----+----+--------+--------+------+------+------+------+------+------+--------+--------+
# | SRC      | IDX   | RST | CS | REG | WR | RD | ADDR   | DATAIN | FULL | EMPTY| ALMF | ALME | OVFL | UDFL | DOUT   | RDATA  |
# +----------+-------+-----+----+-----+----+----+--------+--------+------+------+------+------+------+------+--------+--------+
# | MON      | 172   |  1  | 1  |  0  | 1  | 1  | 0x00   | 0xb8   |  0   |   0  |  0   |  1   |  0   |  0   | 0xc7   | 0x00   |
# +----------+-------+-----+----+-----+----+----+--------+--------+------+------+------+------+------+------+--------+--------+
# UVM_INFO ../tb/agent/write_drv.sv(33) @ 1720000: uvm_test_top.env_h.agent_h.driver_h [FIFO_DRV] Driver transaction[173]
# +----------+-------+-----+----+-----+----+----+--------+--------+------+------+------+------+------+------+--------+--------+
# | SRC      | IDX   | RST | CS | REG | WR | RD | ADDR   | DATAIN | FULL | EMPTY| ALMF | ALME | OVFL | UDFL | DOUT   | RDATA  |
# +----------+-------+-----+----+-----+----+----+--------+--------+------+------+------+------+------+------+--------+--------+
# | DRV      | 173   |  1  | 0  |  0  | 0  | 0  | 0x00   | 0xef   |  0   |   0  |  0   |  0   |  0   |  0   | 0x00   | 0x00   |
# +----------+-------+-----+----+-----+----+----+--------+--------+------+------+------+------+------+------+--------+--------+
# UVM_INFO ../tb/env/reference_model.sv(158) @ 1725000: reporter [FIFO_REF] Reference model transaction[173]
# +----------+-------+-----+----+-----+----+----+--------+--------+------+------+------+------+------+------+--------+--------+
# | SRC      | IDX   | RST | CS | REG | WR | RD | ADDR   | DATAIN | FULL | EMPTY| ALMF | ALME | OVFL | UDFL | DOUT   | RDATA  |
# +----------+-------+-----+----+-----+----+----+--------+--------+------+------+------+------+------+------+--------+--------+
# | REF_IN   | 173   |  1  | 0  |  0  | 0  | 0  | 0x00   | 0xef   |  0   |   0  |  0   |  1   |  0   |  0   | 0xc7   | 0x00   |
# | REF_OUT  | 173   |  1  | 0  |  0  | 0  | 0  | 0x00   | 0xef   |  0   |   0  |  0   |  1   |  0   |  0   | 0xc7   | 0x00   |
# +----------+-------+-----+----+-----+----+----+--------+--------+------+------+------+------+------+------+--------+--------+
# State: old_occ=2 new_occ=2 af=6 ae=4 fill=2 clr_pulse=0
# UVM_INFO ../tb/env/scoreboard.sv(71) @ 1725000: uvm_test_top.env_h.scoreboard_h [FIFO_SB_CMP] Scoreboard compare[173]
# +----------+-------+-----+----+-----+----+----+--------+--------+------+------+------+------+------+------+--------+--------+
# | SRC      | IDX   | RST | CS | REG | WR | RD | ADDR   | DATAIN | FULL | EMPTY| ALMF | ALME | OVFL | UDFL | DOUT   | RDATA  |
# +----------+-------+-----+----+-----+----+----+--------+--------+------+------+------+------+------+------+--------+--------+
# | OBS      | 173   |  1  | 0  |  0  | 0  | 0  | 0x00   | 0xef   |  0   |   0  |  0   |  1   |  0   |  0   | 0xc7   | 0x00   |
# | EXP      | 173   |  1  | 0  |  0  | 0  | 0  | 0x00   | 0xef   |  0   |   0  |  0   |  1   |  0   |  0   | 0xc7   | 0x00   |
# +----------+-------+-----+----+-----+----+----+--------+--------+------+------+------+------+------+------+--------+--------+
# Result: PASS | pass_count=173 fail_count=0
# UVM_INFO ../tb/agent/read_monitor.sv(44) @ 1725000: uvm_test_top.env_h.agent_h.monitor_h [FIFO_MON] Monitor transaction[173]
# +----------+-------+-----+----+-----+----+----+--------+--------+------+------+------+------+------+------+--------+--------+
# | SRC      | IDX   | RST | CS | REG | WR | RD | ADDR   | DATAIN | FULL | EMPTY| ALMF | ALME | OVFL | UDFL | DOUT   | RDATA  |
# +----------+-------+-----+----+-----+----+----+--------+--------+------+------+------+------+------+------+--------+--------+
# | MON      | 173   |  1  | 0  |  0  | 0  | 0  | 0x00   | 0xef   |  0   |   0  |  0   |  1   |  0   |  0   | 0xc7   | 0x00   |
# +----------+-------+-----+----+-----+----+----+--------+--------+------+------+------+------+------+------+--------+--------+
# UVM_INFO ../tb/agent/write_drv.sv(33) @ 1730000: uvm_test_top.env_h.agent_h.driver_h [FIFO_DRV] Driver transaction[174]
# +----------+-------+-----+----+-----+----+----+--------+--------+------+------+------+------+------+------+--------+--------+
# | SRC      | IDX   | RST | CS | REG | WR | RD | ADDR   | DATAIN | FULL | EMPTY| ALMF | ALME | OVFL | UDFL | DOUT   | RDATA  |
# +----------+-------+-----+----+-----+----+----+--------+--------+------+------+------+------+------+------+--------+--------+
# | DRV      | 174   |  1  | 1  |  1  | 0  | 0  | 0x00   | 0xd6   |  0   |   0  |  0   |  0   |  0   |  0   | 0x00   | 0x00   |
# +----------+-------+-----+----+-----+----+----+--------+--------+------+------+------+------+------+------+--------+--------+
# UVM_INFO ../tb/env/reference_model.sv(158) @ 1735000: reporter [FIFO_REF] Reference model transaction[174]
# +----------+-------+-----+----+-----+----+----+--------+--------+------+------+------+------+------+------+--------+--------+
# | SRC      | IDX   | RST | CS | REG | WR | RD | ADDR   | DATAIN | FULL | EMPTY| ALMF | ALME | OVFL | UDFL | DOUT   | RDATA  |
# +----------+-------+-----+----+-----+----+----+--------+--------+------+------+------+------+------+------+--------+--------+
# | REF_IN   | 174   |  1  | 1  |  1  | 0  | 0  | 0x00   | 0xd6   |  0   |   0  |  0   |  1   |  0   |  0   | 0xc7   | 0x00   |
# | REF_OUT  | 174   |  1  | 1  |  1  | 0  | 0  | 0x00   | 0xd6   |  0   |   0  |  0   |  1   |  0   |  0   | 0xc7   | 0x00   |
# +----------+-------+-----+----+-----+----+----+--------+--------+------+------+------+------+------+------+--------+--------+
# State: old_occ=2 new_occ=2 af=6 ae=4 fill=2 clr_pulse=0
# UVM_INFO ../tb/env/scoreboard.sv(71) @ 1735000: uvm_test_top.env_h.scoreboard_h [FIFO_SB_CMP] Scoreboard compare[174]
# +----------+-------+-----+----+-----+----+----+--------+--------+------+------+------+------+------+------+--------+--------+
# | SRC      | IDX   | RST | CS | REG | WR | RD | ADDR   | DATAIN | FULL | EMPTY| ALMF | ALME | OVFL | UDFL | DOUT   | RDATA  |
# +----------+-------+-----+----+-----+----+----+--------+--------+------+------+------+------+------+------+--------+--------+
# | OBS      | 174   |  1  | 1  |  1  | 0  | 0  | 0x00   | 0xd6   |  0   |   0  |  0   |  1   |  0   |  0   | 0xc7   | 0x00   |
# | EXP      | 174   |  1  | 1  |  1  | 0  | 0  | 0x00   | 0xd6   |  0   |   0  |  0   |  1   |  0   |  0   | 0xc7   | 0x00   |
# +----------+-------+-----+----+-----+----+----+--------+--------+------+------+------+------+------+------+--------+--------+
# Result: PASS | pass_count=174 fail_count=0
# UVM_INFO ../tb/agent/read_monitor.sv(44) @ 1735000: uvm_test_top.env_h.agent_h.monitor_h [FIFO_MON] Monitor transaction[174]
# +----------+-------+-----+----+-----+----+----+--------+--------+------+------+------+------+------+------+--------+--------+
# | SRC      | IDX   | RST | CS | REG | WR | RD | ADDR   | DATAIN | FULL | EMPTY| ALMF | ALME | OVFL | UDFL | DOUT   | RDATA  |
# +----------+-------+-----+----+-----+----+----+--------+--------+------+------+------+------+------+------+--------+--------+
# | MON      | 174   |  1  | 1  |  1  | 0  | 0  | 0x00   | 0xd6   |  0   |   0  |  0   |  1   |  0   |  0   | 0xc7   | 0x00   |
# +----------+-------+-----+----+-----+----+----+--------+--------+------+------+------+------+------+------+--------+--------+
# UVM_INFO ../tb/agent/write_drv.sv(33) @ 1740000: uvm_test_top.env_h.agent_h.driver_h [FIFO_DRV] Driver transaction[175]
# +----------+-------+-----+----+-----+----+----+--------+--------+------+------+------+------+------+------+--------+--------+
# | SRC      | IDX   | RST | CS | REG | WR | RD | ADDR   | DATAIN | FULL | EMPTY| ALMF | ALME | OVFL | UDFL | DOUT   | RDATA  |
# +----------+-------+-----+----+-----+----+----+--------+--------+------+------+------+------+------+------+--------+--------+
# | DRV      | 175   |  1  | 1  |  0  | 1  | 0  | 0x00   | 0xe8   |  0   |   0  |  0   |  0   |  0   |  0   | 0x00   | 0x00   |
# +----------+-------+-----+----+-----+----+----+--------+--------+------+------+------+------+------+------+--------+--------+
# UVM_INFO ../tb/env/reference_model.sv(158) @ 1745000: reporter [FIFO_REF] Reference model transaction[175]
# +----------+-------+-----+----+-----+----+----+--------+--------+------+------+------+------+------+------+--------+--------+
# | SRC      | IDX   | RST | CS | REG | WR | RD | ADDR   | DATAIN | FULL | EMPTY| ALMF | ALME | OVFL | UDFL | DOUT   | RDATA  |
# +----------+-------+-----+----+-----+----+----+--------+--------+------+------+------+------+------+------+--------+--------+
# | REF_IN   | 175   |  1  | 1  |  0  | 1  | 0  | 0x00   | 0xe8   |  0   |   0  |  0   |  1   |  0   |  0   | 0xc7   | 0x00   |
# | REF_OUT  | 175   |  1  | 1  |  0  | 1  | 0  | 0x00   | 0xe8   |  0   |   0  |  0   |  1   |  0   |  0   | 0xc7   | 0x00   |
# +----------+-------+-----+----+-----+----+----+--------+--------+------+------+------+------+------+------+--------+--------+
# State: old_occ=2 new_occ=3 af=6 ae=4 fill=2 clr_pulse=0
# UVM_INFO ../tb/env/scoreboard.sv(71) @ 1745000: uvm_test_top.env_h.scoreboard_h [FIFO_SB_CMP] Scoreboard compare[175]
# +----------+-------+-----+----+-----+----+----+--------+--------+------+------+------+------+------+------+--------+--------+
# | SRC      | IDX   | RST | CS | REG | WR | RD | ADDR   | DATAIN | FULL | EMPTY| ALMF | ALME | OVFL | UDFL | DOUT   | RDATA  |
# +----------+-------+-----+----+-----+----+----+--------+--------+------+------+------+------+------+------+--------+--------+
# | OBS      | 175   |  1  | 1  |  0  | 1  | 0  | 0x00   | 0xe8   |  0   |   0  |  0   |  1   |  0   |  0   | 0xc7   | 0x00   |
# | EXP      | 175   |  1  | 1  |  0  | 1  | 0  | 0x00   | 0xe8   |  0   |   0  |  0   |  1   |  0   |  0   | 0xc7   | 0x00   |
# +----------+-------+-----+----+-----+----+----+--------+--------+------+------+------+------+------+------+--------+--------+
# Result: PASS | pass_count=175 fail_count=0
# UVM_INFO ../tb/agent/read_monitor.sv(44) @ 1745000: uvm_test_top.env_h.agent_h.monitor_h [FIFO_MON] Monitor transaction[175]
# +----------+-------+-----+----+-----+----+----+--------+--------+------+------+------+------+------+------+--------+--------+
# | SRC      | IDX   | RST | CS | REG | WR | RD | ADDR   | DATAIN | FULL | EMPTY| ALMF | ALME | OVFL | UDFL | DOUT   | RDATA  |
# +----------+-------+-----+----+-----+----+----+--------+--------+------+------+------+------+------+------+--------+--------+
# | MON      | 175   |  1  | 1  |  0  | 1  | 0  | 0x00   | 0xe8   |  0   |   0  |  0   |  1   |  0   |  0   | 0xc7   | 0x00   |
# +----------+-------+-----+----+-----+----+----+--------+--------+------+------+------+------+------+------+--------+--------+
# UVM_INFO ../tb/agent/write_drv.sv(33) @ 1750000: uvm_test_top.env_h.agent_h.driver_h [FIFO_DRV] Driver transaction[176]
# +----------+-------+-----+----+-----+----+----+--------+--------+------+------+------+------+------+------+--------+--------+
# | SRC      | IDX   | RST | CS | REG | WR | RD | ADDR   | DATAIN | FULL | EMPTY| ALMF | ALME | OVFL | UDFL | DOUT   | RDATA  |
# +----------+-------+-----+----+-----+----+----+--------+--------+------+------+------+------+------+------+--------+--------+
# | DRV      | 176   |  1  | 1  |  0  | 1  | 1  | 0x00   | 0x6d   |  0   |   0  |  0   |  0   |  0   |  0   | 0x00   | 0x00   |
# +----------+-------+-----+----+-----+----+----+--------+--------+------+------+------+------+------+------+--------+--------+
# UVM_INFO ../tb/env/reference_model.sv(158) @ 1755000: reporter [FIFO_REF] Reference model transaction[176]
# +----------+-------+-----+----+-----+----+----+--------+--------+------+------+------+------+------+------+--------+--------+
# | SRC      | IDX   | RST | CS | REG | WR | RD | ADDR   | DATAIN | FULL | EMPTY| ALMF | ALME | OVFL | UDFL | DOUT   | RDATA  |
# +----------+-------+-----+----+-----+----+----+--------+--------+------+------+------+------+------+------+--------+--------+
# | REF_IN   | 176   |  1  | 1  |  0  | 1  | 1  | 0x00   | 0x6d   |  0   |   0  |  0   |  1   |  0   |  0   | 0xfe   | 0x00   |
# | REF_OUT  | 176   |  1  | 1  |  0  | 1  | 1  | 0x00   | 0x6d   |  0   |   0  |  0   |  1   |  0   |  0   | 0xfe   | 0x00   |
# +----------+-------+-----+----+-----+----+----+--------+--------+------+------+------+------+------+------+--------+--------+
# State: old_occ=3 new_occ=3 af=6 ae=4 fill=3 clr_pulse=0
# UVM_INFO ../tb/env/scoreboard.sv(71) @ 1755000: uvm_test_top.env_h.scoreboard_h [FIFO_SB_CMP] Scoreboard compare[176]
# +----------+-------+-----+----+-----+----+----+--------+--------+------+------+------+------+------+------+--------+--------+
# | SRC      | IDX   | RST | CS | REG | WR | RD | ADDR   | DATAIN | FULL | EMPTY| ALMF | ALME | OVFL | UDFL | DOUT   | RDATA  |
# +----------+-------+-----+----+-----+----+----+--------+--------+------+------+------+------+------+------+--------+--------+
# | OBS      | 176   |  1  | 1  |  0  | 1  | 1  | 0x00   | 0x6d   |  0   |   0  |  0   |  1   |  0   |  0   | 0xfe   | 0x00   |
# | EXP      | 176   |  1  | 1  |  0  | 1  | 1  | 0x00   | 0x6d   |  0   |   0  |  0   |  1   |  0   |  0   | 0xfe   | 0x00   |
# +----------+-------+-----+----+-----+----+----+--------+--------+------+------+------+------+------+------+--------+--------+
# Result: PASS | pass_count=176 fail_count=0
# UVM_INFO ../tb/agent/read_monitor.sv(44) @ 1755000: uvm_test_top.env_h.agent_h.monitor_h [FIFO_MON] Monitor transaction[176]
# +----------+-------+-----+----+-----+----+----+--------+--------+------+------+------+------+------+------+--------+--------+
# | SRC      | IDX   | RST | CS | REG | WR | RD | ADDR   | DATAIN | FULL | EMPTY| ALMF | ALME | OVFL | UDFL | DOUT   | RDATA  |
# +----------+-------+-----+----+-----+----+----+--------+--------+------+------+------+------+------+------+--------+--------+
# | MON      | 176   |  1  | 1  |  0  | 1  | 1  | 0x00   | 0x6d   |  0   |   0  |  0   |  1   |  0   |  0   | 0xfe   | 0x00   |
# +----------+-------+-----+----+-----+----+----+--------+--------+------+------+------+------+------+------+--------+--------+
# UVM_INFO ../tb/agent/write_drv.sv(33) @ 1760000: uvm_test_top.env_h.agent_h.driver_h [FIFO_DRV] Driver transaction[177]
# +----------+-------+-----+----+-----+----+----+--------+--------+------+------+------+------+------+------+--------+--------+
# | SRC      | IDX   | RST | CS | REG | WR | RD | ADDR   | DATAIN | FULL | EMPTY| ALMF | ALME | OVFL | UDFL | DOUT   | RDATA  |
# +----------+-------+-----+----+-----+----+----+--------+--------+------+------+------+------+------+------+--------+--------+
# | DRV      | 177   |  1  | 1  |  1  | 0  | 1  | 0x14   | 0x05   |  0   |   0  |  0   |  0   |  0   |  0   | 0x00   | 0x00   |
# +----------+-------+-----+----+-----+----+----+--------+--------+------+------+------+------+------+------+--------+--------+
# UVM_INFO ../tb/env/reference_model.sv(158) @ 1765000: reporter [FIFO_REF] Reference model transaction[177]
# +----------+-------+-----+----+-----+----+----+--------+--------+------+------+------+------+------+------+--------+--------+
# | SRC      | IDX   | RST | CS | REG | WR | RD | ADDR   | DATAIN | FULL | EMPTY| ALMF | ALME | OVFL | UDFL | DOUT   | RDATA  |
# +----------+-------+-----+----+-----+----+----+--------+--------+------+------+------+------+------+------+--------+--------+
# | REF_IN   | 177   |  1  | 1  |  1  | 0  | 1  | 0x14   | 0x05   |  0   |   0  |  0   |  1   |  0   |  0   | 0xfe   | 0x03   |
# | REF_OUT  | 177   |  1  | 1  |  1  | 0  | 1  | 0x14   | 0x05   |  0   |   0  |  0   |  1   |  0   |  0   | 0xfe   | 0x03   |
# +----------+-------+-----+----+-----+----+----+--------+--------+------+------+------+------+------+------+--------+--------+
# State: old_occ=3 new_occ=3 af=6 ae=4 fill=3 clr_pulse=0
# UVM_INFO ../tb/env/scoreboard.sv(71) @ 1765000: uvm_test_top.env_h.scoreboard_h [FIFO_SB_CMP] Scoreboard compare[177]
# +----------+-------+-----+----+-----+----+----+--------+--------+------+------+------+------+------+------+--------+--------+
# | SRC      | IDX   | RST | CS | REG | WR | RD | ADDR   | DATAIN | FULL | EMPTY| ALMF | ALME | OVFL | UDFL | DOUT   | RDATA  |
# +----------+-------+-----+----+-----+----+----+--------+--------+------+------+------+------+------+------+--------+--------+
# | OBS      | 177   |  1  | 1  |  1  | 0  | 1  | 0x14   | 0x05   |  0   |   0  |  0   |  1   |  0   |  0   | 0xfe   | 0x03   |
# | EXP      | 177   |  1  | 1  |  1  | 0  | 1  | 0x14   | 0x05   |  0   |   0  |  0   |  1   |  0   |  0   | 0xfe   | 0x03   |
# +----------+-------+-----+----+-----+----+----+--------+--------+------+------+------+------+------+------+--------+--------+
# Result: PASS | pass_count=177 fail_count=0
# UVM_INFO ../tb/agent/read_monitor.sv(44) @ 1765000: uvm_test_top.env_h.agent_h.monitor_h [FIFO_MON] Monitor transaction[177]
# +----------+-------+-----+----+-----+----+----+--------+--------+------+------+------+------+------+------+--------+--------+
# | SRC      | IDX   | RST | CS | REG | WR | RD | ADDR   | DATAIN | FULL | EMPTY| ALMF | ALME | OVFL | UDFL | DOUT   | RDATA  |
# +----------+-------+-----+----+-----+----+----+--------+--------+------+------+------+------+------+------+--------+--------+
# | MON      | 177   |  1  | 1  |  1  | 0  | 1  | 0x14   | 0x05   |  0   |   0  |  0   |  1   |  0   |  0   | 0xfe   | 0x03   |
# +----------+-------+-----+----+-----+----+----+--------+--------+------+------+------+------+------+------+--------+--------+
# UVM_INFO ../tb/agent/write_drv.sv(33) @ 1770000: uvm_test_top.env_h.agent_h.driver_h [FIFO_DRV] Driver transaction[178]
# +----------+-------+-----+----+-----+----+----+--------+--------+------+------+------+------+------+------+--------+--------+
# | SRC      | IDX   | RST | CS | REG | WR | RD | ADDR   | DATAIN | FULL | EMPTY| ALMF | ALME | OVFL | UDFL | DOUT   | RDATA  |
# +----------+-------+-----+----+-----+----+----+--------+--------+------+------+------+------+------+------+--------+--------+
# | DRV      | 178   |  1  | 1  |  1  | 1  | 1  | 0x14   | 0xab   |  0   |   0  |  0   |  0   |  0   |  0   | 0x00   | 0x00   |
# +----------+-------+-----+----+-----+----+----+--------+--------+------+------+------+------+------+------+--------+--------+
# UVM_INFO ../tb/env/reference_model.sv(158) @ 1775000: reporter [FIFO_REF] Reference model transaction[178]
# +----------+-------+-----+----+-----+----+----+--------+--------+------+------+------+------+------+------+--------+--------+
# | SRC      | IDX   | RST | CS | REG | WR | RD | ADDR   | DATAIN | FULL | EMPTY| ALMF | ALME | OVFL | UDFL | DOUT   | RDATA  |
# +----------+-------+-----+----+-----+----+----+--------+--------+------+------+------+------+------+------+--------+--------+
# | REF_IN   | 178   |  1  | 1  |  1  | 1  | 1  | 0x14   | 0xab   |  0   |   0  |  0   |  1   |  0   |  0   | 0xfe   | 0x03   |
# | REF_OUT  | 178   |  1  | 1  |  1  | 1  | 1  | 0x14   | 0xab   |  0   |   0  |  0   |  1   |  0   |  0   | 0xfe   | 0x03   |
# +----------+-------+-----+----+-----+----+----+--------+--------+------+------+------+------+------+------+--------+--------+
# State: old_occ=3 new_occ=3 af=6 ae=4 fill=3 clr_pulse=0
# UVM_INFO ../tb/env/scoreboard.sv(71) @ 1775000: uvm_test_top.env_h.scoreboard_h [FIFO_SB_CMP] Scoreboard compare[178]
# +----------+-------+-----+----+-----+----+----+--------+--------+------+------+------+------+------+------+--------+--------+
# | SRC      | IDX   | RST | CS | REG | WR | RD | ADDR   | DATAIN | FULL | EMPTY| ALMF | ALME | OVFL | UDFL | DOUT   | RDATA  |
# +----------+-------+-----+----+-----+----+----+--------+--------+------+------+------+------+------+------+--------+--------+
# | OBS      | 178   |  1  | 1  |  1  | 1  | 1  | 0x14   | 0xab   |  0   |   0  |  0   |  1   |  0   |  0   | 0xfe   | 0x03   |
# | EXP      | 178   |  1  | 1  |  1  | 1  | 1  | 0x14   | 0xab   |  0   |   0  |  0   |  1   |  0   |  0   | 0xfe   | 0x03   |
# +----------+-------+-----+----+-----+----+----+--------+--------+------+------+------+------+------+------+--------+--------+
# Result: PASS | pass_count=178 fail_count=0
# UVM_INFO ../tb/agent/read_monitor.sv(44) @ 1775000: uvm_test_top.env_h.agent_h.monitor_h [FIFO_MON] Monitor transaction[178]
# +----------+-------+-----+----+-----+----+----+--------+--------+------+------+------+------+------+------+--------+--------+
# | SRC      | IDX   | RST | CS | REG | WR | RD | ADDR   | DATAIN | FULL | EMPTY| ALMF | ALME | OVFL | UDFL | DOUT   | RDATA  |
# +----------+-------+-----+----+-----+----+----+--------+--------+------+------+------+------+------+------+--------+--------+
# | MON      | 178   |  1  | 1  |  1  | 1  | 1  | 0x14   | 0xab   |  0   |   0  |  0   |  1   |  0   |  0   | 0xfe   | 0x03   |
# +----------+-------+-----+----+-----+----+----+--------+--------+------+------+------+------+------+------+--------+--------+
# UVM_INFO ../tb/agent/write_drv.sv(33) @ 1780000: uvm_test_top.env_h.agent_h.driver_h [FIFO_DRV] Driver transaction[179]
# +----------+-------+-----+----+-----+----+----+--------+--------+------+------+------+------+------+------+--------+--------+
# | SRC      | IDX   | RST | CS | REG | WR | RD | ADDR   | DATAIN | FULL | EMPTY| ALMF | ALME | OVFL | UDFL | DOUT   | RDATA  |
# +----------+-------+-----+----+-----+----+----+--------+--------+------+------+------+------+------+------+--------+--------+
# | DRV      | 179   |  1  | 1  |  0  | 0  | 1  | 0x00   | 0x6c   |  0   |   0  |  0   |  0   |  0   |  0   | 0x00   | 0x00   |
# +----------+-------+-----+----+-----+----+----+--------+--------+------+------+------+------+------+------+--------+--------+
# UVM_INFO ../tb/env/reference_model.sv(158) @ 1785000: reporter [FIFO_REF] Reference model transaction[179]
# +----------+-------+-----+----+-----+----+----+--------+--------+------+------+------+------+------+------+--------+--------+
# | SRC      | IDX   | RST | CS | REG | WR | RD | ADDR   | DATAIN | FULL | EMPTY| ALMF | ALME | OVFL | UDFL | DOUT   | RDATA  |
# +----------+-------+-----+----+-----+----+----+--------+--------+------+------+------+------+------+------+--------+--------+
# | REF_IN   | 179   |  1  | 1  |  0  | 0  | 1  | 0x00   | 0x6c   |  0   |   0  |  0   |  1   |  0   |  0   | 0xb8   | 0x00   |
# | REF_OUT  | 179   |  1  | 1  |  0  | 0  | 1  | 0x00   | 0x6c   |  0   |   0  |  0   |  1   |  0   |  0   | 0xb8   | 0x00   |
# +----------+-------+-----+----+-----+----+----+--------+--------+------+------+------+------+------+------+--------+--------+
# State: old_occ=3 new_occ=2 af=6 ae=4 fill=3 clr_pulse=0
# UVM_INFO ../tb/env/scoreboard.sv(71) @ 1785000: uvm_test_top.env_h.scoreboard_h [FIFO_SB_CMP] Scoreboard compare[179]
# +----------+-------+-----+----+-----+----+----+--------+--------+------+------+------+------+------+------+--------+--------+
# | SRC      | IDX   | RST | CS | REG | WR | RD | ADDR   | DATAIN | FULL | EMPTY| ALMF | ALME | OVFL | UDFL | DOUT   | RDATA  |
# +----------+-------+-----+----+-----+----+----+--------+--------+------+------+------+------+------+------+--------+--------+
# | OBS      | 179   |  1  | 1  |  0  | 0  | 1  | 0x00   | 0x6c   |  0   |   0  |  0   |  1   |  0   |  0   | 0xb8   | 0x00   |
# | EXP      | 179   |  1  | 1  |  0  | 0  | 1  | 0x00   | 0x6c   |  0   |   0  |  0   |  1   |  0   |  0   | 0xb8   | 0x00   |
# +----------+-------+-----+----+-----+----+----+--------+--------+------+------+------+------+------+------+--------+--------+
# Result: PASS | pass_count=179 fail_count=0
# UVM_INFO ../tb/agent/read_monitor.sv(44) @ 1785000: uvm_test_top.env_h.agent_h.monitor_h [FIFO_MON] Monitor transaction[179]
# +----------+-------+-----+----+-----+----+----+--------+--------+------+------+------+------+------+------+--------+--------+
# | SRC      | IDX   | RST | CS | REG | WR | RD | ADDR   | DATAIN | FULL | EMPTY| ALMF | ALME | OVFL | UDFL | DOUT   | RDATA  |
# +----------+-------+-----+----+-----+----+----+--------+--------+------+------+------+------+------+------+--------+--------+
# | MON      | 179   |  1  | 1  |  0  | 0  | 1  | 0x00   | 0x6c   |  0   |   0  |  0   |  1   |  0   |  0   | 0xb8   | 0x00   |
# +----------+-------+-----+----+-----+----+----+--------+--------+------+------+------+------+------+------+--------+--------+
# UVM_INFO ../tb/agent/write_drv.sv(33) @ 1790000: uvm_test_top.env_h.agent_h.driver_h [FIFO_DRV] Driver transaction[180]
# +----------+-------+-----+----+-----+----+----+--------+--------+------+------+------+------+------+------+--------+--------+
# | SRC      | IDX   | RST | CS | REG | WR | RD | ADDR   | DATAIN | FULL | EMPTY| ALMF | ALME | OVFL | UDFL | DOUT   | RDATA  |
# +----------+-------+-----+----+-----+----+----+--------+--------+------+------+------+------+------+------+--------+--------+
# | DRV      | 180   |  1  | 1  |  0  | 1  | 0  | 0x00   | 0xa0   |  0   |   0  |  0   |  0   |  0   |  0   | 0x00   | 0x00   |
# +----------+-------+-----+----+-----+----+----+--------+--------+------+------+------+------+------+------+--------+--------+
# UVM_INFO ../tb/env/reference_model.sv(158) @ 1795000: reporter [FIFO_REF] Reference model transaction[180]
# +----------+-------+-----+----+-----+----+----+--------+--------+------+------+------+------+------+------+--------+--------+
# | SRC      | IDX   | RST | CS | REG | WR | RD | ADDR   | DATAIN | FULL | EMPTY| ALMF | ALME | OVFL | UDFL | DOUT   | RDATA  |
# +----------+-------+-----+----+-----+----+----+--------+--------+------+------+------+------+------+------+--------+--------+
# | REF_IN   | 180   |  1  | 1  |  0  | 1  | 0  | 0x00   | 0xa0   |  0   |   0  |  0   |  1   |  0   |  0   | 0xb8   | 0x00   |
# | REF_OUT  | 180   |  1  | 1  |  0  | 1  | 0  | 0x00   | 0xa0   |  0   |   0  |  0   |  1   |  0   |  0   | 0xb8   | 0x00   |
# +----------+-------+-----+----+-----+----+----+--------+--------+------+------+------+------+------+------+--------+--------+
# State: old_occ=2 new_occ=3 af=6 ae=4 fill=2 clr_pulse=0
# UVM_INFO ../tb/env/scoreboard.sv(71) @ 1795000: uvm_test_top.env_h.scoreboard_h [FIFO_SB_CMP] Scoreboard compare[180]
# +----------+-------+-----+----+-----+----+----+--------+--------+------+------+------+------+------+------+--------+--------+
# | SRC      | IDX   | RST | CS | REG | WR | RD | ADDR   | DATAIN | FULL | EMPTY| ALMF | ALME | OVFL | UDFL | DOUT   | RDATA  |
# +----------+-------+-----+----+-----+----+----+--------+--------+------+------+------+------+------+------+--------+--------+
# | OBS      | 180   |  1  | 1  |  0  | 1  | 0  | 0x00   | 0xa0   |  0   |   0  |  0   |  1   |  0   |  0   | 0xb8   | 0x00   |
# | EXP      | 180   |  1  | 1  |  0  | 1  | 0  | 0x00   | 0xa0   |  0   |   0  |  0   |  1   |  0   |  0   | 0xb8   | 0x00   |
# +----------+-------+-----+----+-----+----+----+--------+--------+------+------+------+------+------+------+--------+--------+
# Result: PASS | pass_count=180 fail_count=0
# UVM_INFO ../tb/agent/read_monitor.sv(44) @ 1795000: uvm_test_top.env_h.agent_h.monitor_h [FIFO_MON] Monitor transaction[180]
# +----------+-------+-----+----+-----+----+----+--------+--------+------+------+------+------+------+------+--------+--------+
# | SRC      | IDX   | RST | CS | REG | WR | RD | ADDR   | DATAIN | FULL | EMPTY| ALMF | ALME | OVFL | UDFL | DOUT   | RDATA  |
# +----------+-------+-----+----+-----+----+----+--------+--------+------+------+------+------+------+------+--------+--------+
# | MON      | 180   |  1  | 1  |  0  | 1  | 0  | 0x00   | 0xa0   |  0   |   0  |  0   |  1   |  0   |  0   | 0xb8   | 0x00   |
# +----------+-------+-----+----+-----+----+----+--------+--------+------+------+------+------+------+------+--------+--------+
# UVM_INFO ../tb/agent/write_drv.sv(33) @ 1800000: uvm_test_top.env_h.agent_h.driver_h [FIFO_DRV] Driver transaction[181]
# +----------+-------+-----+----+-----+----+----+--------+--------+------+------+------+------+------+------+--------+--------+
# | SRC      | IDX   | RST | CS | REG | WR | RD | ADDR   | DATAIN | FULL | EMPTY| ALMF | ALME | OVFL | UDFL | DOUT   | RDATA  |
# +----------+-------+-----+----+-----+----+----+--------+--------+------+------+------+------+------+------+--------+--------+
# | DRV      | 181   |  1  | 1  |  1  | 0  | 1  | 0x20   | 0xe5   |  0   |   0  |  0   |  0   |  0   |  0   | 0x00   | 0x00   |
# +----------+-------+-----+----+-----+----+----+--------+--------+------+------+------+------+------+------+--------+--------+
# UVM_INFO ../tb/env/reference_model.sv(158) @ 1805000: reporter [FIFO_REF] Reference model transaction[181]
# +----------+-------+-----+----+-----+----+----+--------+--------+------+------+------+------+------+------+--------+--------+
# | SRC      | IDX   | RST | CS | REG | WR | RD | ADDR   | DATAIN | FULL | EMPTY| ALMF | ALME | OVFL | UDFL | DOUT   | RDATA  |
# +----------+-------+-----+----+-----+----+----+--------+--------+------+------+------+------+------+------+--------+--------+
# | REF_IN   | 181   |  1  | 1  |  1  | 0  | 1  | 0x20   | 0xe5   |  0   |   0  |  0   |  1   |  0   |  0   | 0xb8   | 0xde   |
# | REF_OUT  | 181   |  1  | 1  |  1  | 0  | 1  | 0x20   | 0xe5   |  0   |   0  |  0   |  1   |  0   |  0   | 0xb8   | 0xde   |
# +----------+-------+-----+----+-----+----+----+--------+--------+------+------+------+------+------+------+--------+--------+
# State: old_occ=3 new_occ=3 af=6 ae=4 fill=3 clr_pulse=0
# UVM_INFO ../tb/env/scoreboard.sv(71) @ 1805000: uvm_test_top.env_h.scoreboard_h [FIFO_SB_CMP] Scoreboard compare[181]
# +----------+-------+-----+----+-----+----+----+--------+--------+------+------+------+------+------+------+--------+--------+
# | SRC      | IDX   | RST | CS | REG | WR | RD | ADDR   | DATAIN | FULL | EMPTY| ALMF | ALME | OVFL | UDFL | DOUT   | RDATA  |
# +----------+-------+-----+----+-----+----+----+--------+--------+------+------+------+------+------+------+--------+--------+
# | OBS      | 181   |  1  | 1  |  1  | 0  | 1  | 0x20   | 0xe5   |  0   |   0  |  0   |  1   |  0   |  0   | 0xb8   | 0xde   |
# | EXP      | 181   |  1  | 1  |  1  | 0  | 1  | 0x20   | 0xe5   |  0   |   0  |  0   |  1   |  0   |  0   | 0xb8   | 0xde   |
# +----------+-------+-----+----+-----+----+----+--------+--------+------+------+------+------+------+------+--------+--------+
# Result: PASS | pass_count=181 fail_count=0
# UVM_INFO ../tb/agent/read_monitor.sv(44) @ 1805000: uvm_test_top.env_h.agent_h.monitor_h [FIFO_MON] Monitor transaction[181]
# +----------+-------+-----+----+-----+----+----+--------+--------+------+------+------+------+------+------+--------+--------+
# | SRC      | IDX   | RST | CS | REG | WR | RD | ADDR   | DATAIN | FULL | EMPTY| ALMF | ALME | OVFL | UDFL | DOUT   | RDATA  |
# +----------+-------+-----+----+-----+----+----+--------+--------+------+------+------+------+------+------+--------+--------+
# | MON      | 181   |  1  | 1  |  1  | 0  | 1  | 0x20   | 0xe5   |  0   |   0  |  0   |  1   |  0   |  0   | 0xb8   | 0xde   |
# +----------+-------+-----+----+-----+----+----+--------+--------+------+------+------+------+------+------+--------+--------+
# UVM_INFO ../tb/agent/write_drv.sv(33) @ 1810000: uvm_test_top.env_h.agent_h.driver_h [FIFO_DRV] Driver transaction[182]
# +----------+-------+-----+----+-----+----+----+--------+--------+------+------+------+------+------+------+--------+--------+
# | SRC      | IDX   | RST | CS | REG | WR | RD | ADDR   | DATAIN | FULL | EMPTY| ALMF | ALME | OVFL | UDFL | DOUT   | RDATA  |
# +----------+-------+-----+----+-----+----+----+--------+--------+------+------+------+------+------+------+--------+--------+
# | DRV      | 182   |  1  | 1  |  1  | 0  | 1  | 0x20   | 0x90   |  0   |   0  |  0   |  0   |  0   |  0   | 0x00   | 0x00   |
# +----------+-------+-----+----+-----+----+----+--------+--------+------+------+------+------+------+------+--------+--------+
# UVM_INFO ../tb/env/reference_model.sv(158) @ 1815000: reporter [FIFO_REF] Reference model transaction[182]
# +----------+-------+-----+----+-----+----+----+--------+--------+------+------+------+------+------+------+--------+--------+
# | SRC      | IDX   | RST | CS | REG | WR | RD | ADDR   | DATAIN | FULL | EMPTY| ALMF | ALME | OVFL | UDFL | DOUT   | RDATA  |
# +----------+-------+-----+----+-----+----+----+--------+--------+------+------+------+------+------+------+--------+--------+
# | REF_IN   | 182   |  1  | 1  |  1  | 0  | 1  | 0x20   | 0x90   |  0   |   0  |  0   |  1   |  0   |  0   | 0xb8   | 0xde   |
# | REF_OUT  | 182   |  1  | 1  |  1  | 0  | 1  | 0x20   | 0x90   |  0   |   0  |  0   |  1   |  0   |  0   | 0xb8   | 0xde   |
# +----------+-------+-----+----+-----+----+----+--------+--------+------+------+------+------+------+------+--------+--------+
# State: old_occ=3 new_occ=3 af=6 ae=4 fill=3 clr_pulse=0
# UVM_INFO ../tb/env/scoreboard.sv(71) @ 1815000: uvm_test_top.env_h.scoreboard_h [FIFO_SB_CMP] Scoreboard compare[182]
# +----------+-------+-----+----+-----+----+----+--------+--------+------+------+------+------+------+------+--------+--------+
# | SRC      | IDX   | RST | CS | REG | WR | RD | ADDR   | DATAIN | FULL | EMPTY| ALMF | ALME | OVFL | UDFL | DOUT   | RDATA  |
# +----------+-------+-----+----+-----+----+----+--------+--------+------+------+------+------+------+------+--------+--------+
# | OBS      | 182   |  1  | 1  |  1  | 0  | 1  | 0x20   | 0x90   |  0   |   0  |  0   |  1   |  0   |  0   | 0xb8   | 0xde   |
# | EXP      | 182   |  1  | 1  |  1  | 0  | 1  | 0x20   | 0x90   |  0   |   0  |  0   |  1   |  0   |  0   | 0xb8   | 0xde   |
# +----------+-------+-----+----+-----+----+----+--------+--------+------+------+------+------+------+------+--------+--------+
# Result: PASS | pass_count=182 fail_count=0
# UVM_INFO ../tb/agent/read_monitor.sv(44) @ 1815000: uvm_test_top.env_h.agent_h.monitor_h [FIFO_MON] Monitor transaction[182]
# +----------+-------+-----+----+-----+----+----+--------+--------+------+------+------+------+------+------+--------+--------+
# | SRC      | IDX   | RST | CS | REG | WR | RD | ADDR   | DATAIN | FULL | EMPTY| ALMF | ALME | OVFL | UDFL | DOUT   | RDATA  |
# +----------+-------+-----+----+-----+----+----+--------+--------+------+------+------+------+------+------+--------+--------+
# | MON      | 182   |  1  | 1  |  1  | 0  | 1  | 0x20   | 0x90   |  0   |   0  |  0   |  1   |  0   |  0   | 0xb8   | 0xde   |
# +----------+-------+-----+----+-----+----+----+--------+--------+------+------+------+------+------+------+--------+--------+
# UVM_INFO ../tb/agent/write_drv.sv(33) @ 1820000: uvm_test_top.env_h.agent_h.driver_h [FIFO_DRV] Driver transaction[183]
# +----------+-------+-----+----+-----+----+----+--------+--------+------+------+------+------+------+------+--------+--------+
# | SRC      | IDX   | RST | CS | REG | WR | RD | ADDR   | DATAIN | FULL | EMPTY| ALMF | ALME | OVFL | UDFL | DOUT   | RDATA  |
# +----------+-------+-----+----+-----+----+----+--------+--------+------+------+------+------+------+------+--------+--------+
# | DRV      | 183   |  1  | 1  |  0  | 1  | 0  | 0x00   | 0x8f   |  0   |   0  |  0   |  0   |  0   |  0   | 0x00   | 0x00   |
# +----------+-------+-----+----+-----+----+----+--------+--------+------+------+------+------+------+------+--------+--------+
# UVM_INFO ../tb/env/reference_model.sv(158) @ 1825000: reporter [FIFO_REF] Reference model transaction[183]
# +----------+-------+-----+----+-----+----+----+--------+--------+------+------+------+------+------+------+--------+--------+
# | SRC      | IDX   | RST | CS | REG | WR | RD | ADDR   | DATAIN | FULL | EMPTY| ALMF | ALME | OVFL | UDFL | DOUT   | RDATA  |
# +----------+-------+-----+----+-----+----+----+--------+--------+------+------+------+------+------+------+--------+--------+
# | REF_IN   | 183   |  1  | 1  |  0  | 1  | 0  | 0x00   | 0x8f   |  0   |   0  |  0   |  1   |  0   |  0   | 0xb8   | 0x00   |
# | REF_OUT  | 183   |  1  | 1  |  0  | 1  | 0  | 0x00   | 0x8f   |  0   |   0  |  0   |  1   |  0   |  0   | 0xb8   | 0x00   |
# +----------+-------+-----+----+-----+----+----+--------+--------+------+------+------+------+------+------+--------+--------+
# State: old_occ=3 new_occ=4 af=6 ae=4 fill=3 clr_pulse=0
# UVM_INFO ../tb/env/scoreboard.sv(71) @ 1825000: uvm_test_top.env_h.scoreboard_h [FIFO_SB_CMP] Scoreboard compare[183]
# +----------+-------+-----+----+-----+----+----+--------+--------+------+------+------+------+------+------+--------+--------+
# | SRC      | IDX   | RST | CS | REG | WR | RD | ADDR   | DATAIN | FULL | EMPTY| ALMF | ALME | OVFL | UDFL | DOUT   | RDATA  |
# +----------+-------+-----+----+-----+----+----+--------+--------+------+------+------+------+------+------+--------+--------+
# | OBS      | 183   |  1  | 1  |  0  | 1  | 0  | 0x00   | 0x8f   |  0   |   0  |  0   |  1   |  0   |  0   | 0xb8   | 0x00   |
# | EXP      | 183   |  1  | 1  |  0  | 1  | 0  | 0x00   | 0x8f   |  0   |   0  |  0   |  1   |  0   |  0   | 0xb8   | 0x00   |
# +----------+-------+-----+----+-----+----+----+--------+--------+------+------+------+------+------+------+--------+--------+
# Result: PASS | pass_count=183 fail_count=0
# UVM_INFO ../tb/agent/read_monitor.sv(44) @ 1825000: uvm_test_top.env_h.agent_h.monitor_h [FIFO_MON] Monitor transaction[183]
# +----------+-------+-----+----+-----+----+----+--------+--------+------+------+------+------+------+------+--------+--------+
# | SRC      | IDX   | RST | CS | REG | WR | RD | ADDR   | DATAIN | FULL | EMPTY| ALMF | ALME | OVFL | UDFL | DOUT   | RDATA  |
# +----------+-------+-----+----+-----+----+----+--------+--------+------+------+------+------+------+------+--------+--------+
# | MON      | 183   |  1  | 1  |  0  | 1  | 0  | 0x00   | 0x8f   |  0   |   0  |  0   |  1   |  0   |  0   | 0xb8   | 0x00   |
# +----------+-------+-----+----+-----+----+----+--------+--------+------+------+------+------+------+------+--------+--------+
# UVM_INFO ../tb/agent/write_drv.sv(33) @ 1830000: uvm_test_top.env_h.agent_h.driver_h [FIFO_DRV] Driver transaction[184]
# +----------+-------+-----+----+-----+----+----+--------+--------+------+------+------+------+------+------+--------+--------+
# | SRC      | IDX   | RST | CS | REG | WR | RD | ADDR   | DATAIN | FULL | EMPTY| ALMF | ALME | OVFL | UDFL | DOUT   | RDATA  |
# +----------+-------+-----+----+-----+----+----+--------+--------+------+------+------+------+------+------+--------+--------+
# | DRV      | 184   |  1  | 1  |  0  | 0  | 1  | 0x00   | 0xc8   |  0   |   0  |  0   |  0   |  0   |  0   | 0x00   | 0x00   |
# +----------+-------+-----+----+-----+----+----+--------+--------+------+------+------+------+------+------+--------+--------+
# UVM_INFO ../tb/env/reference_model.sv(158) @ 1835000: reporter [FIFO_REF] Reference model transaction[184]
# +----------+-------+-----+----+-----+----+----+--------+--------+------+------+------+------+------+------+--------+--------+
# | SRC      | IDX   | RST | CS | REG | WR | RD | ADDR   | DATAIN | FULL | EMPTY| ALMF | ALME | OVFL | UDFL | DOUT   | RDATA  |
# +----------+-------+-----+----+-----+----+----+--------+--------+------+------+------+------+------+------+--------+--------+
# | REF_IN   | 184   |  1  | 1  |  0  | 0  | 1  | 0x00   | 0xc8   |  0   |   0  |  0   |  1   |  0   |  0   | 0xe8   | 0x00   |
# | REF_OUT  | 184   |  1  | 1  |  0  | 0  | 1  | 0x00   | 0xc8   |  0   |   0  |  0   |  1   |  0   |  0   | 0xe8   | 0x00   |
# +----------+-------+-----+----+-----+----+----+--------+--------+------+------+------+------+------+------+--------+--------+
# State: old_occ=4 new_occ=3 af=6 ae=4 fill=4 clr_pulse=0
# UVM_INFO ../tb/env/scoreboard.sv(71) @ 1835000: uvm_test_top.env_h.scoreboard_h [FIFO_SB_CMP] Scoreboard compare[184]
# +----------+-------+-----+----+-----+----+----+--------+--------+------+------+------+------+------+------+--------+--------+
# | SRC      | IDX   | RST | CS | REG | WR | RD | ADDR   | DATAIN | FULL | EMPTY| ALMF | ALME | OVFL | UDFL | DOUT   | RDATA  |
# +----------+-------+-----+----+-----+----+----+--------+--------+------+------+------+------+------+------+--------+--------+
# | OBS      | 184   |  1  | 1  |  0  | 0  | 1  | 0x00   | 0xc8   |  0   |   0  |  0   |  1   |  0   |  0   | 0xe8   | 0x00   |
# | EXP      | 184   |  1  | 1  |  0  | 0  | 1  | 0x00   | 0xc8   |  0   |   0  |  0   |  1   |  0   |  0   | 0xe8   | 0x00   |
# +----------+-------+-----+----+-----+----+----+--------+--------+------+------+------+------+------+------+--------+--------+
# Result: PASS | pass_count=184 fail_count=0
# UVM_INFO ../tb/agent/read_monitor.sv(44) @ 1835000: uvm_test_top.env_h.agent_h.monitor_h [FIFO_MON] Monitor transaction[184]
# +----------+-------+-----+----+-----+----+----+--------+--------+------+------+------+------+------+------+--------+--------+
# | SRC      | IDX   | RST | CS | REG | WR | RD | ADDR   | DATAIN | FULL | EMPTY| ALMF | ALME | OVFL | UDFL | DOUT   | RDATA  |
# +----------+-------+-----+----+-----+----+----+--------+--------+------+------+------+------+------+------+--------+--------+
# | MON      | 184   |  1  | 1  |  0  | 0  | 1  | 0x00   | 0xc8   |  0   |   0  |  0   |  1   |  0   |  0   | 0xe8   | 0x00   |
# +----------+-------+-----+----+-----+----+----+--------+--------+------+------+------+------+------+------+--------+--------+
# UVM_INFO ../tb/agent/write_drv.sv(33) @ 1840000: uvm_test_top.env_h.agent_h.driver_h [FIFO_DRV] Driver transaction[185]
# +----------+-------+-----+----+-----+----+----+--------+--------+------+------+------+------+------+------+--------+--------+
# | SRC      | IDX   | RST | CS | REG | WR | RD | ADDR   | DATAIN | FULL | EMPTY| ALMF | ALME | OVFL | UDFL | DOUT   | RDATA  |
# +----------+-------+-----+----+-----+----+----+--------+--------+------+------+------+------+------+------+--------+--------+
# | DRV      | 185   |  1  | 1  |  0  | 1  | 0  | 0x00   | 0x2c   |  0   |   0  |  0   |  0   |  0   |  0   | 0x00   | 0x00   |
# +----------+-------+-----+----+-----+----+----+--------+--------+------+------+------+------+------+------+--------+--------+
# UVM_INFO ../tb/env/reference_model.sv(158) @ 1845000: reporter [FIFO_REF] Reference model transaction[185]
# +----------+-------+-----+----+-----+----+----+--------+--------+------+------+------+------+------+------+--------+--------+
# | SRC      | IDX   | RST | CS | REG | WR | RD | ADDR   | DATAIN | FULL | EMPTY| ALMF | ALME | OVFL | UDFL | DOUT   | RDATA  |
# +----------+-------+-----+----+-----+----+----+--------+--------+------+------+------+------+------+------+--------+--------+
# | REF_IN   | 185   |  1  | 1  |  0  | 1  | 0  | 0x00   | 0x2c   |  0   |   0  |  0   |  1   |  0   |  0   | 0xe8   | 0x00   |
# | REF_OUT  | 185   |  1  | 1  |  0  | 1  | 0  | 0x00   | 0x2c   |  0   |   0  |  0   |  1   |  0   |  0   | 0xe8   | 0x00   |
# +----------+-------+-----+----+-----+----+----+--------+--------+------+------+------+------+------+------+--------+--------+
# State: old_occ=3 new_occ=4 af=6 ae=4 fill=3 clr_pulse=0
# UVM_INFO ../tb/env/scoreboard.sv(71) @ 1845000: uvm_test_top.env_h.scoreboard_h [FIFO_SB_CMP] Scoreboard compare[185]
# +----------+-------+-----+----+-----+----+----+--------+--------+------+------+------+------+------+------+--------+--------+
# | SRC      | IDX   | RST | CS | REG | WR | RD | ADDR   | DATAIN | FULL | EMPTY| ALMF | ALME | OVFL | UDFL | DOUT   | RDATA  |
# +----------+-------+-----+----+-----+----+----+--------+--------+------+------+------+------+------+------+--------+--------+
# | OBS      | 185   |  1  | 1  |  0  | 1  | 0  | 0x00   | 0x2c   |  0   |   0  |  0   |  1   |  0   |  0   | 0xe8   | 0x00   |
# | EXP      | 185   |  1  | 1  |  0  | 1  | 0  | 0x00   | 0x2c   |  0   |   0  |  0   |  1   |  0   |  0   | 0xe8   | 0x00   |
# +----------+-------+-----+----+-----+----+----+--------+--------+------+------+------+------+------+------+--------+--------+
# Result: PASS | pass_count=185 fail_count=0
# UVM_INFO ../tb/agent/read_monitor.sv(44) @ 1845000: uvm_test_top.env_h.agent_h.monitor_h [FIFO_MON] Monitor transaction[185]
# +----------+-------+-----+----+-----+----+----+--------+--------+------+------+------+------+------+------+--------+--------+
# | SRC      | IDX   | RST | CS | REG | WR | RD | ADDR   | DATAIN | FULL | EMPTY| ALMF | ALME | OVFL | UDFL | DOUT   | RDATA  |
# +----------+-------+-----+----+-----+----+----+--------+--------+------+------+------+------+------+------+--------+--------+
# | MON      | 185   |  1  | 1  |  0  | 1  | 0  | 0x00   | 0x2c   |  0   |   0  |  0   |  1   |  0   |  0   | 0xe8   | 0x00   |
# +----------+-------+-----+----+-----+----+----+--------+--------+------+------+------+------+------+------+--------+--------+
# UVM_INFO ../tb/agent/write_drv.sv(33) @ 1850000: uvm_test_top.env_h.agent_h.driver_h [FIFO_DRV] Driver transaction[186]
# +----------+-------+-----+----+-----+----+----+--------+--------+------+------+------+------+------+------+--------+--------+
# | SRC      | IDX   | RST | CS | REG | WR | RD | ADDR   | DATAIN | FULL | EMPTY| ALMF | ALME | OVFL | UDFL | DOUT   | RDATA  |
# +----------+-------+-----+----+-----+----+----+--------+--------+------+------+------+------+------+------+--------+--------+
# | DRV      | 186   |  1  | 1  |  0  | 1  | 0  | 0x00   | 0xbe   |  0   |   0  |  0   |  0   |  0   |  0   | 0x00   | 0x00   |
# +----------+-------+-----+----+-----+----+----+--------+--------+------+------+------+------+------+------+--------+--------+
# UVM_INFO ../tb/env/reference_model.sv(158) @ 1855000: reporter [FIFO_REF] Reference model transaction[186]
# +----------+-------+-----+----+-----+----+----+--------+--------+------+------+------+------+------+------+--------+--------+
# | SRC      | IDX   | RST | CS | REG | WR | RD | ADDR   | DATAIN | FULL | EMPTY| ALMF | ALME | OVFL | UDFL | DOUT   | RDATA  |
# +----------+-------+-----+----+-----+----+----+--------+--------+------+------+------+------+------+------+--------+--------+
# | REF_IN   | 186   |  1  | 1  |  0  | 1  | 0  | 0x00   | 0xbe   |  0   |   0  |  0   |  0   |  0   |  0   | 0xe8   | 0x00   |
# | REF_OUT  | 186   |  1  | 1  |  0  | 1  | 0  | 0x00   | 0xbe   |  0   |   0  |  0   |  0   |  0   |  0   | 0xe8   | 0x00   |
# +----------+-------+-----+----+-----+----+----+--------+--------+------+------+------+------+------+------+--------+--------+
# State: old_occ=4 new_occ=5 af=6 ae=4 fill=4 clr_pulse=0
# UVM_INFO ../tb/env/scoreboard.sv(71) @ 1855000: uvm_test_top.env_h.scoreboard_h [FIFO_SB_CMP] Scoreboard compare[186]
# +----------+-------+-----+----+-----+----+----+--------+--------+------+------+------+------+------+------+--------+--------+
# | SRC      | IDX   | RST | CS | REG | WR | RD | ADDR   | DATAIN | FULL | EMPTY| ALMF | ALME | OVFL | UDFL | DOUT   | RDATA  |
# +----------+-------+-----+----+-----+----+----+--------+--------+------+------+------+------+------+------+--------+--------+
# | OBS      | 186   |  1  | 1  |  0  | 1  | 0  | 0x00   | 0xbe   |  0   |   0  |  0   |  0   |  0   |  0   | 0xe8   | 0x00   |
# | EXP      | 186   |  1  | 1  |  0  | 1  | 0  | 0x00   | 0xbe   |  0   |   0  |  0   |  0   |  0   |  0   | 0xe8   | 0x00   |
# +----------+-------+-----+----+-----+----+----+--------+--------+------+------+------+------+------+------+--------+--------+
# Result: PASS | pass_count=186 fail_count=0
# UVM_INFO ../tb/agent/read_monitor.sv(44) @ 1855000: uvm_test_top.env_h.agent_h.monitor_h [FIFO_MON] Monitor transaction[186]
# +----------+-------+-----+----+-----+----+----+--------+--------+------+------+------+------+------+------+--------+--------+
# | SRC      | IDX   | RST | CS | REG | WR | RD | ADDR   | DATAIN | FULL | EMPTY| ALMF | ALME | OVFL | UDFL | DOUT   | RDATA  |
# +----------+-------+-----+----+-----+----+----+--------+--------+------+------+------+------+------+------+--------+--------+
# | MON      | 186   |  1  | 1  |  0  | 1  | 0  | 0x00   | 0xbe   |  0   |   0  |  0   |  0   |  0   |  0   | 0xe8   | 0x00   |
# +----------+-------+-----+----+-----+----+----+--------+--------+------+------+------+------+------+------+--------+--------+
# UVM_INFO ../tb/agent/write_drv.sv(33) @ 1860000: uvm_test_top.env_h.agent_h.driver_h [FIFO_DRV] Driver transaction[187]
# +----------+-------+-----+----+-----+----+----+--------+--------+------+------+------+------+------+------+--------+--------+
# | SRC      | IDX   | RST | CS | REG | WR | RD | ADDR   | DATAIN | FULL | EMPTY| ALMF | ALME | OVFL | UDFL | DOUT   | RDATA  |
# +----------+-------+-----+----+-----+----+----+--------+--------+------+------+------+------+------+------+--------+--------+
# | DRV      | 187   |  1  | 1  |  1  | 0  | 1  | 0x0c   | 0x0b   |  0   |   0  |  0   |  0   |  0   |  0   | 0x00   | 0x00   |
# +----------+-------+-----+----+-----+----+----+--------+--------+------+------+------+------+------+------+--------+--------+
# UVM_INFO ../tb/env/reference_model.sv(158) @ 1865000: reporter [FIFO_REF] Reference model transaction[187]
# +----------+-------+-----+----+-----+----+----+--------+--------+------+------+------+------+------+------+--------+--------+
# | SRC      | IDX   | RST | CS | REG | WR | RD | ADDR   | DATAIN | FULL | EMPTY| ALMF | ALME | OVFL | UDFL | DOUT   | RDATA  |
# +----------+-------+-----+----+-----+----+----+--------+--------+------+------+------+------+------+------+--------+--------+
# | REF_IN   | 187   |  1  | 1  |  1  | 0  | 1  | 0x0c   | 0x0b   |  0   |   0  |  0   |  0   |  0   |  0   | 0xe8   | 0x04   |
# | REF_OUT  | 187   |  1  | 1  |  1  | 0  | 1  | 0x0c   | 0x0b   |  0   |   0  |  0   |  0   |  0   |  0   | 0xe8   | 0x04   |
# +----------+-------+-----+----+-----+----+----+--------+--------+------+------+------+------+------+------+--------+--------+
# State: old_occ=5 new_occ=5 af=6 ae=4 fill=5 clr_pulse=0
# UVM_INFO ../tb/env/scoreboard.sv(71) @ 1865000: uvm_test_top.env_h.scoreboard_h [FIFO_SB_CMP] Scoreboard compare[187]
# +----------+-------+-----+----+-----+----+----+--------+--------+------+------+------+------+------+------+--------+--------+
# | SRC      | IDX   | RST | CS | REG | WR | RD | ADDR   | DATAIN | FULL | EMPTY| ALMF | ALME | OVFL | UDFL | DOUT   | RDATA  |
# +----------+-------+-----+----+-----+----+----+--------+--------+------+------+------+------+------+------+--------+--------+
# | OBS      | 187   |  1  | 1  |  1  | 0  | 1  | 0x0c   | 0x0b   |  0   |   0  |  0   |  0   |  0   |  0   | 0xe8   | 0x04   |
# | EXP      | 187   |  1  | 1  |  1  | 0  | 1  | 0x0c   | 0x0b   |  0   |   0  |  0   |  0   |  0   |  0   | 0xe8   | 0x04   |
# +----------+-------+-----+----+-----+----+----+--------+--------+------+------+------+------+------+------+--------+--------+
# Result: PASS | pass_count=187 fail_count=0
# UVM_INFO ../tb/agent/read_monitor.sv(44) @ 1865000: uvm_test_top.env_h.agent_h.monitor_h [FIFO_MON] Monitor transaction[187]
# +----------+-------+-----+----+-----+----+----+--------+--------+------+------+------+------+------+------+--------+--------+
# | SRC      | IDX   | RST | CS | REG | WR | RD | ADDR   | DATAIN | FULL | EMPTY| ALMF | ALME | OVFL | UDFL | DOUT   | RDATA  |
# +----------+-------+-----+----+-----+----+----+--------+--------+------+------+------+------+------+------+--------+--------+
# | MON      | 187   |  1  | 1  |  1  | 0  | 1  | 0x0c   | 0x0b   |  0   |   0  |  0   |  0   |  0   |  0   | 0xe8   | 0x04   |
# +----------+-------+-----+----+-----+----+----+--------+--------+------+------+------+------+------+------+--------+--------+
# UVM_INFO ../tb/agent/write_drv.sv(33) @ 1870000: uvm_test_top.env_h.agent_h.driver_h [FIFO_DRV] Driver transaction[188]
# +----------+-------+-----+----+-----+----+----+--------+--------+------+------+------+------+------+------+--------+--------+
# | SRC      | IDX   | RST | CS | REG | WR | RD | ADDR   | DATAIN | FULL | EMPTY| ALMF | ALME | OVFL | UDFL | DOUT   | RDATA  |
# +----------+-------+-----+----+-----+----+----+--------+--------+------+------+------+------+------+------+--------+--------+
# | DRV      | 188   |  1  | 1  |  0  | 1  | 1  | 0x00   | 0xc1   |  0   |   0  |  0   |  0   |  0   |  0   | 0x00   | 0x00   |
# +----------+-------+-----+----+-----+----+----+--------+--------+------+------+------+------+------+------+--------+--------+
# UVM_INFO ../tb/env/reference_model.sv(158) @ 1875000: reporter [FIFO_REF] Reference model transaction[188]
# +----------+-------+-----+----+-----+----+----+--------+--------+------+------+------+------+------+------+--------+--------+
# | SRC      | IDX   | RST | CS | REG | WR | RD | ADDR   | DATAIN | FULL | EMPTY| ALMF | ALME | OVFL | UDFL | DOUT   | RDATA  |
# +----------+-------+-----+----+-----+----+----+--------+--------+------+------+------+------+------+------+--------+--------+
# | REF_IN   | 188   |  1  | 1  |  0  | 1  | 1  | 0x00   | 0xc1   |  0   |   0  |  0   |  0   |  0   |  0   | 0x6d   | 0x00   |
# | REF_OUT  | 188   |  1  | 1  |  0  | 1  | 1  | 0x00   | 0xc1   |  0   |   0  |  0   |  0   |  0   |  0   | 0x6d   | 0x00   |
# +----------+-------+-----+----+-----+----+----+--------+--------+------+------+------+------+------+------+--------+--------+
# State: old_occ=5 new_occ=5 af=6 ae=4 fill=5 clr_pulse=0
# UVM_INFO ../tb/env/scoreboard.sv(71) @ 1875000: uvm_test_top.env_h.scoreboard_h [FIFO_SB_CMP] Scoreboard compare[188]
# +----------+-------+-----+----+-----+----+----+--------+--------+------+------+------+------+------+------+--------+--------+
# | SRC      | IDX   | RST | CS | REG | WR | RD | ADDR   | DATAIN | FULL | EMPTY| ALMF | ALME | OVFL | UDFL | DOUT   | RDATA  |
# +----------+-------+-----+----+-----+----+----+--------+--------+------+------+------+------+------+------+--------+--------+
# | OBS      | 188   |  1  | 1  |  0  | 1  | 1  | 0x00   | 0xc1   |  0   |   0  |  0   |  0   |  0   |  0   | 0x6d   | 0x00   |
# | EXP      | 188   |  1  | 1  |  0  | 1  | 1  | 0x00   | 0xc1   |  0   |   0  |  0   |  0   |  0   |  0   | 0x6d   | 0x00   |
# +----------+-------+-----+----+-----+----+----+--------+--------+------+------+------+------+------+------+--------+--------+
# Result: PASS | pass_count=188 fail_count=0
# UVM_INFO ../tb/agent/read_monitor.sv(44) @ 1875000: uvm_test_top.env_h.agent_h.monitor_h [FIFO_MON] Monitor transaction[188]
# +----------+-------+-----+----+-----+----+----+--------+--------+------+------+------+------+------+------+--------+--------+
# | SRC      | IDX   | RST | CS | REG | WR | RD | ADDR   | DATAIN | FULL | EMPTY| ALMF | ALME | OVFL | UDFL | DOUT   | RDATA  |
# +----------+-------+-----+----+-----+----+----+--------+--------+------+------+------+------+------+------+--------+--------+
# | MON      | 188   |  1  | 1  |  0  | 1  | 1  | 0x00   | 0xc1   |  0   |   0  |  0   |  0   |  0   |  0   | 0x6d   | 0x00   |
# +----------+-------+-----+----+-----+----+----+--------+--------+------+------+------+------+------+------+--------+--------+
# UVM_INFO ../tb/agent/write_drv.sv(33) @ 1880000: uvm_test_top.env_h.agent_h.driver_h [FIFO_DRV] Driver transaction[189]
# +----------+-------+-----+----+-----+----+----+--------+--------+------+------+------+------+------+------+--------+--------+
# | SRC      | IDX   | RST | CS | REG | WR | RD | ADDR   | DATAIN | FULL | EMPTY| ALMF | ALME | OVFL | UDFL | DOUT   | RDATA  |
# +----------+-------+-----+----+-----+----+----+--------+--------+------+------+------+------+------+------+--------+--------+
# | DRV      | 189   |  1  | 1  |  0  | 1  | 1  | 0x00   | 0xc8   |  0   |   0  |  0   |  0   |  0   |  0   | 0x00   | 0x00   |
# +----------+-------+-----+----+-----+----+----+--------+--------+------+------+------+------+------+------+--------+--------+
# UVM_INFO ../tb/env/reference_model.sv(158) @ 1885000: reporter [FIFO_REF] Reference model transaction[189]
# +----------+-------+-----+----+-----+----+----+--------+--------+------+------+------+------+------+------+--------+--------+
# | SRC      | IDX   | RST | CS | REG | WR | RD | ADDR   | DATAIN | FULL | EMPTY| ALMF | ALME | OVFL | UDFL | DOUT   | RDATA  |
# +----------+-------+-----+----+-----+----+----+--------+--------+------+------+------+------+------+------+--------+--------+
# | REF_IN   | 189   |  1  | 1  |  0  | 1  | 1  | 0x00   | 0xc8   |  0   |   0  |  0   |  0   |  0   |  0   | 0xa0   | 0x00   |
# | REF_OUT  | 189   |  1  | 1  |  0  | 1  | 1  | 0x00   | 0xc8   |  0   |   0  |  0   |  0   |  0   |  0   | 0xa0   | 0x00   |
# +----------+-------+-----+----+-----+----+----+--------+--------+------+------+------+------+------+------+--------+--------+
# State: old_occ=5 new_occ=5 af=6 ae=4 fill=5 clr_pulse=0
# UVM_INFO ../tb/env/scoreboard.sv(71) @ 1885000: uvm_test_top.env_h.scoreboard_h [FIFO_SB_CMP] Scoreboard compare[189]
# +----------+-------+-----+----+-----+----+----+--------+--------+------+------+------+------+------+------+--------+--------+
# | SRC      | IDX   | RST | CS | REG | WR | RD | ADDR   | DATAIN | FULL | EMPTY| ALMF | ALME | OVFL | UDFL | DOUT   | RDATA  |
# +----------+-------+-----+----+-----+----+----+--------+--------+------+------+------+------+------+------+--------+--------+
# | OBS      | 189   |  1  | 1  |  0  | 1  | 1  | 0x00   | 0xc8   |  0   |   0  |  0   |  0   |  0   |  0   | 0xa0   | 0x00   |
# | EXP      | 189   |  1  | 1  |  0  | 1  | 1  | 0x00   | 0xc8   |  0   |   0  |  0   |  0   |  0   |  0   | 0xa0   | 0x00   |
# +----------+-------+-----+----+-----+----+----+--------+--------+------+------+------+------+------+------+--------+--------+
# Result: PASS | pass_count=189 fail_count=0
# UVM_INFO ../tb/agent/read_monitor.sv(44) @ 1885000: uvm_test_top.env_h.agent_h.monitor_h [FIFO_MON] Monitor transaction[189]
# +----------+-------+-----+----+-----+----+----+--------+--------+------+------+------+------+------+------+--------+--------+
# | SRC      | IDX   | RST | CS | REG | WR | RD | ADDR   | DATAIN | FULL | EMPTY| ALMF | ALME | OVFL | UDFL | DOUT   | RDATA  |
# +----------+-------+-----+----+-----+----+----+--------+--------+------+------+------+------+------+------+--------+--------+
# | MON      | 189   |  1  | 1  |  0  | 1  | 1  | 0x00   | 0xc8   |  0   |   0  |  0   |  0   |  0   |  0   | 0xa0   | 0x00   |
# +----------+-------+-----+----+-----+----+----+--------+--------+------+------+------+------+------+------+--------+--------+
# UVM_INFO ../tb/agent/write_drv.sv(33) @ 1890000: uvm_test_top.env_h.agent_h.driver_h [FIFO_DRV] Driver transaction[190]
# +----------+-------+-----+----+-----+----+----+--------+--------+------+------+------+------+------+------+--------+--------+
# | SRC      | IDX   | RST | CS | REG | WR | RD | ADDR   | DATAIN | FULL | EMPTY| ALMF | ALME | OVFL | UDFL | DOUT   | RDATA  |
# +----------+-------+-----+----+-----+----+----+--------+--------+------+------+------+------+------+------+--------+--------+
# | DRV      | 190   |  1  | 0  |  1  | 1  | 0  | 0x00   | 0x30   |  0   |   0  |  0   |  0   |  0   |  0   | 0x00   | 0x00   |
# +----------+-------+-----+----+-----+----+----+--------+--------+------+------+------+------+------+------+--------+--------+
# UVM_INFO ../tb/env/reference_model.sv(158) @ 1895000: reporter [FIFO_REF] Reference model transaction[190]
# +----------+-------+-----+----+-----+----+----+--------+--------+------+------+------+------+------+------+--------+--------+
# | SRC      | IDX   | RST | CS | REG | WR | RD | ADDR   | DATAIN | FULL | EMPTY| ALMF | ALME | OVFL | UDFL | DOUT   | RDATA  |
# +----------+-------+-----+----+-----+----+----+--------+--------+------+------+------+------+------+------+--------+--------+
# | REF_IN   | 190   |  1  | 0  |  1  | 1  | 0  | 0x00   | 0x30   |  0   |   0  |  0   |  0   |  0   |  0   | 0xa0   | 0x00   |
# | REF_OUT  | 190   |  1  | 0  |  1  | 1  | 0  | 0x00   | 0x30   |  0   |   0  |  0   |  0   |  0   |  0   | 0xa0   | 0x00   |
# +----------+-------+-----+----+-----+----+----+--------+--------+------+------+------+------+------+------+--------+--------+
# State: old_occ=5 new_occ=5 af=6 ae=4 fill=5 clr_pulse=0
# UVM_INFO ../tb/env/scoreboard.sv(71) @ 1895000: uvm_test_top.env_h.scoreboard_h [FIFO_SB_CMP] Scoreboard compare[190]
# +----------+-------+-----+----+-----+----+----+--------+--------+------+------+------+------+------+------+--------+--------+
# | SRC      | IDX   | RST | CS | REG | WR | RD | ADDR   | DATAIN | FULL | EMPTY| ALMF | ALME | OVFL | UDFL | DOUT   | RDATA  |
# +----------+-------+-----+----+-----+----+----+--------+--------+------+------+------+------+------+------+--------+--------+
# | OBS      | 190   |  1  | 0  |  1  | 1  | 0  | 0x00   | 0x30   |  0   |   0  |  0   |  0   |  0   |  0   | 0xa0   | 0x00   |
# | EXP      | 190   |  1  | 0  |  1  | 1  | 0  | 0x00   | 0x30   |  0   |   0  |  0   |  0   |  0   |  0   | 0xa0   | 0x00   |
# +----------+-------+-----+----+-----+----+----+--------+--------+------+------+------+------+------+------+--------+--------+
# Result: PASS | pass_count=190 fail_count=0
# UVM_INFO ../tb/agent/read_monitor.sv(44) @ 1895000: uvm_test_top.env_h.agent_h.monitor_h [FIFO_MON] Monitor transaction[190]
# +----------+-------+-----+----+-----+----+----+--------+--------+------+------+------+------+------+------+--------+--------+
# | SRC      | IDX   | RST | CS | REG | WR | RD | ADDR   | DATAIN | FULL | EMPTY| ALMF | ALME | OVFL | UDFL | DOUT   | RDATA  |
# +----------+-------+-----+----+-----+----+----+--------+--------+------+------+------+------+------+------+--------+--------+
# | MON      | 190   |  1  | 0  |  1  | 1  | 0  | 0x00   | 0x30   |  0   |   0  |  0   |  0   |  0   |  0   | 0xa0   | 0x00   |
# +----------+-------+-----+----+-----+----+----+--------+--------+------+------+------+------+------+------+--------+--------+
# UVM_INFO ../tb/agent/write_drv.sv(33) @ 1900000: uvm_test_top.env_h.agent_h.driver_h [FIFO_DRV] Driver transaction[191]
# +----------+-------+-----+----+-----+----+----+--------+--------+------+------+------+------+------+------+--------+--------+
# | SRC      | IDX   | RST | CS | REG | WR | RD | ADDR   | DATAIN | FULL | EMPTY| ALMF | ALME | OVFL | UDFL | DOUT   | RDATA  |
# +----------+-------+-----+----+-----+----+----+--------+--------+------+------+------+------+------+------+--------+--------+
# | DRV      | 191   |  1  | 1  |  0  | 1  | 0  | 0x00   | 0x9f   |  0   |   0  |  0   |  0   |  0   |  0   | 0x00   | 0x00   |
# +----------+-------+-----+----+-----+----+----+--------+--------+------+------+------+------+------+------+--------+--------+
# UVM_INFO ../tb/env/reference_model.sv(158) @ 1905000: reporter [FIFO_REF] Reference model transaction[191]
# +----------+-------+-----+----+-----+----+----+--------+--------+------+------+------+------+------+------+--------+--------+
# | SRC      | IDX   | RST | CS | REG | WR | RD | ADDR   | DATAIN | FULL | EMPTY| ALMF | ALME | OVFL | UDFL | DOUT   | RDATA  |
# +----------+-------+-----+----+-----+----+----+--------+--------+------+------+------+------+------+------+--------+--------+
# | REF_IN   | 191   |  1  | 1  |  0  | 1  | 0  | 0x00   | 0x9f   |  0   |   0  |  1   |  0   |  0   |  0   | 0xa0   | 0x00   |
# | REF_OUT  | 191   |  1  | 1  |  0  | 1  | 0  | 0x00   | 0x9f   |  0   |   0  |  1   |  0   |  0   |  0   | 0xa0   | 0x00   |
# +----------+-------+-----+----+-----+----+----+--------+--------+------+------+------+------+------+------+--------+--------+
# State: old_occ=5 new_occ=6 af=6 ae=4 fill=5 clr_pulse=0
# UVM_INFO ../tb/env/scoreboard.sv(71) @ 1905000: uvm_test_top.env_h.scoreboard_h [FIFO_SB_CMP] Scoreboard compare[191]
# +----------+-------+-----+----+-----+----+----+--------+--------+------+------+------+------+------+------+--------+--------+
# | SRC      | IDX   | RST | CS | REG | WR | RD | ADDR   | DATAIN | FULL | EMPTY| ALMF | ALME | OVFL | UDFL | DOUT   | RDATA  |
# +----------+-------+-----+----+-----+----+----+--------+--------+------+------+------+------+------+------+--------+--------+
# | OBS      | 191   |  1  | 1  |  0  | 1  | 0  | 0x00   | 0x9f   |  0   |   0  |  1   |  0   |  0   |  0   | 0xa0   | 0x00   |
# | EXP      | 191   |  1  | 1  |  0  | 1  | 0  | 0x00   | 0x9f   |  0   |   0  |  1   |  0   |  0   |  0   | 0xa0   | 0x00   |
# +----------+-------+-----+----+-----+----+----+--------+--------+------+------+------+------+------+------+--------+--------+
# Result: PASS | pass_count=191 fail_count=0
# UVM_INFO ../tb/agent/read_monitor.sv(44) @ 1905000: uvm_test_top.env_h.agent_h.monitor_h [FIFO_MON] Monitor transaction[191]
# +----------+-------+-----+----+-----+----+----+--------+--------+------+------+------+------+------+------+--------+--------+
# | SRC      | IDX   | RST | CS | REG | WR | RD | ADDR   | DATAIN | FULL | EMPTY| ALMF | ALME | OVFL | UDFL | DOUT   | RDATA  |
# +----------+-------+-----+----+-----+----+----+--------+--------+------+------+------+------+------+------+--------+--------+
# | MON      | 191   |  1  | 1  |  0  | 1  | 0  | 0x00   | 0x9f   |  0   |   0  |  1   |  0   |  0   |  0   | 0xa0   | 0x00   |
# +----------+-------+-----+----+-----+----+----+--------+--------+------+------+------+------+------+------+--------+--------+
# UVM_INFO ../tb/agent/write_drv.sv(33) @ 1910000: uvm_test_top.env_h.agent_h.driver_h [FIFO_DRV] Driver transaction[192]
# +----------+-------+-----+----+-----+----+----+--------+--------+------+------+------+------+------+------+--------+--------+
# | SRC      | IDX   | RST | CS | REG | WR | RD | ADDR   | DATAIN | FULL | EMPTY| ALMF | ALME | OVFL | UDFL | DOUT   | RDATA  |
# +----------+-------+-----+----+-----+----+----+--------+--------+------+------+------+------+------+------+--------+--------+
# | DRV      | 192   |  1  | 1  |  1  | 1  | 1  | 0x08   | 0x36   |  0   |   0  |  0   |  0   |  0   |  0   | 0x00   | 0x00   |
# +----------+-------+-----+----+-----+----+----+--------+--------+------+------+------+------+------+------+--------+--------+
# UVM_INFO ../tb/env/reference_model.sv(158) @ 1915000: reporter [FIFO_REF] Reference model transaction[192]
# +----------+-------+-----+----+-----+----+----+--------+--------+------+------+------+------+------+------+--------+--------+
# | SRC      | IDX   | RST | CS | REG | WR | RD | ADDR   | DATAIN | FULL | EMPTY| ALMF | ALME | OVFL | UDFL | DOUT   | RDATA  |
# +----------+-------+-----+----+-----+----+----+--------+--------+------+------+------+------+------+------+--------+--------+
# | REF_IN   | 192   |  1  | 1  |  1  | 1  | 1  | 0x08   | 0x36   |  0   |   0  |  1   |  0   |  0   |  0   | 0xa0   | 0x06   |
# | REF_OUT  | 192   |  1  | 1  |  1  | 1  | 1  | 0x08   | 0x36   |  0   |   0  |  1   |  0   |  0   |  0   | 0xa0   | 0x06   |
# +----------+-------+-----+----+-----+----+----+--------+--------+------+------+------+------+------+------+--------+--------+
# State: old_occ=6 new_occ=6 af=6 ae=4 fill=6 clr_pulse=0
# UVM_INFO ../tb/env/scoreboard.sv(71) @ 1915000: uvm_test_top.env_h.scoreboard_h [FIFO_SB_CMP] Scoreboard compare[192]
# +----------+-------+-----+----+-----+----+----+--------+--------+------+------+------+------+------+------+--------+--------+
# | SRC      | IDX   | RST | CS | REG | WR | RD | ADDR   | DATAIN | FULL | EMPTY| ALMF | ALME | OVFL | UDFL | DOUT   | RDATA  |
# +----------+-------+-----+----+-----+----+----+--------+--------+------+------+------+------+------+------+--------+--------+
# | OBS      | 192   |  1  | 1  |  1  | 1  | 1  | 0x08   | 0x36   |  0   |   0  |  1   |  0   |  0   |  0   | 0xa0   | 0x06   |
# | EXP      | 192   |  1  | 1  |  1  | 1  | 1  | 0x08   | 0x36   |  0   |   0  |  1   |  0   |  0   |  0   | 0xa0   | 0x06   |
# +----------+-------+-----+----+-----+----+----+--------+--------+------+------+------+------+------+------+--------+--------+
# Result: PASS | pass_count=192 fail_count=0
# UVM_INFO ../tb/agent/read_monitor.sv(44) @ 1915000: uvm_test_top.env_h.agent_h.monitor_h [FIFO_MON] Monitor transaction[192]
# +----------+-------+-----+----+-----+----+----+--------+--------+------+------+------+------+------+------+--------+--------+
# | SRC      | IDX   | RST | CS | REG | WR | RD | ADDR   | DATAIN | FULL | EMPTY| ALMF | ALME | OVFL | UDFL | DOUT   | RDATA  |
# +----------+-------+-----+----+-----+----+----+--------+--------+------+------+------+------+------+------+--------+--------+
# | MON      | 192   |  1  | 1  |  1  | 1  | 1  | 0x08   | 0x36   |  0   |   0  |  1   |  0   |  0   |  0   | 0xa0   | 0x06   |
# +----------+-------+-----+----+-----+----+----+--------+--------+------+------+------+------+------+------+--------+--------+
# UVM_INFO ../tb/agent/write_drv.sv(33) @ 1920000: uvm_test_top.env_h.agent_h.driver_h [FIFO_DRV] Driver transaction[193]
# +----------+-------+-----+----+-----+----+----+--------+--------+------+------+------+------+------+------+--------+--------+
# | SRC      | IDX   | RST | CS | REG | WR | RD | ADDR   | DATAIN | FULL | EMPTY| ALMF | ALME | OVFL | UDFL | DOUT   | RDATA  |
# +----------+-------+-----+----+-----+----+----+--------+--------+------+------+------+------+------+------+--------+--------+
# | DRV      | 193   |  1  | 1  |  0  | 1  | 1  | 0x00   | 0x70   |  0   |   0  |  0   |  0   |  0   |  0   | 0x00   | 0x00   |
# +----------+-------+-----+----+-----+----+----+--------+--------+------+------+------+------+------+------+--------+--------+
# UVM_INFO ../tb/env/reference_model.sv(158) @ 1925000: reporter [FIFO_REF] Reference model transaction[193]
# +----------+-------+-----+----+-----+----+----+--------+--------+------+------+------+------+------+------+--------+--------+
# | SRC      | IDX   | RST | CS | REG | WR | RD | ADDR   | DATAIN | FULL | EMPTY| ALMF | ALME | OVFL | UDFL | DOUT   | RDATA  |
# +----------+-------+-----+----+-----+----+----+--------+--------+------+------+------+------+------+------+--------+--------+
# | REF_IN   | 193   |  1  | 1  |  0  | 1  | 1  | 0x00   | 0x70   |  0   |   0  |  1   |  0   |  0   |  0   | 0x8f   | 0x00   |
# | REF_OUT  | 193   |  1  | 1  |  0  | 1  | 1  | 0x00   | 0x70   |  0   |   0  |  1   |  0   |  0   |  0   | 0x8f   | 0x00   |
# +----------+-------+-----+----+-----+----+----+--------+--------+------+------+------+------+------+------+--------+--------+
# State: old_occ=6 new_occ=6 af=6 ae=4 fill=6 clr_pulse=0
# UVM_INFO ../tb/env/scoreboard.sv(71) @ 1925000: uvm_test_top.env_h.scoreboard_h [FIFO_SB_CMP] Scoreboard compare[193]
# +----------+-------+-----+----+-----+----+----+--------+--------+------+------+------+------+------+------+--------+--------+
# | SRC      | IDX   | RST | CS | REG | WR | RD | ADDR   | DATAIN | FULL | EMPTY| ALMF | ALME | OVFL | UDFL | DOUT   | RDATA  |
# +----------+-------+-----+----+-----+----+----+--------+--------+------+------+------+------+------+------+--------+--------+
# | OBS      | 193   |  1  | 1  |  0  | 1  | 1  | 0x00   | 0x70   |  0   |   0  |  1   |  0   |  0   |  0   | 0x8f   | 0x00   |
# | EXP      | 193   |  1  | 1  |  0  | 1  | 1  | 0x00   | 0x70   |  0   |   0  |  1   |  0   |  0   |  0   | 0x8f   | 0x00   |
# +----------+-------+-----+----+-----+----+----+--------+--------+------+------+------+------+------+------+--------+--------+
# Result: PASS | pass_count=193 fail_count=0
# UVM_INFO ../tb/agent/read_monitor.sv(44) @ 1925000: uvm_test_top.env_h.agent_h.monitor_h [FIFO_MON] Monitor transaction[193]
# +----------+-------+-----+----+-----+----+----+--------+--------+------+------+------+------+------+------+--------+--------+
# | SRC      | IDX   | RST | CS | REG | WR | RD | ADDR   | DATAIN | FULL | EMPTY| ALMF | ALME | OVFL | UDFL | DOUT   | RDATA  |
# +----------+-------+-----+----+-----+----+----+--------+--------+------+------+------+------+------+------+--------+--------+
# | MON      | 193   |  1  | 1  |  0  | 1  | 1  | 0x00   | 0x70   |  0   |   0  |  1   |  0   |  0   |  0   | 0x8f   | 0x00   |
# +----------+-------+-----+----+-----+----+----+--------+--------+------+------+------+------+------+------+--------+--------+
# UVM_INFO ../tb/agent/write_drv.sv(33) @ 1930000: uvm_test_top.env_h.agent_h.driver_h [FIFO_DRV] Driver transaction[194]
# +----------+-------+-----+----+-----+----+----+--------+--------+------+------+------+------+------+------+--------+--------+
# | SRC      | IDX   | RST | CS | REG | WR | RD | ADDR   | DATAIN | FULL | EMPTY| ALMF | ALME | OVFL | UDFL | DOUT   | RDATA  |
# +----------+-------+-----+----+-----+----+----+--------+--------+------+------+------+------+------+------+--------+--------+
# | DRV      | 194   |  1  | 0  |  0  | 0  | 1  | 0x00   | 0x25   |  0   |   0  |  0   |  0   |  0   |  0   | 0x00   | 0x00   |
# +----------+-------+-----+----+-----+----+----+--------+--------+------+------+------+------+------+------+--------+--------+
# UVM_INFO ../tb/env/reference_model.sv(158) @ 1935000: reporter [FIFO_REF] Reference model transaction[194]
# +----------+-------+-----+----+-----+----+----+--------+--------+------+------+------+------+------+------+--------+--------+
# | SRC      | IDX   | RST | CS | REG | WR | RD | ADDR   | DATAIN | FULL | EMPTY| ALMF | ALME | OVFL | UDFL | DOUT   | RDATA  |
# +----------+-------+-----+----+-----+----+----+--------+--------+------+------+------+------+------+------+--------+--------+
# | REF_IN   | 194   |  1  | 0  |  0  | 0  | 1  | 0x00   | 0x25   |  0   |   0  |  1   |  0   |  0   |  0   | 0x8f   | 0x00   |
# | REF_OUT  | 194   |  1  | 0  |  0  | 0  | 1  | 0x00   | 0x25   |  0   |   0  |  1   |  0   |  0   |  0   | 0x8f   | 0x00   |
# +----------+-------+-----+----+-----+----+----+--------+--------+------+------+------+------+------+------+--------+--------+
# State: old_occ=6 new_occ=6 af=6 ae=4 fill=6 clr_pulse=0
# UVM_INFO ../tb/env/scoreboard.sv(71) @ 1935000: uvm_test_top.env_h.scoreboard_h [FIFO_SB_CMP] Scoreboard compare[194]
# +----------+-------+-----+----+-----+----+----+--------+--------+------+------+------+------+------+------+--------+--------+
# | SRC      | IDX   | RST | CS | REG | WR | RD | ADDR   | DATAIN | FULL | EMPTY| ALMF | ALME | OVFL | UDFL | DOUT   | RDATA  |
# +----------+-------+-----+----+-----+----+----+--------+--------+------+------+------+------+------+------+--------+--------+
# | OBS      | 194   |  1  | 0  |  0  | 0  | 1  | 0x00   | 0x25   |  0   |   0  |  1   |  0   |  0   |  0   | 0x8f   | 0x00   |
# | EXP      | 194   |  1  | 0  |  0  | 0  | 1  | 0x00   | 0x25   |  0   |   0  |  1   |  0   |  0   |  0   | 0x8f   | 0x00   |
# +----------+-------+-----+----+-----+----+----+--------+--------+------+------+------+------+------+------+--------+--------+
# Result: PASS | pass_count=194 fail_count=0
# UVM_INFO ../tb/agent/read_monitor.sv(44) @ 1935000: uvm_test_top.env_h.agent_h.monitor_h [FIFO_MON] Monitor transaction[194]
# +----------+-------+-----+----+-----+----+----+--------+--------+------+------+------+------+------+------+--------+--------+
# | SRC      | IDX   | RST | CS | REG | WR | RD | ADDR   | DATAIN | FULL | EMPTY| ALMF | ALME | OVFL | UDFL | DOUT   | RDATA  |
# +----------+-------+-----+----+-----+----+----+--------+--------+------+------+------+------+------+------+--------+--------+
# | MON      | 194   |  1  | 0  |  0  | 0  | 1  | 0x00   | 0x25   |  0   |   0  |  1   |  0   |  0   |  0   | 0x8f   | 0x00   |
# +----------+-------+-----+----+-----+----+----+--------+--------+------+------+------+------+------+------+--------+--------+
# UVM_INFO ../tb/agent/write_drv.sv(33) @ 1940000: uvm_test_top.env_h.agent_h.driver_h [FIFO_DRV] Driver transaction[195]
# +----------+-------+-----+----+-----+----+----+--------+--------+------+------+------+------+------+------+--------+--------+
# | SRC      | IDX   | RST | CS | REG | WR | RD | ADDR   | DATAIN | FULL | EMPTY| ALMF | ALME | OVFL | UDFL | DOUT   | RDATA  |
# +----------+-------+-----+----+-----+----+----+--------+--------+------+------+------+------+------+------+--------+--------+
# | DRV      | 195   |  1  | 0  |  0  | 1  | 1  | 0x00   | 0x10   |  0   |   0  |  0   |  0   |  0   |  0   | 0x00   | 0x00   |
# +----------+-------+-----+----+-----+----+----+--------+--------+------+------+------+------+------+------+--------+--------+
# UVM_INFO ../tb/env/reference_model.sv(158) @ 1945000: reporter [FIFO_REF] Reference model transaction[195]
# +----------+-------+-----+----+-----+----+----+--------+--------+------+------+------+------+------+------+--------+--------+
# | SRC      | IDX   | RST | CS | REG | WR | RD | ADDR   | DATAIN | FULL | EMPTY| ALMF | ALME | OVFL | UDFL | DOUT   | RDATA  |
# +----------+-------+-----+----+-----+----+----+--------+--------+------+------+------+------+------+------+--------+--------+
# | REF_IN   | 195   |  1  | 0  |  0  | 1  | 1  | 0x00   | 0x10   |  0   |   0  |  1   |  0   |  0   |  0   | 0x8f   | 0x00   |
# | REF_OUT  | 195   |  1  | 0  |  0  | 1  | 1  | 0x00   | 0x10   |  0   |   0  |  1   |  0   |  0   |  0   | 0x8f   | 0x00   |
# +----------+-------+-----+----+-----+----+----+--------+--------+------+------+------+------+------+------+--------+--------+
# State: old_occ=6 new_occ=6 af=6 ae=4 fill=6 clr_pulse=0
# UVM_INFO ../tb/env/scoreboard.sv(71) @ 1945000: uvm_test_top.env_h.scoreboard_h [FIFO_SB_CMP] Scoreboard compare[195]
# +----------+-------+-----+----+-----+----+----+--------+--------+------+------+------+------+------+------+--------+--------+
# | SRC      | IDX   | RST | CS | REG | WR | RD | ADDR   | DATAIN | FULL | EMPTY| ALMF | ALME | OVFL | UDFL | DOUT   | RDATA  |
# +----------+-------+-----+----+-----+----+----+--------+--------+------+------+------+------+------+------+--------+--------+
# | OBS      | 195   |  1  | 0  |  0  | 1  | 1  | 0x00   | 0x10   |  0   |   0  |  1   |  0   |  0   |  0   | 0x8f   | 0x00   |
# | EXP      | 195   |  1  | 0  |  0  | 1  | 1  | 0x00   | 0x10   |  0   |   0  |  1   |  0   |  0   |  0   | 0x8f   | 0x00   |
# +----------+-------+-----+----+-----+----+----+--------+--------+------+------+------+------+------+------+--------+--------+
# Result: PASS | pass_count=195 fail_count=0
# UVM_INFO ../tb/agent/read_monitor.sv(44) @ 1945000: uvm_test_top.env_h.agent_h.monitor_h [FIFO_MON] Monitor transaction[195]
# +----------+-------+-----+----+-----+----+----+--------+--------+------+------+------+------+------+------+--------+--------+
# | SRC      | IDX   | RST | CS | REG | WR | RD | ADDR   | DATAIN | FULL | EMPTY| ALMF | ALME | OVFL | UDFL | DOUT   | RDATA  |
# +----------+-------+-----+----+-----+----+----+--------+--------+------+------+------+------+------+------+--------+--------+
# | MON      | 195   |  1  | 0  |  0  | 1  | 1  | 0x00   | 0x10   |  0   |   0  |  1   |  0   |  0   |  0   | 0x8f   | 0x00   |
# +----------+-------+-----+----+-----+----+----+--------+--------+------+------+------+------+------+------+--------+--------+
# UVM_INFO ../tb/agent/write_drv.sv(33) @ 1950000: uvm_test_top.env_h.agent_h.driver_h [FIFO_DRV] Driver transaction[196]
# +----------+-------+-----+----+-----+----+----+--------+--------+------+------+------+------+------+------+--------+--------+
# | SRC      | IDX   | RST | CS | REG | WR | RD | ADDR   | DATAIN | FULL | EMPTY| ALMF | ALME | OVFL | UDFL | DOUT   | RDATA  |
# +----------+-------+-----+----+-----+----+----+--------+--------+------+------+------+------+------+------+--------+--------+
# | DRV      | 196   |  1  | 1  |  0  | 1  | 1  | 0x00   | 0x26   |  0   |   0  |  0   |  0   |  0   |  0   | 0x00   | 0x00   |
# +----------+-------+-----+----+-----+----+----+--------+--------+------+------+------+------+------+------+--------+--------+
# UVM_INFO ../tb/env/reference_model.sv(158) @ 1955000: reporter [FIFO_REF] Reference model transaction[196]
# +----------+-------+-----+----+-----+----+----+--------+--------+------+------+------+------+------+------+--------+--------+
# | SRC      | IDX   | RST | CS | REG | WR | RD | ADDR   | DATAIN | FULL | EMPTY| ALMF | ALME | OVFL | UDFL | DOUT   | RDATA  |
# +----------+-------+-----+----+-----+----+----+--------+--------+------+------+------+------+------+------+--------+--------+
# | REF_IN   | 196   |  1  | 1  |  0  | 1  | 1  | 0x00   | 0x26   |  0   |   0  |  1   |  0   |  0   |  0   | 0x2c   | 0x00   |
# | REF_OUT  | 196   |  1  | 1  |  0  | 1  | 1  | 0x00   | 0x26   |  0   |   0  |  1   |  0   |  0   |  0   | 0x2c   | 0x00   |
# +----------+-------+-----+----+-----+----+----+--------+--------+------+------+------+------+------+------+--------+--------+
# State: old_occ=6 new_occ=6 af=6 ae=4 fill=6 clr_pulse=0
# UVM_INFO ../tb/env/scoreboard.sv(71) @ 1955000: uvm_test_top.env_h.scoreboard_h [FIFO_SB_CMP] Scoreboard compare[196]
# +----------+-------+-----+----+-----+----+----+--------+--------+------+------+------+------+------+------+--------+--------+
# | SRC      | IDX   | RST | CS | REG | WR | RD | ADDR   | DATAIN | FULL | EMPTY| ALMF | ALME | OVFL | UDFL | DOUT   | RDATA  |
# +----------+-------+-----+----+-----+----+----+--------+--------+------+------+------+------+------+------+--------+--------+
# | OBS      | 196   |  1  | 1  |  0  | 1  | 1  | 0x00   | 0x26   |  0   |   0  |  1   |  0   |  0   |  0   | 0x2c   | 0x00   |
# | EXP      | 196   |  1  | 1  |  0  | 1  | 1  | 0x00   | 0x26   |  0   |   0  |  1   |  0   |  0   |  0   | 0x2c   | 0x00   |
# +----------+-------+-----+----+-----+----+----+--------+--------+------+------+------+------+------+------+--------+--------+
# Result: PASS | pass_count=196 fail_count=0
# UVM_INFO ../tb/agent/read_monitor.sv(44) @ 1955000: uvm_test_top.env_h.agent_h.monitor_h [FIFO_MON] Monitor transaction[196]
# +----------+-------+-----+----+-----+----+----+--------+--------+------+------+------+------+------+------+--------+--------+
# | SRC      | IDX   | RST | CS | REG | WR | RD | ADDR   | DATAIN | FULL | EMPTY| ALMF | ALME | OVFL | UDFL | DOUT   | RDATA  |
# +----------+-------+-----+----+-----+----+----+--------+--------+------+------+------+------+------+------+--------+--------+
# | MON      | 196   |  1  | 1  |  0  | 1  | 1  | 0x00   | 0x26   |  0   |   0  |  1   |  0   |  0   |  0   | 0x2c   | 0x00   |
# +----------+-------+-----+----+-----+----+----+--------+--------+------+------+------+------+------+------+--------+--------+
# UVM_INFO ../tb/agent/write_drv.sv(33) @ 1960000: uvm_test_top.env_h.agent_h.driver_h [FIFO_DRV] Driver transaction[197]
# +----------+-------+-----+----+-----+----+----+--------+--------+------+------+------+------+------+------+--------+--------+
# | SRC      | IDX   | RST | CS | REG | WR | RD | ADDR   | DATAIN | FULL | EMPTY| ALMF | ALME | OVFL | UDFL | DOUT   | RDATA  |
# +----------+-------+-----+----+-----+----+----+--------+--------+------+------+------+------+------+------+--------+--------+
# | DRV      | 197   |  1  | 1  |  0  | 1  | 1  | 0x00   | 0x13   |  0   |   0  |  0   |  0   |  0   |  0   | 0x00   | 0x00   |
# +----------+-------+-----+----+-----+----+----+--------+--------+------+------+------+------+------+------+--------+--------+
# UVM_INFO ../tb/env/reference_model.sv(158) @ 1965000: reporter [FIFO_REF] Reference model transaction[197]
# +----------+-------+-----+----+-----+----+----+--------+--------+------+------+------+------+------+------+--------+--------+
# | SRC      | IDX   | RST | CS | REG | WR | RD | ADDR   | DATAIN | FULL | EMPTY| ALMF | ALME | OVFL | UDFL | DOUT   | RDATA  |
# +----------+-------+-----+----+-----+----+----+--------+--------+------+------+------+------+------+------+--------+--------+
# | REF_IN   | 197   |  1  | 1  |  0  | 1  | 1  | 0x00   | 0x13   |  0   |   0  |  1   |  0   |  0   |  0   | 0xbe   | 0x00   |
# | REF_OUT  | 197   |  1  | 1  |  0  | 1  | 1  | 0x00   | 0x13   |  0   |   0  |  1   |  0   |  0   |  0   | 0xbe   | 0x00   |
# +----------+-------+-----+----+-----+----+----+--------+--------+------+------+------+------+------+------+--------+--------+
# State: old_occ=6 new_occ=6 af=6 ae=4 fill=6 clr_pulse=0
# UVM_INFO ../tb/env/scoreboard.sv(71) @ 1965000: uvm_test_top.env_h.scoreboard_h [FIFO_SB_CMP] Scoreboard compare[197]
# +----------+-------+-----+----+-----+----+----+--------+--------+------+------+------+------+------+------+--------+--------+
# | SRC      | IDX   | RST | CS | REG | WR | RD | ADDR   | DATAIN | FULL | EMPTY| ALMF | ALME | OVFL | UDFL | DOUT   | RDATA  |
# +----------+-------+-----+----+-----+----+----+--------+--------+------+------+------+------+------+------+--------+--------+
# | OBS      | 197   |  1  | 1  |  0  | 1  | 1  | 0x00   | 0x13   |  0   |   0  |  1   |  0   |  0   |  0   | 0xbe   | 0x00   |
# | EXP      | 197   |  1  | 1  |  0  | 1  | 1  | 0x00   | 0x13   |  0   |   0  |  1   |  0   |  0   |  0   | 0xbe   | 0x00   |
# +----------+-------+-----+----+-----+----+----+--------+--------+------+------+------+------+------+------+--------+--------+
# Result: PASS | pass_count=197 fail_count=0
# UVM_INFO ../tb/agent/read_monitor.sv(44) @ 1965000: uvm_test_top.env_h.agent_h.monitor_h [FIFO_MON] Monitor transaction[197]
# +----------+-------+-----+----+-----+----+----+--------+--------+------+------+------+------+------+------+--------+--------+
# | SRC      | IDX   | RST | CS | REG | WR | RD | ADDR   | DATAIN | FULL | EMPTY| ALMF | ALME | OVFL | UDFL | DOUT   | RDATA  |
# +----------+-------+-----+----+-----+----+----+--------+--------+------+------+------+------+------+------+--------+--------+
# | MON      | 197   |  1  | 1  |  0  | 1  | 1  | 0x00   | 0x13   |  0   |   0  |  1   |  0   |  0   |  0   | 0xbe   | 0x00   |
# +----------+-------+-----+----+-----+----+----+--------+--------+------+------+------+------+------+------+--------+--------+
# UVM_INFO ../tb/agent/write_drv.sv(33) @ 1970000: uvm_test_top.env_h.agent_h.driver_h [FIFO_DRV] Driver transaction[198]
# +----------+-------+-----+----+-----+----+----+--------+--------+------+------+------+------+------+------+--------+--------+
# | SRC      | IDX   | RST | CS | REG | WR | RD | ADDR   | DATAIN | FULL | EMPTY| ALMF | ALME | OVFL | UDFL | DOUT   | RDATA  |
# +----------+-------+-----+----+-----+----+----+--------+--------+------+------+------+------+------+------+--------+--------+
# | DRV      | 198   |  1  | 1  |  0  | 0  | 0  | 0x00   | 0x3e   |  0   |   0  |  0   |  0   |  0   |  0   | 0x00   | 0x00   |
# +----------+-------+-----+----+-----+----+----+--------+--------+------+------+------+------+------+------+--------+--------+
# UVM_INFO ../tb/env/reference_model.sv(158) @ 1975000: reporter [FIFO_REF] Reference model transaction[198]
# +----------+-------+-----+----+-----+----+----+--------+--------+------+------+------+------+------+------+--------+--------+
# | SRC      | IDX   | RST | CS | REG | WR | RD | ADDR   | DATAIN | FULL | EMPTY| ALMF | ALME | OVFL | UDFL | DOUT   | RDATA  |
# +----------+-------+-----+----+-----+----+----+--------+--------+------+------+------+------+------+------+--------+--------+
# | REF_IN   | 198   |  1  | 1  |  0  | 0  | 0  | 0x00   | 0x3e   |  0   |   0  |  1   |  0   |  0   |  0   | 0xbe   | 0x00   |
# | REF_OUT  | 198   |  1  | 1  |  0  | 0  | 0  | 0x00   | 0x3e   |  0   |   0  |  1   |  0   |  0   |  0   | 0xbe   | 0x00   |
# +----------+-------+-----+----+-----+----+----+--------+--------+------+------+------+------+------+------+--------+--------+
# State: old_occ=6 new_occ=6 af=6 ae=4 fill=6 clr_pulse=0
# UVM_INFO ../tb/env/scoreboard.sv(71) @ 1975000: uvm_test_top.env_h.scoreboard_h [FIFO_SB_CMP] Scoreboard compare[198]
# +----------+-------+-----+----+-----+----+----+--------+--------+------+------+------+------+------+------+--------+--------+
# | SRC      | IDX   | RST | CS | REG | WR | RD | ADDR   | DATAIN | FULL | EMPTY| ALMF | ALME | OVFL | UDFL | DOUT   | RDATA  |
# +----------+-------+-----+----+-----+----+----+--------+--------+------+------+------+------+------+------+--------+--------+
# | OBS      | 198   |  1  | 1  |  0  | 0  | 0  | 0x00   | 0x3e   |  0   |   0  |  1   |  0   |  0   |  0   | 0xbe   | 0x00   |
# | EXP      | 198   |  1  | 1  |  0  | 0  | 0  | 0x00   | 0x3e   |  0   |   0  |  1   |  0   |  0   |  0   | 0xbe   | 0x00   |
# +----------+-------+-----+----+-----+----+----+--------+--------+------+------+------+------+------+------+--------+--------+
# Result: PASS | pass_count=198 fail_count=0
# UVM_INFO ../tb/agent/read_monitor.sv(44) @ 1975000: uvm_test_top.env_h.agent_h.monitor_h [FIFO_MON] Monitor transaction[198]
# +----------+-------+-----+----+-----+----+----+--------+--------+------+------+------+------+------+------+--------+--------+
# | SRC      | IDX   | RST | CS | REG | WR | RD | ADDR   | DATAIN | FULL | EMPTY| ALMF | ALME | OVFL | UDFL | DOUT   | RDATA  |
# +----------+-------+-----+----+-----+----+----+--------+--------+------+------+------+------+------+------+--------+--------+
# | MON      | 198   |  1  | 1  |  0  | 0  | 0  | 0x00   | 0x3e   |  0   |   0  |  1   |  0   |  0   |  0   | 0xbe   | 0x00   |
# +----------+-------+-----+----+-----+----+----+--------+--------+------+------+------+------+------+------+--------+--------+
# UVM_INFO ../tb/agent/write_drv.sv(33) @ 1980000: uvm_test_top.env_h.agent_h.driver_h [FIFO_DRV] Driver transaction[199]
# +----------+-------+-----+----+-----+----+----+--------+--------+------+------+------+------+------+------+--------+--------+
# | SRC      | IDX   | RST | CS | REG | WR | RD | ADDR   | DATAIN | FULL | EMPTY| ALMF | ALME | OVFL | UDFL | DOUT   | RDATA  |
# +----------+-------+-----+----+-----+----+----+--------+--------+------+------+------+------+------+------+--------+--------+
# | DRV      | 199   |  1  | 0  |  0  | 0  | 0  | 0x00   | 0xda   |  0   |   0  |  0   |  0   |  0   |  0   | 0x00   | 0x00   |
# +----------+-------+-----+----+-----+----+----+--------+--------+------+------+------+------+------+------+--------+--------+
# UVM_INFO ../tb/env/reference_model.sv(158) @ 1985000: reporter [FIFO_REF] Reference model transaction[199]
# +----------+-------+-----+----+-----+----+----+--------+--------+------+------+------+------+------+------+--------+--------+
# | SRC      | IDX   | RST | CS | REG | WR | RD | ADDR   | DATAIN | FULL | EMPTY| ALMF | ALME | OVFL | UDFL | DOUT   | RDATA  |
# +----------+-------+-----+----+-----+----+----+--------+--------+------+------+------+------+------+------+--------+--------+
# | REF_IN   | 199   |  1  | 0  |  0  | 0  | 0  | 0x00   | 0xda   |  0   |   0  |  1   |  0   |  0   |  0   | 0xbe   | 0x00   |
# | REF_OUT  | 199   |  1  | 0  |  0  | 0  | 0  | 0x00   | 0xda   |  0   |   0  |  1   |  0   |  0   |  0   | 0xbe   | 0x00   |
# +----------+-------+-----+----+-----+----+----+--------+--------+------+------+------+------+------+------+--------+--------+
# State: old_occ=6 new_occ=6 af=6 ae=4 fill=6 clr_pulse=0
# UVM_INFO ../tb/env/scoreboard.sv(71) @ 1985000: uvm_test_top.env_h.scoreboard_h [FIFO_SB_CMP] Scoreboard compare[199]
# +----------+-------+-----+----+-----+----+----+--------+--------+------+------+------+------+------+------+--------+--------+
# | SRC      | IDX   | RST | CS | REG | WR | RD | ADDR   | DATAIN | FULL | EMPTY| ALMF | ALME | OVFL | UDFL | DOUT   | RDATA  |
# +----------+-------+-----+----+-----+----+----+--------+--------+------+------+------+------+------+------+--------+--------+
# | OBS      | 199   |  1  | 0  |  0  | 0  | 0  | 0x00   | 0xda   |  0   |   0  |  1   |  0   |  0   |  0   | 0xbe   | 0x00   |
# | EXP      | 199   |  1  | 0  |  0  | 0  | 0  | 0x00   | 0xda   |  0   |   0  |  1   |  0   |  0   |  0   | 0xbe   | 0x00   |
# +----------+-------+-----+----+-----+----+----+--------+--------+------+------+------+------+------+------+--------+--------+
# Result: PASS | pass_count=199 fail_count=0
# UVM_INFO ../tb/agent/read_monitor.sv(44) @ 1985000: uvm_test_top.env_h.agent_h.monitor_h [FIFO_MON] Monitor transaction[199]
# +----------+-------+-----+----+-----+----+----+--------+--------+------+------+------+------+------+------+--------+--------+
# | SRC      | IDX   | RST | CS | REG | WR | RD | ADDR   | DATAIN | FULL | EMPTY| ALMF | ALME | OVFL | UDFL | DOUT   | RDATA  |
# +----------+-------+-----+----+-----+----+----+--------+--------+------+------+------+------+------+------+--------+--------+
# | MON      | 199   |  1  | 0  |  0  | 0  | 0  | 0x00   | 0xda   |  0   |   0  |  1   |  0   |  0   |  0   | 0xbe   | 0x00   |
# +----------+-------+-----+----+-----+----+----+--------+--------+------+------+------+------+------+------+--------+--------+
# UVM_INFO ../tb/agent/write_drv.sv(33) @ 1990000: uvm_test_top.env_h.agent_h.driver_h [FIFO_DRV] Driver transaction[200]
# +----------+-------+-----+----+-----+----+----+--------+--------+------+------+------+------+------+------+--------+--------+
# | SRC      | IDX   | RST | CS | REG | WR | RD | ADDR   | DATAIN | FULL | EMPTY| ALMF | ALME | OVFL | UDFL | DOUT   | RDATA  |
# +----------+-------+-----+----+-----+----+----+--------+--------+------+------+------+------+------+------+--------+--------+
# | DRV      | 200   |  1  | 0  |  0  | 1  | 0  | 0x00   | 0x6e   |  0   |   0  |  0   |  0   |  0   |  0   | 0x00   | 0x00   |
# +----------+-------+-----+----+-----+----+----+--------+--------+------+------+------+------+------+------+--------+--------+
# UVM_INFO ../tb/env/reference_model.sv(158) @ 1995000: reporter [FIFO_REF] Reference model transaction[200]
# +----------+-------+-----+----+-----+----+----+--------+--------+------+------+------+------+------+------+--------+--------+
# | SRC      | IDX   | RST | CS | REG | WR | RD | ADDR   | DATAIN | FULL | EMPTY| ALMF | ALME | OVFL | UDFL | DOUT   | RDATA  |
# +----------+-------+-----+----+-----+----+----+--------+--------+------+------+------+------+------+------+--------+--------+
# | REF_IN   | 200   |  1  | 0  |  0  | 1  | 0  | 0x00   | 0x6e   |  0   |   0  |  1   |  0   |  0   |  0   | 0xbe   | 0x00   |
# | REF_OUT  | 200   |  1  | 0  |  0  | 1  | 0  | 0x00   | 0x6e   |  0   |   0  |  1   |  0   |  0   |  0   | 0xbe   | 0x00   |
# +----------+-------+-----+----+-----+----+----+--------+--------+------+------+------+------+------+------+--------+--------+
# State: old_occ=6 new_occ=6 af=6 ae=4 fill=6 clr_pulse=0
# UVM_INFO ../tb/env/scoreboard.sv(71) @ 1995000: uvm_test_top.env_h.scoreboard_h [FIFO_SB_CMP] Scoreboard compare[200]
# +----------+-------+-----+----+-----+----+----+--------+--------+------+------+------+------+------+------+--------+--------+
# | SRC      | IDX   | RST | CS | REG | WR | RD | ADDR   | DATAIN | FULL | EMPTY| ALMF | ALME | OVFL | UDFL | DOUT   | RDATA  |
# +----------+-------+-----+----+-----+----+----+--------+--------+------+------+------+------+------+------+--------+--------+
# | OBS      | 200   |  1  | 0  |  0  | 1  | 0  | 0x00   | 0x6e   |  0   |   0  |  1   |  0   |  0   |  0   | 0xbe   | 0x00   |
# | EXP      | 200   |  1  | 0  |  0  | 1  | 0  | 0x00   | 0x6e   |  0   |   0  |  1   |  0   |  0   |  0   | 0xbe   | 0x00   |
# +----------+-------+-----+----+-----+----+----+--------+--------+------+------+------+------+------+------+--------+--------+
# Result: PASS | pass_count=200 fail_count=0
# UVM_INFO ../tb/agent/read_monitor.sv(44) @ 1995000: uvm_test_top.env_h.agent_h.monitor_h [FIFO_MON] Monitor transaction[200]
# +----------+-------+-----+----+-----+----+----+--------+--------+------+------+------+------+------+------+--------+--------+
# | SRC      | IDX   | RST | CS | REG | WR | RD | ADDR   | DATAIN | FULL | EMPTY| ALMF | ALME | OVFL | UDFL | DOUT   | RDATA  |
# +----------+-------+-----+----+-----+----+----+--------+--------+------+------+------+------+------+------+--------+--------+
# | MON      | 200   |  1  | 0  |  0  | 1  | 0  | 0x00   | 0x6e   |  0   |   0  |  1   |  0   |  0   |  0   | 0xbe   | 0x00   |
# +----------+-------+-----+----+-----+----+----+--------+--------+------+------+------+------+------+------+--------+--------+
# UVM_INFO ../tb/agent/write_drv.sv(33) @ 2000000: uvm_test_top.env_h.agent_h.driver_h [FIFO_DRV] Driver transaction[201]
# +----------+-------+-----+----+-----+----+----+--------+--------+------+------+------+------+------+------+--------+--------+
# | SRC      | IDX   | RST | CS | REG | WR | RD | ADDR   | DATAIN | FULL | EMPTY| ALMF | ALME | OVFL | UDFL | DOUT   | RDATA  |
# +----------+-------+-----+----+-----+----+----+--------+--------+------+------+------+------+------+------+--------+--------+
# | DRV      | 201   |  1  | 1  |  0  | 0  | 1  | 0x00   | 0xc6   |  0   |   0  |  0   |  0   |  0   |  0   | 0x00   | 0x00   |
# +----------+-------+-----+----+-----+----+----+--------+--------+------+------+------+------+------+------+--------+--------+
# UVM_INFO ../tb/env/reference_model.sv(158) @ 2005000: reporter [FIFO_REF] Reference model transaction[201]
# +----------+-------+-----+----+-----+----+----+--------+--------+------+------+------+------+------+------+--------+--------+
# | SRC      | IDX   | RST | CS | REG | WR | RD | ADDR   | DATAIN | FULL | EMPTY| ALMF | ALME | OVFL | UDFL | DOUT   | RDATA  |
# +----------+-------+-----+----+-----+----+----+--------+--------+------+------+------+------+------+------+--------+--------+
# | REF_IN   | 201   |  1  | 1  |  0  | 0  | 1  | 0x00   | 0xc6   |  0   |   0  |  0   |  0   |  0   |  0   | 0xc1   | 0x00   |
# | REF_OUT  | 201   |  1  | 1  |  0  | 0  | 1  | 0x00   | 0xc6   |  0   |   0  |  0   |  0   |  0   |  0   | 0xc1   | 0x00   |
# +----------+-------+-----+----+-----+----+----+--------+--------+------+------+------+------+------+------+--------+--------+
# State: old_occ=6 new_occ=5 af=6 ae=4 fill=6 clr_pulse=0
# UVM_INFO ../tb/env/scoreboard.sv(71) @ 2005000: uvm_test_top.env_h.scoreboard_h [FIFO_SB_CMP] Scoreboard compare[201]
# +----------+-------+-----+----+-----+----+----+--------+--------+------+------+------+------+------+------+--------+--------+
# | SRC      | IDX   | RST | CS | REG | WR | RD | ADDR   | DATAIN | FULL | EMPTY| ALMF | ALME | OVFL | UDFL | DOUT   | RDATA  |
# +----------+-------+-----+----+-----+----+----+--------+--------+------+------+------+------+------+------+--------+--------+
# | OBS      | 201   |  1  | 1  |  0  | 0  | 1  | 0x00   | 0xc6   |  0   |   0  |  0   |  0   |  0   |  0   | 0xc1   | 0x00   |
# | EXP      | 201   |  1  | 1  |  0  | 0  | 1  | 0x00   | 0xc6   |  0   |   0  |  0   |  0   |  0   |  0   | 0xc1   | 0x00   |
# +----------+-------+-----+----+-----+----+----+--------+--------+------+------+------+------+------+------+--------+--------+
# Result: PASS | pass_count=201 fail_count=0
# UVM_INFO ../tb/agent/read_monitor.sv(44) @ 2005000: uvm_test_top.env_h.agent_h.monitor_h [FIFO_MON] Monitor transaction[201]
# +----------+-------+-----+----+-----+----+----+--------+--------+------+------+------+------+------+------+--------+--------+
# | SRC      | IDX   | RST | CS | REG | WR | RD | ADDR   | DATAIN | FULL | EMPTY| ALMF | ALME | OVFL | UDFL | DOUT   | RDATA  |
# +----------+-------+-----+----+-----+----+----+--------+--------+------+------+------+------+------+------+--------+--------+
# | MON      | 201   |  1  | 1  |  0  | 0  | 1  | 0x00   | 0xc6   |  0   |   0  |  0   |  0   |  0   |  0   | 0xc1   | 0x00   |
# +----------+-------+-----+----+-----+----+----+--------+--------+------+------+------+------+------+------+--------+--------+
# UVM_INFO ../tb/agent/write_drv.sv(33) @ 2010000: uvm_test_top.env_h.agent_h.driver_h [FIFO_DRV] Driver transaction[202]
# +----------+-------+-----+----+-----+----+----+--------+--------+------+------+------+------+------+------+--------+--------+
# | SRC      | IDX   | RST | CS | REG | WR | RD | ADDR   | DATAIN | FULL | EMPTY| ALMF | ALME | OVFL | UDFL | DOUT   | RDATA  |
# +----------+-------+-----+----+-----+----+----+--------+--------+------+------+------+------+------+------+--------+--------+
# | DRV      | 202   |  1  | 1  |  0  | 0  | 0  | 0x00   | 0xfb   |  0   |   0  |  0   |  0   |  0   |  0   | 0x00   | 0x00   |
# +----------+-------+-----+----+-----+----+----+--------+--------+------+------+------+------+------+------+--------+--------+
# UVM_INFO ../tb/env/reference_model.sv(158) @ 2015000: reporter [FIFO_REF] Reference model transaction[202]
# +----------+-------+-----+----+-----+----+----+--------+--------+------+------+------+------+------+------+--------+--------+
# | SRC      | IDX   | RST | CS | REG | WR | RD | ADDR   | DATAIN | FULL | EMPTY| ALMF | ALME | OVFL | UDFL | DOUT   | RDATA  |
# +----------+-------+-----+----+-----+----+----+--------+--------+------+------+------+------+------+------+--------+--------+
# | REF_IN   | 202   |  1  | 1  |  0  | 0  | 0  | 0x00   | 0xfb   |  0   |   0  |  0   |  0   |  0   |  0   | 0xc1   | 0x00   |
# | REF_OUT  | 202   |  1  | 1  |  0  | 0  | 0  | 0x00   | 0xfb   |  0   |   0  |  0   |  0   |  0   |  0   | 0xc1   | 0x00   |
# +----------+-------+-----+----+-----+----+----+--------+--------+------+------+------+------+------+------+--------+--------+
# State: old_occ=5 new_occ=5 af=6 ae=4 fill=5 clr_pulse=0
# UVM_INFO ../tb/env/scoreboard.sv(71) @ 2015000: uvm_test_top.env_h.scoreboard_h [FIFO_SB_CMP] Scoreboard compare[202]
# +----------+-------+-----+----+-----+----+----+--------+--------+------+------+------+------+------+------+--------+--------+
# | SRC      | IDX   | RST | CS | REG | WR | RD | ADDR   | DATAIN | FULL | EMPTY| ALMF | ALME | OVFL | UDFL | DOUT   | RDATA  |
# +----------+-------+-----+----+-----+----+----+--------+--------+------+------+------+------+------+------+--------+--------+
# | OBS      | 202   |  1  | 1  |  0  | 0  | 0  | 0x00   | 0xfb   |  0   |   0  |  0   |  0   |  0   |  0   | 0xc1   | 0x00   |
# | EXP      | 202   |  1  | 1  |  0  | 0  | 0  | 0x00   | 0xfb   |  0   |   0  |  0   |  0   |  0   |  0   | 0xc1   | 0x00   |
# +----------+-------+-----+----+-----+----+----+--------+--------+------+------+------+------+------+------+--------+--------+
# Result: PASS | pass_count=202 fail_count=0
# UVM_INFO ../tb/agent/read_monitor.sv(44) @ 2015000: uvm_test_top.env_h.agent_h.monitor_h [FIFO_MON] Monitor transaction[202]
# +----------+-------+-----+----+-----+----+----+--------+--------+------+------+------+------+------+------+--------+--------+
# | SRC      | IDX   | RST | CS | REG | WR | RD | ADDR   | DATAIN | FULL | EMPTY| ALMF | ALME | OVFL | UDFL | DOUT   | RDATA  |
# +----------+-------+-----+----+-----+----+----+--------+--------+------+------+------+------+------+------+--------+--------+
# | MON      | 202   |  1  | 1  |  0  | 0  | 0  | 0x00   | 0xfb   |  0   |   0  |  0   |  0   |  0   |  0   | 0xc1   | 0x00   |
# +----------+-------+-----+----+-----+----+----+--------+--------+------+------+------+------+------+------+--------+--------+
# UVM_INFO ../tb/agent/write_drv.sv(33) @ 2020000: uvm_test_top.env_h.agent_h.driver_h [FIFO_DRV] Driver transaction[203]
# +----------+-------+-----+----+-----+----+----+--------+--------+------+------+------+------+------+------+--------+--------+
# | SRC      | IDX   | RST | CS | REG | WR | RD | ADDR   | DATAIN | FULL | EMPTY| ALMF | ALME | OVFL | UDFL | DOUT   | RDATA  |
# +----------+-------+-----+----+-----+----+----+--------+--------+------+------+------+------+------+------+--------+--------+
# | DRV      | 203   |  1  | 0  |  0  | 0  | 1  | 0x00   | 0xed   |  0   |   0  |  0   |  0   |  0   |  0   | 0x00   | 0x00   |
# +----------+-------+-----+----+-----+----+----+--------+--------+------+------+------+------+------+------+--------+--------+
# UVM_INFO ../tb/env/reference_model.sv(158) @ 2025000: reporter [FIFO_REF] Reference model transaction[203]
# +----------+-------+-----+----+-----+----+----+--------+--------+------+------+------+------+------+------+--------+--------+
# | SRC      | IDX   | RST | CS | REG | WR | RD | ADDR   | DATAIN | FULL | EMPTY| ALMF | ALME | OVFL | UDFL | DOUT   | RDATA  |
# +----------+-------+-----+----+-----+----+----+--------+--------+------+------+------+------+------+------+--------+--------+
# | REF_IN   | 203   |  1  | 0  |  0  | 0  | 1  | 0x00   | 0xed   |  0   |   0  |  0   |  0   |  0   |  0   | 0xc1   | 0x00   |
# | REF_OUT  | 203   |  1  | 0  |  0  | 0  | 1  | 0x00   | 0xed   |  0   |   0  |  0   |  0   |  0   |  0   | 0xc1   | 0x00   |
# +----------+-------+-----+----+-----+----+----+--------+--------+------+------+------+------+------+------+--------+--------+
# State: old_occ=5 new_occ=5 af=6 ae=4 fill=5 clr_pulse=0
# UVM_INFO ../tb/env/scoreboard.sv(71) @ 2025000: uvm_test_top.env_h.scoreboard_h [FIFO_SB_CMP] Scoreboard compare[203]
# +----------+-------+-----+----+-----+----+----+--------+--------+------+------+------+------+------+------+--------+--------+
# | SRC      | IDX   | RST | CS | REG | WR | RD | ADDR   | DATAIN | FULL | EMPTY| ALMF | ALME | OVFL | UDFL | DOUT   | RDATA  |
# +----------+-------+-----+----+-----+----+----+--------+--------+------+------+------+------+------+------+--------+--------+
# | OBS      | 203   |  1  | 0  |  0  | 0  | 1  | 0x00   | 0xed   |  0   |   0  |  0   |  0   |  0   |  0   | 0xc1   | 0x00   |
# | EXP      | 203   |  1  | 0  |  0  | 0  | 1  | 0x00   | 0xed   |  0   |   0  |  0   |  0   |  0   |  0   | 0xc1   | 0x00   |
# +----------+-------+-----+----+-----+----+----+--------+--------+------+------+------+------+------+------+--------+--------+
# Result: PASS | pass_count=203 fail_count=0
# UVM_INFO ../tb/agent/read_monitor.sv(44) @ 2025000: uvm_test_top.env_h.agent_h.monitor_h [FIFO_MON] Monitor transaction[203]
# +----------+-------+-----+----+-----+----+----+--------+--------+------+------+------+------+------+------+--------+--------+
# | SRC      | IDX   | RST | CS | REG | WR | RD | ADDR   | DATAIN | FULL | EMPTY| ALMF | ALME | OVFL | UDFL | DOUT   | RDATA  |
# +----------+-------+-----+----+-----+----+----+--------+--------+------+------+------+------+------+------+--------+--------+
# | MON      | 203   |  1  | 0  |  0  | 0  | 1  | 0x00   | 0xed   |  0   |   0  |  0   |  0   |  0   |  0   | 0xc1   | 0x00   |
# +----------+-------+-----+----+-----+----+----+--------+--------+------+------+------+------+------+------+--------+--------+
# UVM_INFO ../tb/agent/write_drv.sv(33) @ 2030000: uvm_test_top.env_h.agent_h.driver_h [FIFO_DRV] Driver transaction[204]
# +----------+-------+-----+----+-----+----+----+--------+--------+------+------+------+------+------+------+--------+--------+
# | SRC      | IDX   | RST | CS | REG | WR | RD | ADDR   | DATAIN | FULL | EMPTY| ALMF | ALME | OVFL | UDFL | DOUT   | RDATA  |
# +----------+-------+-----+----+-----+----+----+--------+--------+------+------+------+------+------+------+--------+--------+
# | DRV      | 204   |  1  | 0  |  0  | 0  | 0  | 0x00   | 0xe5   |  0   |   0  |  0   |  0   |  0   |  0   | 0x00   | 0x00   |
# +----------+-------+-----+----+-----+----+----+--------+--------+------+------+------+------+------+------+--------+--------+
# UVM_INFO ../tb/env/reference_model.sv(158) @ 2035000: reporter [FIFO_REF] Reference model transaction[204]
# +----------+-------+-----+----+-----+----+----+--------+--------+------+------+------+------+------+------+--------+--------+
# | SRC      | IDX   | RST | CS | REG | WR | RD | ADDR   | DATAIN | FULL | EMPTY| ALMF | ALME | OVFL | UDFL | DOUT   | RDATA  |
# +----------+-------+-----+----+-----+----+----+--------+--------+------+------+------+------+------+------+--------+--------+
# | REF_IN   | 204   |  1  | 0  |  0  | 0  | 0  | 0x00   | 0xe5   |  0   |   0  |  0   |  0   |  0   |  0   | 0xc1   | 0x00   |
# | REF_OUT  | 204   |  1  | 0  |  0  | 0  | 0  | 0x00   | 0xe5   |  0   |   0  |  0   |  0   |  0   |  0   | 0xc1   | 0x00   |
# +----------+-------+-----+----+-----+----+----+--------+--------+------+------+------+------+------+------+--------+--------+
# State: old_occ=5 new_occ=5 af=6 ae=4 fill=5 clr_pulse=0
# UVM_INFO ../tb/env/scoreboard.sv(71) @ 2035000: uvm_test_top.env_h.scoreboard_h [FIFO_SB_CMP] Scoreboard compare[204]
# +----------+-------+-----+----+-----+----+----+--------+--------+------+------+------+------+------+------+--------+--------+
# | SRC      | IDX   | RST | CS | REG | WR | RD | ADDR   | DATAIN | FULL | EMPTY| ALMF | ALME | OVFL | UDFL | DOUT   | RDATA  |
# +----------+-------+-----+----+-----+----+----+--------+--------+------+------+------+------+------+------+--------+--------+
# | OBS      | 204   |  1  | 0  |  0  | 0  | 0  | 0x00   | 0xe5   |  0   |   0  |  0   |  0   |  0   |  0   | 0xc1   | 0x00   |
# | EXP      | 204   |  1  | 0  |  0  | 0  | 0  | 0x00   | 0xe5   |  0   |   0  |  0   |  0   |  0   |  0   | 0xc1   | 0x00   |
# +----------+-------+-----+----+-----+----+----+--------+--------+------+------+------+------+------+------+--------+--------+
# Result: PASS | pass_count=204 fail_count=0
# UVM_INFO ../tb/agent/read_monitor.sv(44) @ 2035000: uvm_test_top.env_h.agent_h.monitor_h [FIFO_MON] Monitor transaction[204]
# +----------+-------+-----+----+-----+----+----+--------+--------+------+------+------+------+------+------+--------+--------+
# | SRC      | IDX   | RST | CS | REG | WR | RD | ADDR   | DATAIN | FULL | EMPTY| ALMF | ALME | OVFL | UDFL | DOUT   | RDATA  |
# +----------+-------+-----+----+-----+----+----+--------+--------+------+------+------+------+------+------+--------+--------+
# | MON      | 204   |  1  | 0  |  0  | 0  | 0  | 0x00   | 0xe5   |  0   |   0  |  0   |  0   |  0   |  0   | 0xc1   | 0x00   |
# +----------+-------+-----+----+-----+----+----+--------+--------+------+------+------+------+------+------+--------+--------+
# UVM_INFO ../tb/agent/write_drv.sv(33) @ 2040000: uvm_test_top.env_h.agent_h.driver_h [FIFO_DRV] Driver transaction[205]
# +----------+-------+-----+----+-----+----+----+--------+--------+------+------+------+------+------+------+--------+--------+
# | SRC      | IDX   | RST | CS | REG | WR | RD | ADDR   | DATAIN | FULL | EMPTY| ALMF | ALME | OVFL | UDFL | DOUT   | RDATA  |
# +----------+-------+-----+----+-----+----+----+--------+--------+------+------+------+------+------+------+--------+--------+
# | DRV      | 205   |  1  | 0  |  0  | 0  | 0  | 0x00   | 0x00   |  0   |   0  |  0   |  0   |  0   |  0   | 0x00   | 0x00   |
# +----------+-------+-----+----+-----+----+----+--------+--------+------+------+------+------+------+------+--------+--------+
# UVM_INFO ../tb/env/reference_model.sv(158) @ 2045000: reporter [FIFO_REF] Reference model transaction[205]
# +----------+-------+-----+----+-----+----+----+--------+--------+------+------+------+------+------+------+--------+--------+
# | SRC      | IDX   | RST | CS | REG | WR | RD | ADDR   | DATAIN | FULL | EMPTY| ALMF | ALME | OVFL | UDFL | DOUT   | RDATA  |
# +----------+-------+-----+----+-----+----+----+--------+--------+------+------+------+------+------+------+--------+--------+
# | REF_IN   | 205   |  1  | 0  |  0  | 0  | 0  | 0x00   | 0x00   |  0   |   0  |  0   |  0   |  0   |  0   | 0xc1   | 0x00   |
# | REF_OUT  | 205   |  1  | 0  |  0  | 0  | 0  | 0x00   | 0x00   |  0   |   0  |  0   |  0   |  0   |  0   | 0xc1   | 0x00   |
# +----------+-------+-----+----+-----+----+----+--------+--------+------+------+------+------+------+------+--------+--------+
# State: old_occ=5 new_occ=5 af=6 ae=4 fill=5 clr_pulse=0
# UVM_INFO ../tb/env/scoreboard.sv(71) @ 2045000: uvm_test_top.env_h.scoreboard_h [FIFO_SB_CMP] Scoreboard compare[205]
# +----------+-------+-----+----+-----+----+----+--------+--------+------+------+------+------+------+------+--------+--------+
# | SRC      | IDX   | RST | CS | REG | WR | RD | ADDR   | DATAIN | FULL | EMPTY| ALMF | ALME | OVFL | UDFL | DOUT   | RDATA  |
# +----------+-------+-----+----+-----+----+----+--------+--------+------+------+------+------+------+------+--------+--------+
# | OBS      | 205   |  1  | 0  |  0  | 0  | 0  | 0x00   | 0x00   |  0   |   0  |  0   |  0   |  0   |  0   | 0xc1   | 0x00   |
# | EXP      | 205   |  1  | 0  |  0  | 0  | 0  | 0x00   | 0x00   |  0   |   0  |  0   |  0   |  0   |  0   | 0xc1   | 0x00   |
# +----------+-------+-----+----+-----+----+----+--------+--------+------+------+------+------+------+------+--------+--------+
# Result: PASS | pass_count=205 fail_count=0
# UVM_INFO ../tb/agent/read_monitor.sv(44) @ 2045000: uvm_test_top.env_h.agent_h.monitor_h [FIFO_MON] Monitor transaction[205]
# +----------+-------+-----+----+-----+----+----+--------+--------+------+------+------+------+------+------+--------+--------+
# | SRC      | IDX   | RST | CS | REG | WR | RD | ADDR   | DATAIN | FULL | EMPTY| ALMF | ALME | OVFL | UDFL | DOUT   | RDATA  |
# +----------+-------+-----+----+-----+----+----+--------+--------+------+------+------+------+------+------+--------+--------+
# | MON      | 205   |  1  | 0  |  0  | 0  | 0  | 0x00   | 0x00   |  0   |   0  |  0   |  0   |  0   |  0   | 0xc1   | 0x00   |
# +----------+-------+-----+----+-----+----+----+--------+--------+------+------+------+------+------+------+--------+--------+
# UVM_INFO ../tb/agent/write_drv.sv(33) @ 2050000: uvm_test_top.env_h.agent_h.driver_h [FIFO_DRV] Driver transaction[206]
# +----------+-------+-----+----+-----+----+----+--------+--------+------+------+------+------+------+------+--------+--------+
# | SRC      | IDX   | RST | CS | REG | WR | RD | ADDR   | DATAIN | FULL | EMPTY| ALMF | ALME | OVFL | UDFL | DOUT   | RDATA  |
# +----------+-------+-----+----+-----+----+----+--------+--------+------+------+------+------+------+------+--------+--------+
# | DRV      | 206   |  1  | 0  |  0  | 0  | 0  | 0x00   | 0x00   |  0   |   0  |  0   |  0   |  0   |  0   | 0x00   | 0x00   |
# +----------+-------+-----+----+-----+----+----+--------+--------+------+------+------+------+------+------+--------+--------+
# UVM_INFO ../tb/env/reference_model.sv(158) @ 2055000: reporter [FIFO_REF] Reference model transaction[206]
# +----------+-------+-----+----+-----+----+----+--------+--------+------+------+------+------+------+------+--------+--------+
# | SRC      | IDX   | RST | CS | REG | WR | RD | ADDR   | DATAIN | FULL | EMPTY| ALMF | ALME | OVFL | UDFL | DOUT   | RDATA  |
# +----------+-------+-----+----+-----+----+----+--------+--------+------+------+------+------+------+------+--------+--------+
# | REF_IN   | 206   |  1  | 0  |  0  | 0  | 0  | 0x00   | 0x00   |  0   |   0  |  0   |  0   |  0   |  0   | 0xc1   | 0x00   |
# | REF_OUT  | 206   |  1  | 0  |  0  | 0  | 0  | 0x00   | 0x00   |  0   |   0  |  0   |  0   |  0   |  0   | 0xc1   | 0x00   |
# +----------+-------+-----+----+-----+----+----+--------+--------+------+------+------+------+------+------+--------+--------+
# State: old_occ=5 new_occ=5 af=6 ae=4 fill=5 clr_pulse=0
# UVM_INFO ../tb/env/scoreboard.sv(71) @ 2055000: uvm_test_top.env_h.scoreboard_h [FIFO_SB_CMP] Scoreboard compare[206]
# +----------+-------+-----+----+-----+----+----+--------+--------+------+------+------+------+------+------+--------+--------+
# | SRC      | IDX   | RST | CS | REG | WR | RD | ADDR   | DATAIN | FULL | EMPTY| ALMF | ALME | OVFL | UDFL | DOUT   | RDATA  |
# +----------+-------+-----+----+-----+----+----+--------+--------+------+------+------+------+------+------+--------+--------+
# | OBS      | 206   |  1  | 0  |  0  | 0  | 0  | 0x00   | 0x00   |  0   |   0  |  0   |  0   |  0   |  0   | 0xc1   | 0x00   |
# | EXP      | 206   |  1  | 0  |  0  | 0  | 0  | 0x00   | 0x00   |  0   |   0  |  0   |  0   |  0   |  0   | 0xc1   | 0x00   |
# +----------+-------+-----+----+-----+----+----+--------+--------+------+------+------+------+------+------+--------+--------+
# Result: PASS | pass_count=206 fail_count=0
# UVM_INFO ../tb/agent/read_monitor.sv(44) @ 2055000: uvm_test_top.env_h.agent_h.monitor_h [FIFO_MON] Monitor transaction[206]
# +----------+-------+-----+----+-----+----+----+--------+--------+------+------+------+------+------+------+--------+--------+
# | SRC      | IDX   | RST | CS | REG | WR | RD | ADDR   | DATAIN | FULL | EMPTY| ALMF | ALME | OVFL | UDFL | DOUT   | RDATA  |
# +----------+-------+-----+----+-----+----+----+--------+--------+------+------+------+------+------+------+--------+--------+
# | MON      | 206   |  1  | 0  |  0  | 0  | 0  | 0x00   | 0x00   |  0   |   0  |  0   |  0   |  0   |  0   | 0xc1   | 0x00   |
# +----------+-------+-----+----+-----+----+----+--------+--------+------+------+------+------+------+------+--------+--------+
# UVM_INFO ../tb/agent/write_drv.sv(33) @ 2060000: uvm_test_top.env_h.agent_h.driver_h [FIFO_DRV] Driver transaction[207]
# +----------+-------+-----+----+-----+----+----+--------+--------+------+------+------+------+------+------+--------+--------+
# | SRC      | IDX   | RST | CS | REG | WR | RD | ADDR   | DATAIN | FULL | EMPTY| ALMF | ALME | OVFL | UDFL | DOUT   | RDATA  |
# +----------+-------+-----+----+-----+----+----+--------+--------+------+------+------+------+------+------+--------+--------+
# | DRV      | 207   |  1  | 0  |  0  | 0  | 0  | 0x00   | 0x00   |  0   |   0  |  0   |  0   |  0   |  0   | 0x00   | 0x00   |
# +----------+-------+-----+----+-----+----+----+--------+--------+------+------+------+------+------+------+--------+--------+
# UVM_INFO ../tb/env/reference_model.sv(158) @ 2065000: reporter [FIFO_REF] Reference model transaction[207]
# +----------+-------+-----+----+-----+----+----+--------+--------+------+------+------+------+------+------+--------+--------+
# | SRC      | IDX   | RST | CS | REG | WR | RD | ADDR   | DATAIN | FULL | EMPTY| ALMF | ALME | OVFL | UDFL | DOUT   | RDATA  |
# +----------+-------+-----+----+-----+----+----+--------+--------+------+------+------+------+------+------+--------+--------+
# | REF_IN   | 207   |  1  | 0  |  0  | 0  | 0  | 0x00   | 0x00   |  0   |   0  |  0   |  0   |  0   |  0   | 0xc1   | 0x00   |
# | REF_OUT  | 207   |  1  | 0  |  0  | 0  | 0  | 0x00   | 0x00   |  0   |   0  |  0   |  0   |  0   |  0   | 0xc1   | 0x00   |
# +----------+-------+-----+----+-----+----+----+--------+--------+------+------+------+------+------+------+--------+--------+
# State: old_occ=5 new_occ=5 af=6 ae=4 fill=5 clr_pulse=0
# UVM_INFO ../tb/env/scoreboard.sv(71) @ 2065000: uvm_test_top.env_h.scoreboard_h [FIFO_SB_CMP] Scoreboard compare[207]
# +----------+-------+-----+----+-----+----+----+--------+--------+------+------+------+------+------+------+--------+--------+
# | SRC      | IDX   | RST | CS | REG | WR | RD | ADDR   | DATAIN | FULL | EMPTY| ALMF | ALME | OVFL | UDFL | DOUT   | RDATA  |
# +----------+-------+-----+----+-----+----+----+--------+--------+------+------+------+------+------+------+--------+--------+
# | OBS      | 207   |  1  | 0  |  0  | 0  | 0  | 0x00   | 0x00   |  0   |   0  |  0   |  0   |  0   |  0   | 0xc1   | 0x00   |
# | EXP      | 207   |  1  | 0  |  0  | 0  | 0  | 0x00   | 0x00   |  0   |   0  |  0   |  0   |  0   |  0   | 0xc1   | 0x00   |
# +----------+-------+-----+----+-----+----+----+--------+--------+------+------+------+------+------+------+--------+--------+
# Result: PASS | pass_count=207 fail_count=0
# UVM_INFO ../tb/agent/read_monitor.sv(44) @ 2065000: uvm_test_top.env_h.agent_h.monitor_h [FIFO_MON] Monitor transaction[207]
# +----------+-------+-----+----+-----+----+----+--------+--------+------+------+------+------+------+------+--------+--------+
# | SRC      | IDX   | RST | CS | REG | WR | RD | ADDR   | DATAIN | FULL | EMPTY| ALMF | ALME | OVFL | UDFL | DOUT   | RDATA  |
# +----------+-------+-----+----+-----+----+----+--------+--------+------+------+------+------+------+------+--------+--------+
# | MON      | 207   |  1  | 0  |  0  | 0  | 0  | 0x00   | 0x00   |  0   |   0  |  0   |  0   |  0   |  0   | 0xc1   | 0x00   |
# +----------+-------+-----+----+-----+----+----+--------+--------+------+------+------+------+------+------+--------+--------+
# UVM_INFO ../tb/agent/write_drv.sv(33) @ 2070000: uvm_test_top.env_h.agent_h.driver_h [FIFO_DRV] Driver transaction[208]
# +----------+-------+-----+----+-----+----+----+--------+--------+------+------+------+------+------+------+--------+--------+
# | SRC      | IDX   | RST | CS | REG | WR | RD | ADDR   | DATAIN | FULL | EMPTY| ALMF | ALME | OVFL | UDFL | DOUT   | RDATA  |
# +----------+-------+-----+----+-----+----+----+--------+--------+------+------+------+------+------+------+--------+--------+
# | DRV      | 208   |  1  | 0  |  0  | 0  | 0  | 0x00   | 0x00   |  0   |   0  |  0   |  0   |  0   |  0   | 0x00   | 0x00   |
# +----------+-------+-----+----+-----+----+----+--------+--------+------+------+------+------+------+------+--------+--------+
# UVM_INFO ../tb/env/reference_model.sv(158) @ 2075000: reporter [FIFO_REF] Reference model transaction[208]
# +----------+-------+-----+----+-----+----+----+--------+--------+------+------+------+------+------+------+--------+--------+
# | SRC      | IDX   | RST | CS | REG | WR | RD | ADDR   | DATAIN | FULL | EMPTY| ALMF | ALME | OVFL | UDFL | DOUT   | RDATA  |
# +----------+-------+-----+----+-----+----+----+--------+--------+------+------+------+------+------+------+--------+--------+
# | REF_IN   | 208   |  1  | 0  |  0  | 0  | 0  | 0x00   | 0x00   |  0   |   0  |  0   |  0   |  0   |  0   | 0xc1   | 0x00   |
# | REF_OUT  | 208   |  1  | 0  |  0  | 0  | 0  | 0x00   | 0x00   |  0   |   0  |  0   |  0   |  0   |  0   | 0xc1   | 0x00   |
# +----------+-------+-----+----+-----+----+----+--------+--------+------+------+------+------+------+------+--------+--------+
# State: old_occ=5 new_occ=5 af=6 ae=4 fill=5 clr_pulse=0
# UVM_INFO ../tb/env/scoreboard.sv(71) @ 2075000: uvm_test_top.env_h.scoreboard_h [FIFO_SB_CMP] Scoreboard compare[208]
# +----------+-------+-----+----+-----+----+----+--------+--------+------+------+------+------+------+------+--------+--------+
# | SRC      | IDX   | RST | CS | REG | WR | RD | ADDR   | DATAIN | FULL | EMPTY| ALMF | ALME | OVFL | UDFL | DOUT   | RDATA  |
# +----------+-------+-----+----+-----+----+----+--------+--------+------+------+------+------+------+------+--------+--------+
# | OBS      | 208   |  1  | 0  |  0  | 0  | 0  | 0x00   | 0x00   |  0   |   0  |  0   |  0   |  0   |  0   | 0xc1   | 0x00   |
# | EXP      | 208   |  1  | 0  |  0  | 0  | 0  | 0x00   | 0x00   |  0   |   0  |  0   |  0   |  0   |  0   | 0xc1   | 0x00   |
# +----------+-------+-----+----+-----+----+----+--------+--------+------+------+------+------+------+------+--------+--------+
# Result: PASS | pass_count=208 fail_count=0
# UVM_INFO ../tb/agent/read_monitor.sv(44) @ 2075000: uvm_test_top.env_h.agent_h.monitor_h [FIFO_MON] Monitor transaction[208]
# +----------+-------+-----+----+-----+----+----+--------+--------+------+------+------+------+------+------+--------+--------+
# | SRC      | IDX   | RST | CS | REG | WR | RD | ADDR   | DATAIN | FULL | EMPTY| ALMF | ALME | OVFL | UDFL | DOUT   | RDATA  |
# +----------+-------+-----+----+-----+----+----+--------+--------+------+------+------+------+------+------+--------+--------+
# | MON      | 208   |  1  | 0  |  0  | 0  | 0  | 0x00   | 0x00   |  0   |   0  |  0   |  0   |  0   |  0   | 0xc1   | 0x00   |
# +----------+-------+-----+----+-----+----+----+--------+--------+------+------+------+------+------+------+--------+--------+
# UVM_INFO ../tb/agent/write_drv.sv(33) @ 2080000: uvm_test_top.env_h.agent_h.driver_h [FIFO_DRV] Driver transaction[209]
# +----------+-------+-----+----+-----+----+----+--------+--------+------+------+------+------+------+------+--------+--------+
# | SRC      | IDX   | RST | CS | REG | WR | RD | ADDR   | DATAIN | FULL | EMPTY| ALMF | ALME | OVFL | UDFL | DOUT   | RDATA  |
# +----------+-------+-----+----+-----+----+----+--------+--------+------+------+------+------+------+------+--------+--------+
# | DRV      | 209   |  1  | 0  |  0  | 0  | 0  | 0x00   | 0x00   |  0   |   0  |  0   |  0   |  0   |  0   | 0x00   | 0x00   |
# +----------+-------+-----+----+-----+----+----+--------+--------+------+------+------+------+------+------+--------+--------+
# UVM_INFO verilog_src/uvm-1.2/src/base/uvm_objection.svh(1270) @ 2080000: reporter [TEST_DONE] 'run' phase is ready to proceed to the 'extract' phase
# UVM_INFO ../tb/env/scoreboard.sv(89) @ 2080000: uvm_test_top.env_h.scoreboard_h [fifo_scoreboard] Scoreboard checked 208 samples with no mismatches. pass_count=208 fail_count=0
# UVM_INFO verilog_src/uvm-1.2/src/base/uvm_report_server.svh(847) @ 2080000: reporter [UVM/REPORT/SERVER] 
# --- UVM Report Summary ---
# 
# ** Report counts by severity
# UVM_INFO :  839
# UVM_WARNING :    0
# UVM_ERROR :    0
# UVM_FATAL :    0
# ** Report counts by id
# [FIFO_DRV]   209
# [FIFO_MON]   208
# [FIFO_REF]   208
# [FIFO_SB_CMP]   208
# [Questa UVM]     2
# [RNTST]     1
# [TEST_DONE]     1
# [UVM/RELNOTES]     1
# [fifo_scoreboard]     1
# 
# ** Note: $finish    : C:/questasim64_10.7c/win64/../verilog_src/uvm-1.2/src/base/uvm_root.svh(517)
#    Time: 2080 ns  Iteration: 76  Instance: /top
# End time: 15:24:54 on Apr 22,2026, Elapsed time: 0:00:05
# Errors: 0, Warnings: 1
